ticker,permno,first_year,last_year,rows
10001,10001,1993,2017,5666
10002,10002,1993,2013,3873
10003,10003,1993,1995,665
10009,10009,1993,2000,1347
10010,10010,1993,1995,670
10011,10011,1993,1998,1287
10012,10012,1993,2005,3159
10016,10016,1993,2001,2103
10018,10018,1993,1995,198
10019,10019,1993,2002,2331
10020,10020,1993,1993,83
10021,10021,1993,1995,242
10025,10025,1993,2017,6002
10026,10026,1993,2020,7041
10028,10028,1993,2020,5735
10032,10032,1993,2020,7046
10035,10035,1993,2003,2764
10037,10037,1993,2004,2719
10039,10039,1993,2001,1134
10042,10042,1993,2008,3823
10043,10043,1993,1999,1424
10044,10044,1993,2020,6670
10046,10046,1993,1995,361
10047,10047,1993,1995,323
10048,10048,1993,1999,1700
10051,10051,1993,2020,6411
10055,10055,1993,1995,667
10056,10056,1993,2006,3023
10057,10057,1993,1996,884
10059,10059,1993,1994,324
10060,10060,1993,1998,1384
10062,10062,1993,1999,1658
10063,10063,1993,1993,132
10064,10064,1993,1997,1069
10065,10065,1993,2020,7051
10066,10066,1999,2002,799
10071,10071,1993,1997,1178
10074,10074,1993,1996,744
10075,10075,1993,1999,1649
10077,10077,1993,1994,180
10078,10078,1993,2010,4295
10079,10079,1993,1995,469
10080,10080,1993,2003,955
10082,10082,1993,1995,678
10083,10083,1993,1993,169
10084,10084,1993,1994,133
10085,10085,1993,2006,3298
10086,10086,1993,1994,268
10087,10087,1993,2000,1867
10089,10089,1993,2005,2945
10090,10090,1993,1995,641
10092,10092,1993,2010,4179
10094,10094,1993,1997,1249
10095,10095,1993,1994,503
10097,10097,1993,1996,832
10100,10100,1993,2013,3601
10104,10104,1993,2020,7047
10106,10106,1993,1995,416
10107,10107,1993,2020,7046
10108,10108,1993,2005,3177
10113,10113,2010,2020,2326
10114,10114,1993,2004,2936
10116,10116,1993,2017,4187
10119,10119,1993,2007,3711
10120,10120,1993,1998,1346
10122,10122,1993,2002,2421
10123,10123,1993,2002,2346
10126,10126,1993,2000,1873
10127,10127,1993,2002,1024
10128,10128,1994,2001,1624
10130,10130,1993,1999,809
10136,10136,1993,1996,762
10137,10137,1993,2011,4572
10138,10138,1993,2020,7048
10140,10140,1993,1998,1346
10141,10141,1993,1996,869
10142,10142,1993,2000,1111
10143,10143,1993,2010,4388
10145,10145,1993,2020,7051
10147,10147,1993,2016,5963
10149,10149,1993,2002,2178
10150,10150,1993,1998,922
10154,10154,1993,1996,670
10155,10155,1993,2001,2086
10157,10157,1993,1996,1001
10158,10158,2010,2020,2631
10160,10160,1993,2003,1395
10161,10161,1993,1993,221
10163,10163,1993,2012,4877
10170,10170,1993,2003,2277
10173,10173,1993,1996,375
10174,10174,1993,1993,35
10175,10175,1993,1997,973
10177,10177,1993,2003,2356
10178,10178,1993,1999,1545
10179,10179,1993,1997,1202
10180,10180,1993,2020,6274
10182,10182,1993,2020,6920
10185,10185,1993,1999,1739
10187,10187,1993,1998,1154
10192,10192,1993,2001,2141
10193,10193,1993,1994,74
10194,10194,1993,2000,1088
10195,10195,1993,2003,1586
10199,10199,1993,1998,1324
10200,10200,1993,2020,7050
10201,10201,2010,2020,2630
10203,10203,1993,1993,118
10205,10205,1993,2010,4295
10207,10207,1993,2020,7026
10211,10211,1993,2006,3277
10212,10212,1993,1996,881
10213,10213,1993,1996,1000
10214,10214,1993,1998,887
10216,10216,1993,2001,2081
10218,10218,1993,1999,1411
10220,10220,2010,2020,2624
10222,10222,1993,1996,692
10223,10223,2010,2014,928
10224,10224,1993,1993,97
10225,10225,1993,2014,5370
10230,10230,1993,2001,2225
10231,10231,1993,1997,961
10232,10232,1993,2020,4664
10235,10235,1993,2001,2158
10238,10238,1993,2008,3791
10239,10239,1993,2020,6374
10242,10242,1993,1998,1420
10243,10243,1993,1995,295
10244,10244,1993,2002,2273
10246,10246,1993,1996,635
10247,10247,1993,1999,1755
10248,10248,1993,1996,700
10250,10250,1993,1997,983
10252,10252,1993,2020,7046
10253,10253,2004,2020,4199
10256,10256,1993,2001,2077
10257,10257,1993,2020,6756
10258,10258,1993,2020,7050
10259,10259,1993,2018,6457
10261,10261,1993,1994,173
10266,10266,1993,1994,384
10271,10271,1993,2008,3416
10272,10272,1993,2012,4773
10275,10275,1993,2004,2987
10278,10278,1993,1998,1323
10281,10281,1993,1998,1349
10282,10282,1993,1996,791
10286,10286,1993,1997,311
10290,10290,1993,2012,4843
10294,10294,1993,2020,3422
10296,10296,1993,1994,495
10297,10297,1993,2017,5180
10299,10299,1993,2017,6088
10302,10302,1993,2020,6870
10303,10303,1996,2000,781
10304,10304,1993,2010,4339
10307,10307,1993,2000,1650
10308,10308,1993,2020,6514
10309,10309,1993,1999,1121
10316,10316,1993,1993,68
10318,10318,1993,2020,6668
10319,10319,1993,1994,329
10324,10324,1993,2011,4600
10325,10325,1993,2001,2113
10326,10326,1993,1996,875
10328,10328,1993,1997,1115
10333,10333,1993,2020,7049
10337,10337,1993,1996,192
10338,10338,1993,1993,9
10339,10339,1993,1995,137
10341,10341,1993,2004,2585
10342,10342,1993,2006,2625
10343,10343,1993,1996,1010
10344,10344,1993,1994,310
10346,10346,1993,2002,1938
10350,10350,1993,1993,62
10351,10351,1993,1996,721
10352,10352,1993,1996,740
10353,10353,1993,2016,4603
10355,10355,1993,2020,3869
10358,10358,1993,1995,485
10360,10360,1993,1999,1655
10361,10361,1993,1996,395
10362,10362,1993,2006,3324
10363,10363,1993,2020,6955
10364,10364,1993,1999,1737
10366,10366,1993,1994,85
10371,10371,1993,2010,4247
10375,10375,1993,2019,6692
10376,10376,1993,1997,485
10382,10382,1993,2020,7040
10383,10383,1993,2008,3865
10384,10384,1996,1997,251
10386,10386,1993,1999,1573
10388,10388,1993,2003,2539
10390,10390,1993,1997,160
10392,10392,1993,1993,250
10393,10393,1993,1995,365
10394,10394,1993,1997,888
10395,10395,1993,2019,6206
10397,10397,1993,2020,7049
10398,10398,1993,2000,1840
10401,10401,1993,2005,3247
10404,10404,1993,2010,4500
10406,10406,1993,1999,1589
10407,10407,1993,1998,883
10410,10410,1993,2000,1936
10411,10411,1993,1997,1083
10412,10412,1993,2000,1773
10414,10414,1993,1994,291
10415,10415,1993,1994,265
10418,10418,1993,2004,2597
10419,10419,1993,1996,954
10421,10421,1993,2020,7049
10422,10422,1993,2001,2145
10423,10423,1993,2001,2003
10425,10425,1993,1998,1114
10426,10426,1993,1995,434
10429,10429,1993,1994,430
10431,10431,1993,1993,8
10432,10432,1993,1993,184
10434,10434,1993,1997,1255
10438,10438,1993,1996,488
10439,10439,1993,2000,1759
10442,10442,1993,2000,1606
10443,10443,1993,2020,5672
10446,10446,1993,1999,1025
10449,10449,1993,2002,2102
10451,10451,1993,1997,1042
10453,10453,1993,2005,1178
10454,10454,1993,1993,62
10455,10455,1993,1998,1299
10456,10456,1993,2000,1725
10457,10457,1993,1997,717
10458,10458,1993,1998,1394
10460,10460,1993,1997,1156
10461,10461,1993,1998,1410
10462,10462,1993,1997,1107
10463,10463,1993,2020,7047
10467,10467,1993,2002,2389
10476,10476,1993,1993,61
10481,10481,1993,1994,380
10484,10484,1993,2001,2051
10488,10488,1993,2006,2089
10493,10493,1993,1995,709
10494,10494,1993,1998,1382
10496,10496,1993,1996,851
10500,10500,1993,1995,394
10501,10501,1993,2020,6758
10506,10506,1993,1998,1242
10507,10507,1993,2014,5455
10513,10513,1993,2000,1859
10514,10514,1993,2020,6923
10515,10515,1993,1998,1477
10516,10516,1993,2020,7051
10517,10517,1993,2020,5658
10519,10519,1993,1993,46
10520,10520,1993,1994,255
10527,10527,1993,1999,1424
10530,10530,1993,2020,7046
10531,10531,1993,2000,1938
10536,10536,1993,2001,1041
10537,10537,1993,1995,717
10542,10542,1993,1993,57
10544,10544,1993,1995,684
10545,10545,1993,2000,1893
10546,10546,1993,1993,72
10547,10547,1993,2020,6868
10550,10550,1993,2020,6709
10551,10551,1993,1997,980
10555,10555,1993,1995,664
10557,10557,1993,1994,326
10560,10560,1993,2007,3699
10561,10561,1993,1995,672
10562,10562,1993,2009,4048
10563,10563,1993,2010,4267
10564,10564,1993,2002,2337
10566,10566,1993,1997,852
10568,10568,1993,2011,2506
10569,10569,1993,1996,978
10571,10571,1993,2003,2396
10572,10572,1993,1998,1317
10573,10573,1993,1997,792
10574,10574,1993,2008,3906
10578,10578,1993,1995,343
10580,10580,1993,1995,595
10581,10581,1993,1994,354
10586,10586,1993,2008,2542
10588,10588,1993,2003,2309
10594,10594,1993,2002,2270
10596,10596,1993,1997,940
10597,10597,1993,2010,4120
10598,10598,1993,1999,1146
10603,10603,1993,1999,1470
10604,10604,1993,2000,1841
10605,10605,1993,1999,1262
10606,10606,1993,2020,7050
10608,10608,1993,1997,748
10610,10610,1993,1995,720
10611,10611,1993,1998,1446
10622,10622,1993,2004,1382
10623,10623,1993,2007,3694
10624,10624,1993,2000,1642
10628,10628,1993,2001,1721
10629,10629,1993,2020,7007
10630,10630,1993,1994,205
10632,10632,1993,1995,464
10633,10633,1993,1996,575
10634,10634,1993,1996,901
10636,10636,1993,1995,536
10637,10637,1993,2002,1836
10638,10638,1993,2010,4048
10644,10644,1993,2013,5242
10645,10645,1993,2020,6710
10646,10646,1993,1997,1228
10649,10649,1993,2020,6789
10650,10650,1993,2006,1595
10651,10651,1993,1994,268
10652,10652,1993,1993,12
10654,10654,1993,1997,874
10656,10656,1993,2019,6435
10657,10657,1993,2007,3563
10658,10658,1993,2000,1407
10659,10659,1993,2015,5446
10660,10660,1993,1993,1
10661,10661,1993,2020,6877
10664,10664,1993,1995,62
10667,10667,1993,2016,5895
10669,10669,1993,1995,625
10670,10670,1993,1995,506
10675,10675,1993,1998,965
10676,10676,1993,1995,393
10680,10680,1993,2003,2228
10682,10682,1993,2007,2784
10683,10683,1993,1996,774
10684,10684,1993,1994,109
10685,10685,1994,2001,1789
10687,10687,1993,1994,273
10688,10688,1993,1997,1018
10689,10689,1993,1993,2
10691,10691,1993,2005,3103
10693,10693,1993,2020,6141
10696,10696,1993,2020,7049
10697,10697,1993,1994,344
10702,10702,1993,1995,658
10704,10704,1993,1997,980
10705,10705,1993,1994,447
10706,10706,1993,1999,1480
10709,10709,1993,2008,3291
10710,10710,1993,1994,267
10713,10713,1993,1999,1492
10714,10714,1993,1997,1131
10715,10715,1993,1995,276
10716,10716,1994,1998,1009
10718,10718,1993,1995,402
10721,10721,1993,1997,1004
10724,10724,1993,1997,1113
10725,10725,1993,2004,2938
10726,10726,1994,2001,1390
10730,10730,1993,1996,662
10731,10731,1993,2000,1868
10733,10733,1993,1995,250
10738,10738,1993,1998,1283
10739,10739,1993,1994,504
10743,10743,1993,1993,132
10745,10745,1993,2001,1401
10749,10749,1993,2001,896
10750,10750,1993,2001,2015
10752,10752,1993,2000,2011
10753,10753,1993,2001,2041
10755,10755,1993,2001,2187
10757,10757,1993,1998,1216
10758,10758,1993,1993,11
10761,10761,1993,2004,2419
10762,10762,1993,1994,415
10765,10765,1993,1995,750
10768,10768,1993,1996,767
10769,10769,1993,2012,3740
10770,10770,1993,1997,856
10771,10771,1993,1994,97
10772,10772,1993,2013,3032
10774,10774,1993,1994,304
10775,10775,1993,1998,1403
10777,10777,1993,2020,6953
10779,10779,1993,2020,6282
10780,10780,1993,2002,2225
10781,10781,1993,2020,4972
10783,10783,1993,1993,206
10785,10785,1993,2010,4184
10786,10786,1993,2002,2377
10788,10788,1993,1994,259
10790,10790,1993,2000,1829
10791,10791,1993,2005,3237
10792,10792,1993,1993,162
10799,10799,1993,1997,712
10800,10800,1993,2001,2042
10803,10803,1993,1999,1742
10806,10806,1993,2001,1794
10809,10809,1993,1997,1045
10812,10812,1993,2020,7021
10814,10814,1993,1997,799
10818,10818,1993,1999,1740
10820,10820,1993,1995,538
10821,10821,1993,1999,1007
10822,10822,1993,2011,3506
10823,10823,1993,1998,1365
10825,10825,1993,2010,4446
10827,10827,1993,1995,635
10828,10828,1993,2004,2555
10830,10830,1993,1997,740
10833,10833,1993,1994,233
10834,10834,1993,1996,929
10835,10835,1993,1995,591
10837,10837,1993,1998,1430
10838,10838,1993,2019,6650
10839,10839,1993,1993,110
10841,10841,1993,1994,190
10842,10842,1993,1995,607
10843,10843,1993,2007,3673
10845,10845,1993,1995,619
10847,10847,1993,1999,1367
10849,10849,1993,1994,277
10851,10851,1993,1995,141
10853,10853,1993,2016,5799
10854,10854,1993,1998,1290
10857,10857,1993,2000,1823
10860,10860,1993,2020,7049
10862,10862,1993,1996,797
10863,10863,1993,2001,1785
10866,10866,1993,2020,7051
10867,10867,1993,1995,690
10869,10869,1993,1993,58
10870,10870,1993,1998,1486
10872,10872,1993,1994,331
10873,10873,1993,1997,838
10874,10874,1993,2020,7051
10875,10875,1993,1996,731
10876,10876,1993,2004,2757
10878,10878,1993,1998,1069
10879,10879,1993,1997,1147
10880,10880,1993,1996,689
10881,10881,1993,2007,3470
10886,10886,1993,2020,7018
10888,10888,1993,1994,118
10889,10889,1993,1999,1509
10890,10890,1993,2020,7051
10892,10892,1993,2020,7038
10893,10893,1993,1997,1097
10897,10897,1993,1995,250
10901,10901,1993,2020,6026
10902,10902,1996,2000,810
10905,10905,1993,1998,778
10906,10906,1993,2005,3062
10908,10908,1993,2004,2438
10909,10909,1993,2020,7051
10910,10910,1993,1993,56
10913,10913,1993,2018,5905
10914,10914,1993,1997,1156
10916,10916,1993,2007,3092
10924,10924,1993,2009,3673
10926,10926,1993,2006,2855
10928,10928,1993,2002,2425
10929,10929,1993,1999,1552
10931,10931,1993,1995,703
10932,10932,1993,2020,7041
10933,10933,1993,2020,7032
10935,10935,1993,2005,2963
10937,10937,1993,2006,1024
10941,10941,1993,1995,753
10942,10942,1993,2013,3886
10950,10950,1993,1994,113
10952,10952,1993,2020,5472
10957,10957,1993,1997,1132
10959,10959,1993,1995,557
10961,10961,1993,2002,2316
10963,10963,1993,2000,1981
10964,10964,1993,1993,61
10965,10965,1993,1995,545
10966,10966,1993,2020,4133
10967,10967,1993,1996,780
10968,10968,1993,1993,20
10969,10969,1993,1996,584
10972,10972,1993,2004,1296
10974,10974,1993,2008,2547
10976,10976,1993,1993,115
10977,10977,1993,2004,2233
10978,10978,1993,1998,1410
10981,10981,1993,1994,325
10983,10983,1993,1995,545
10984,10984,1993,2006,2781
10986,10986,1993,1995,602
10987,10987,1996,2002,1495
10989,10989,1993,2000,1959
10991,10991,1993,1993,12
10992,10992,1993,1993,25
10993,10993,1993,1994,347
10994,10994,1993,2009,4160
10995,10995,1993,1994,333
10998,10998,1993,1996,980
10999,10999,1993,2004,2865
11000,11000,1993,1998,1453
11001,11001,1993,1996,795
11003,11003,2010,2018,2024
11004,11004,1993,1995,595
11005,11005,1993,2002,1700
11006,11006,1993,2020,5549
11010,11010,1993,1993,102
11011,11011,1993,1994,186
11012,11012,1993,2002,1449
11014,11014,1993,1996,855
11018,11018,1993,2020,7049
11019,11019,1993,1993,201
11020,11020,1993,1999,1730
11022,11022,1993,1994,425
11028,11028,1993,1997,1209
11031,11031,1993,1996,547
11035,11035,1993,1995,709
11036,11036,1993,1998,720
11037,11037,1993,1996,899
11038,11038,1993,2012,4950
11040,11040,1993,2001,2051
11041,11041,1993,1996,885
11042,11042,1993,2002,2406
11043,11043,1993,2020,6945
11045,11045,1993,1997,1135
11046,11046,1993,1994,233
11048,11048,1993,2010,2418
11053,11053,1993,1994,133
11054,11054,1993,2004,2749
11055,11055,1993,2002,1958
11056,11056,1993,2014,5348
11057,11057,1993,1999,1571
11059,11059,1993,1994,28
11064,11064,1993,1998,1262
11065,11065,1993,1996,840
11066,11066,1993,1997,1062
11072,11072,1993,2000,1798
11077,11077,1993,2015,5612
11078,11078,1993,1997,831
11081,11081,1993,2013,5240
11082,11082,1993,2006,1381
11083,11083,1993,1993,217
11086,11086,1993,1993,119
11087,11087,1993,1993,189
11088,11088,1993,2000,1903
11091,11091,1993,1994,109
11095,11095,1993,2003,1345
11099,11099,1993,1995,135
11100,11100,1993,1999,1433
11103,11103,1993,1999,1719
11106,11106,1993,2001,2068
11109,11109,1993,1995,489
11118,11118,1993,1993,40
11119,11119,1993,1998,1450
11120,11120,1993,1998,1316
11122,11122,1993,1999,1617
11123,11123,1993,1994,51
11124,11124,1993,1998,1337
11127,11127,1993,2000,1884
11131,11131,1993,2015,4742
11132,11132,1993,2012,4814
11134,11134,1993,1994,323
11136,11136,1993,1999,1392
11137,11137,1993,2012,4749
11138,11138,1993,2004,2677
11139,11139,1993,2003,1876
11140,11140,1993,1997,494
11141,11141,1993,1998,1255
11144,11144,1993,2020,6626
11145,11145,1993,1993,45
11146,11146,1993,1996,422
11147,11147,1993,1993,247
11152,11152,1993,1999,1439
11154,11154,1993,2020,7051
11157,11157,1993,2013,4586
11159,11159,1993,2003,2671
11161,11161,1993,2010,2094
11162,11162,1993,2010,4290
11168,11168,1993,1999,1448
11170,11170,1993,2000,1817
11174,11174,1993,2020,6987
11178,11178,1993,1998,440
11181,11181,1993,1998,1303
11183,11183,1993,2006,3001
11184,11184,1993,1996,757
11185,11185,1999,2007,1312
11186,11186,1993,1997,742
11187,11187,1993,2001,1719
11189,11189,1993,1993,44
11192,11192,1993,1999,1608
11194,11194,1993,2004,1353
11197,11197,1993,2001,2125
11198,11198,1993,2000,1550
11202,11202,1993,1995,742
11203,11203,1993,2020,7032
11207,11207,1993,1995,645
11208,11208,1993,2020,6984
11209,11209,1993,1995,678
11211,11211,1993,1996,942
11212,11212,1993,1995,565
11214,11214,1993,2001,2202
11215,11215,1993,1998,1308
11216,11216,1993,2005,2069
11217,11217,1994,1996,430
11220,11220,1993,1995,376
11221,11221,1993,1996,965
11223,11223,1993,1994,281
11225,11225,1993,1999,1239
11230,11230,1993,2002,2305
11232,11232,1993,1995,410
11233,11233,1993,1995,643
11235,11235,1993,1994,51
11241,11241,1993,1995,513
11246,11246,1993,2017,4597
11251,11251,1993,1993,19
11256,11256,1993,1994,209
11257,11257,1993,1996,903
11259,11259,1993,1995,329
11260,11260,1993,1998,1482
11262,11262,1993,2005,1452
11263,11263,1993,1998,658
11265,11265,1993,1997,790
11267,11267,1993,2020,7050
11269,11269,1993,1994,484
11274,11274,1993,1998,586
11275,11275,2019,2020,305
11276,11276,1993,1993,25
11277,11277,1993,2004,2646
11278,11278,1993,2008,3759
11282,11282,1993,1993,60
11283,11283,1993,1999,1699
11285,11285,1993,2020,6246
11290,11290,1993,1994,188
11291,11291,1993,2001,2086
11292,11292,1993,2020,6298
11293,11293,1993,2020,6935
11297,11297,1993,1994,211
11300,11300,1993,1998,537
11303,11303,1993,1995,332
11306,11306,1993,2009,3478
11307,11307,1993,1993,199
11308,11308,1993,2020,7051
11312,11312,1993,1997,341
11313,11313,1993,1997,1085
11314,11314,1993,1997,695
11315,11315,1993,2005,2952
11318,11318,1993,2004,2841
11321,11321,1993,1996,878
11322,11322,1993,1999,925
11323,11323,1993,1994,313
11326,11326,1993,1997,1233
11327,11327,1993,1994,403
11328,11328,1993,1994,299
11330,11330,1993,1995,413
11334,11334,1993,1995,551
11335,11335,1993,1999,1704
11336,11336,1993,1993,188
11338,11338,1993,1999,1522
11339,11339,1993,1997,1133
11340,11340,1993,2000,1979
11342,11342,1993,2003,2563
11343,11343,1993,2020,7032
11344,11344,1993,1996,728
11345,11345,1993,1997,1180
11346,11346,1993,1999,1563
11347,11347,1993,2007,3543
11348,11348,1993,2020,6690
11350,11350,1993,1998,1195
11352,11352,1993,1994,238
11353,11353,1993,2007,3721
11357,11357,1993,1999,1743
11358,11358,1993,2005,2687
11361,11361,2010,2020,2538
11362,11362,1993,2000,1865
11364,11364,1993,1995,475
11365,11365,1993,2001,2181
11366,11366,1993,1996,956
11368,11368,1993,2020,5905
11369,11369,1993,2020,6999
11370,11370,2010,2020,2626
11371,11371,1993,2005,3041
11372,11372,1993,1997,930
11373,11373,1993,2000,1684
11377,11377,1993,1998,1439
11378,11378,1993,2018,6341
11379,11379,1993,2020,7037
11381,11381,1994,2004,2416
11382,11382,1993,2013,5247
11384,11384,1993,2007,3762
11385,11385,1993,1998,1309
11389,11389,1993,2008,3521
11393,11393,1993,2011,2838
11394,11394,1993,2020,7026
11396,11396,1993,2009,1639
11397,11397,1993,2020,6669
11401,11401,1993,2003,2556
11402,11402,2007,2012,1279
11403,11403,1993,2020,7050
11404,11404,1993,2020,7051
11405,11405,1993,1998,1363
11406,11406,1993,2011,4626
11409,11409,1993,1998,1214
11411,11411,1993,2006,3515
11414,11414,1993,2000,519
11415,11415,1993,2008,4023
11416,11416,1993,1999,1437
11417,11417,1993,1993,96
11422,11422,1993,1994,421
11424,11424,1993,1994,343
11425,11425,1993,2000,1804
11426,11426,1993,2011,4332
11430,11430,1993,1997,1199
11437,11437,1993,1995,619
11441,11441,1993,2020,3467
11442,11442,1993,2020,6684
11449,11449,1993,2001,1935
11450,11450,1993,1998,1472
11452,11452,1993,1996,994
11453,11453,1993,1993,240
11456,11456,1993,2011,4612
11458,11458,1993,1997,963
11459,11459,1993,1998,1354
11462,11462,1993,1996,715
11465,11465,1993,1999,1668
11466,11466,1993,1994,418
11468,11468,1993,1999,1308
11470,11470,1993,1993,202
11473,11473,1993,2005,3028
11475,11475,1993,1998,1359
11476,11476,1993,1997,1046
11477,11477,1993,1998,1372
11478,11478,1993,2013,5268
11479,11479,1993,1995,340
11480,11480,1993,1996,777
11481,11481,1993,2020,6761
11483,11483,1993,2005,3021
11484,11484,1993,2000,1839
11485,11485,1993,2005,2938
11486,11486,1993,2006,2853
11489,11489,1993,1993,78
11490,11490,1993,2002,2412
11492,11492,1993,1998,1334
11493,11493,1993,2008,2720
11496,11496,1993,1999,1418
11497,11497,1993,1994,238
11499,11499,1993,2020,6728
11502,11502,1993,1997,1137
11504,11504,1993,1996,154
11506,11506,1993,2012,3201
11508,11508,1993,1993,180
11509,11509,1993,2008,3961
11510,11510,1993,2011,4192
11511,11511,1993,2020,1442
11513,11513,1993,2014,3822
11515,11515,1993,1994,348
11516,11516,1993,1994,400
11518,11518,1993,1999,937
11522,11522,1993,2000,1935
11525,11525,1993,1996,638
11529,11529,1993,1993,14
11531,11531,1993,2006,3470
11532,11532,1993,1994,274
11533,11533,1993,2020,7010
11534,11534,1993,1999,1618
11538,11538,1993,1993,172
11539,11539,1993,1999,873
11541,11541,1993,1998,1460
11545,11545,1993,2002,2192
11547,11547,1993,2020,7047
11552,11552,1993,2019,6770
11553,11553,1993,1997,811
11554,11554,1993,1997,1254
11556,11556,1993,1994,212
11558,11558,1993,1998,1324
11559,11559,1993,1993,52
11560,11560,1993,1994,183
11561,11561,1993,1999,1496
11562,11562,1993,1998,1138
11565,11565,2001,2020,4265
11566,11566,1993,1995,508
11568,11568,1993,1998,669
11571,11571,1993,1999,1762
11574,11574,1993,2004,2794
11575,11575,1993,1993,10
11581,11581,1993,2020,7039
11587,11587,1993,2020,6571
11588,11588,1993,1994,252
11590,11590,1993,1999,1470
11591,11591,1993,1998,1358
11593,11593,1993,2020,5625
11595,11595,1993,1995,670
11596,11596,1993,1998,1196
11598,11598,1993,1997,693
11599,11599,1993,2014,5377
11600,11600,1993,2020,7049
11601,11601,1993,1999,1705
11604,11604,1993,1993,70
11607,11607,1993,2006,3317
11614,11614,1993,2001,2215
11618,11618,1993,2020,7049
11622,11622,1993,2006,2608
11624,11624,1993,2004,2850
11625,11625,1993,2007,2497
11626,11626,1993,1994,432
11628,11628,1993,2020,6658
11630,11630,1993,2001,2062
11631,11631,1993,2001,2122
11634,11634,1993,2006,3524
11635,11635,1993,1993,113
11636,11636,1993,2020,6342
11638,11638,1993,2019,6277
11639,11639,1993,1993,63
11641,11641,1993,2017,6113
11642,11642,1993,2002,1735
11643,11643,1993,2005,1663
11644,11644,1993,2020,7051
11646,11646,1993,2005,2134
11647,11647,1993,2004,1320
11651,11651,1993,1998,1355
11652,11652,1993,2012,2941
11653,11653,1993,2002,2512
11654,11654,1993,2020,6793
11656,11656,1993,2008,3190
11660,11660,1993,1998,1200
11661,11661,1993,1996,762
11662,11662,1993,2000,1862
11663,11663,1993,2006,2995
11664,11664,2010,2020,2631
11665,11665,1993,2004,2752
11668,11668,1993,1996,961
11669,11669,1993,1995,493
11670,11670,1993,1993,23
11671,11671,1993,2005,3066
11673,11673,1993,1995,583
11674,11674,1993,2020,7051
11675,11675,1993,1995,734
11677,11677,1993,1999,742
11678,11678,1993,2004,2821
11681,11681,1993,2006,3254
11687,11687,1993,1997,406
11689,11689,1993,2003,2466
11691,11691,1993,2020,7050
11692,11692,1993,1993,151
11694,11694,1993,2003,2288
11700,11700,1993,1993,13
11701,11701,1993,2020,7050
11702,11702,1993,1996,855
11703,11703,1993,2017,6212
11704,11704,1993,1996,915
11705,11705,1993,2006,1775
11706,11706,1993,1994,372
11707,11707,1993,2019,6697
11710,11710,1993,1994,153
11713,11713,1993,2008,3787
11714,11714,1993,1998,1133
11716,11716,1993,1997,636
11718,11718,1993,1993,167
11720,11720,1993,1994,451
11723,11723,1993,2001,2188
11725,11725,1993,1997,423
11726,11726,1993,1997,1189
11727,11727,1993,1999,1511
11728,11728,1993,2003,2230
11729,11729,1993,1996,948
11731,11731,1993,2020,7051
11739,11739,1996,2009,1688
11740,11740,1993,1996,562
11742,11742,1993,1996,256
11743,11743,1993,1993,62
11744,11744,1993,1993,120
11745,11745,1993,2008,2845
11747,11747,1993,1999,1512
11748,11748,1993,2020,4019
11749,11749,1993,1994,304
11750,11750,1993,2017,5901
11752,11752,1993,2020,6917
11754,11754,1993,2012,4796
11757,11757,1993,2001,2197
11760,11760,1993,2002,2371
11761,11761,1993,2001,2089
11762,11762,1993,2020,7051
11764,11764,1993,1998,1405
11765,11765,1993,1995,252
11773,11773,1993,1997,1063
11775,11775,1993,2020,6831
11776,11776,1993,1994,306
11779,11779,1993,1994,464
11781,11781,1993,2015,5014
11783,11783,1993,1996,108
11784,11784,1993,1995,259
11785,11785,1993,2002,2386
11786,11786,1993,2020,7032
11790,11790,1993,2020,6869
11792,11792,1993,1993,95
11794,11794,1993,2005,2238
11796,11796,1993,2000,1856
11802,11802,1993,1997,1161
11803,11803,1993,2020,5034
11805,11805,1993,2005,2747
11808,11808,1993,2003,2379
11809,11809,1993,2020,7019
11811,11811,1993,2001,2016
11819,11819,1993,2001,2142
11820,11820,1995,1997,352
11822,11822,1993,1993,105
11823,11823,1993,2009,4127
11825,11825,1993,2020,7027
11828,11828,1993,1994,487
11831,11831,1993,1997,951
11833,11833,1993,2004,2960
11835,11835,1993,1995,596
11838,11838,1993,1995,491
11839,11839,1993,2013,3337
11840,11840,1997,2002,1304
11844,11844,1993,2020,6823
11845,11845,1993,2020,7044
11847,11847,1993,2011,2373
11849,11849,1993,1999,1588
11850,11850,1993,2020,7051
11851,11851,1993,2005,1316
11853,11853,1993,2000,1928
11854,11854,1993,1999,1492
11858,11858,1993,1993,249
11861,11861,1993,1998,1244
11862,11862,1993,1994,183
11864,11864,1993,1994,301
11866,11866,1993,2012,4427
11868,11868,1993,1998,1283
11873,11873,1993,2010,4301
11874,11874,1993,2000,1940
11878,11878,1993,1997,1262
11879,11879,1993,1999,1465
11881,11881,1993,2009,3742
11883,11883,1993,1997,848
11884,11884,1993,2020,6885
11887,11887,1993,2006,3396
11888,11888,1993,1997,1233
11891,11891,1993,2020,7051
11895,11895,1993,2002,2469
11896,11896,1993,2020,6792
11898,11898,1993,2009,2509
11899,11899,1993,2004,2691
11901,11901,1993,2005,2975
11903,11903,1993,2012,4568
11908,11908,1993,2010,4484
11910,11910,1993,2010,4511
11911,11911,1993,1998,1301
11912,11912,1993,1994,306
11913,11913,1993,1997,1197
11917,11917,1993,2010,4507
11918,11918,1993,1999,1232
11921,11921,1993,1997,1163
11923,11923,1993,2010,4420
11927,11927,1993,2008,3826
11928,11928,1993,1999,1682
11929,11929,1993,1997,1173
11932,11932,1993,1995,684
11933,11933,1993,1995,623
11934,11934,1993,1998,1321
11936,11936,1993,1996,976
11937,11937,1993,1998,1210
11938,11938,1993,2001,1665
11945,11945,1993,1999,1645
11946,11946,2007,2009,456
11947,11947,1993,2000,387
11948,11948,1993,2000,1492
11952,11952,1993,2000,984
11955,11955,1993,2020,7046
11956,11956,1993,2001,2092
11958,11958,1993,1999,1598
11959,11959,1993,1996,761
11964,11964,1993,1999,1739
11967,11967,1993,1996,724
11970,11970,1993,2007,3553
11971,11971,1993,1998,796
11975,11975,1993,1994,494
11976,11976,1993,2013,5210
11977,11977,1993,1994,485
11978,11978,1993,1996,913
11983,11983,1993,2003,2736
11985,11985,1993,1996,861
11990,11990,2010,2020,2636
11991,11991,1993,1994,409
11992,11992,1993,2020,6854
11993,11993,2010,2013,618
11994,11994,1993,1998,1382
11995,11995,1993,2020,7042
11997,11997,1993,2002,2488
11998,11998,1993,2009,4044
11999,11999,2010,2015,1235
12000,12000,1993,1998,1350
12002,12002,1993,2003,1542
12003,12003,1993,1994,448
12004,12004,1993,1993,10
12005,12005,1993,2001,2077
12006,12006,1993,1998,1489
12007,12007,2010,2018,2051
12008,12008,1993,2020,7046
12009,12009,2010,2020,2643
12010,12010,1993,2004,2354
12011,12011,2010,2016,1431
12012,12012,1993,1996,260
12014,12014,2010,2013,647
12015,12015,2010,2020,2627
12017,12017,2010,2020,2627
12018,12018,2010,2018,1970
12019,12019,1993,1993,162
12020,12020,1993,1993,17
12021,12021,2010,2014,1018
12022,12022,1993,2008,3771
12023,12023,2010,2019,2237
12024,12024,1993,2003,2346
12025,12025,2010,2015,1139
12026,12026,2010,2016,1536
12027,12027,2010,2016,1553
12030,12030,2010,2016,1256
12031,12031,1993,2000,1736
12032,12032,2010,2011,336
12033,12033,1993,1995,145
12036,12036,1993,2020,7051
12038,12038,2010,2013,659
12039,12039,2010,2020,2605
12040,12040,1993,1998,537
12041,12041,1993,1997,1035
12042,12042,1993,1994,446
12043,12043,2010,2012,561
12044,12044,1993,1997,1118
12045,12045,1993,1996,921
12046,12046,1993,1997,932
12048,12048,1993,1996,950
12049,12049,2010,2020,2604
12051,12051,2010,2017,1625
12052,12052,1993,2020,7051
12056,12056,2010,2013,671
12057,12057,2010,2016,1391
12058,12058,1993,1995,738
12060,12060,1993,2020,7051
12062,12062,1993,2020,7050
12063,12063,1993,2011,4785
12067,12067,1993,2012,4890
12068,12068,1993,2020,7044
12070,12070,2010,2020,2606
12072,12072,1993,2016,5653
12073,12073,1993,2020,7049
12074,12074,1993,2011,4636
12076,12076,2008,2020,3099
12077,12077,2010,2012,448
12078,12078,2010,2020,2521
12079,12079,1993,2009,4132
12080,12080,2010,2017,1668
12081,12081,2010,2011,242
12082,12082,2010,2020,2616
12084,12084,2010,2020,2620
12085,12085,2010,2014,892
12086,12086,1993,2000,822
12088,12088,2010,2017,1839
12089,12089,2010,2020,2616
12090,12090,2010,2013,783
12093,12093,2010,2020,2587
12094,12094,1993,1994,456
12095,12095,1993,1998,1455
12097,12097,2010,2016,1392
12099,12099,1993,2001,1969
12100,12100,1993,1993,179
12101,12101,2010,2012,483
12103,12103,2010,2020,2584
12104,12104,2010,2012,330
12105,12105,2010,2020,2601
12106,12106,1993,2013,4258
12107,12107,1993,2005,2155
12109,12109,2010,2020,2583
12110,12110,1993,2003,2015
12111,12111,1993,1994,389
12113,12113,1993,2007,3253
12114,12114,1993,1994,287
12115,12115,1993,1993,221
12117,12117,1993,2001,2187
12118,12118,2001,2007,1493
12119,12119,1993,1993,12
12120,12120,1993,1993,142
12122,12122,1993,1999,1629
12123,12123,1993,1995,617
12125,12125,1993,1994,301
12126,12126,1993,1999,1633
12128,12128,1993,1993,20
12131,12131,1993,1996,363
12134,12134,1993,1995,607
12135,12135,1993,1994,391
12137,12137,1993,1998,1066
12138,12138,1993,1998,1127
12139,12139,1993,2001,964
12140,12140,1993,2012,4929
12144,12144,1993,1994,389
12145,12145,1993,1999,1683
12146,12146,1993,2020,1612
12149,12149,1993,2018,6437
12151,12151,1996,1998,511
12152,12152,1993,1994,176
12154,12154,1993,1993,6
12155,12155,1993,1998,1255
12158,12158,1993,1993,7
12164,12164,1993,1997,754
12165,12165,1993,2007,2286
12166,12166,1993,2020,6360
12169,12169,1993,2015,5526
12171,12171,1993,2006,3372
12173,12173,1993,2018,6334
12174,12174,1993,2005,3070
12175,12175,1993,2015,5581
12177,12177,2004,2005,220
12178,12178,1994,1999,255
12180,12180,1993,1995,578
12187,12187,1993,1994,271
12188,12188,1996,2011,3818
12189,12189,1993,2020,5255
12190,12190,1993,2018,5251
12193,12193,1993,1997,966
12195,12195,1993,2000,1993
12196,12196,1993,1995,541
12199,12199,1993,2002,2452
12202,12202,1993,2001,2092
12205,12205,1993,1998,1475
12207,12207,1993,1995,345
12208,12208,1993,1993,34
12209,12209,1993,2020,6454
12211,12211,1993,2020,7046
12214,12214,1993,2011,4269
12215,12215,1993,2002,2269
12216,12216,1993,1993,7
12217,12217,1993,2014,5163
12218,12218,1993,1997,1125
12221,12221,1995,2004,501
12222,12222,1993,1993,96
12224,12224,1993,1994,466
12226,12226,1993,2020,6884
12230,12230,1993,1999,1577
12236,12236,1993,2009,4194
12237,12237,1993,1995,703
12243,12243,1993,1995,629
12244,12244,1993,1993,90
12246,12246,1993,1999,1556
12248,12248,1993,2016,5066
12249,12249,1993,1995,670
12252,12252,1993,2002,1789
12253,12253,1993,2006,2494
12257,12257,1993,1998,1277
12259,12259,1993,1996,899
12260,12260,1993,2004,3004
12261,12261,1993,1994,343
12265,12265,1993,2005,3122
12266,12266,1996,2020,6232
12269,12269,1993,2010,4417
12275,12275,1993,2001,1774
12276,12276,1993,1994,312
12277,12277,1993,1996,941
12278,12278,1993,1993,31
12279,12279,1993,1998,1213
12281,12281,1993,2010,3286
12282,12282,1993,2001,2036
12284,12284,1993,1996,892
12285,12285,1993,1994,79
12288,12288,2010,2016,1573
12291,12291,2010,2015,1314
12293,12293,2010,2020,2591
12299,12299,1993,1993,53
12307,12307,2010,2020,2584
12308,12308,2010,2020,2594
12309,12309,2010,2016,1547
12310,12310,2010,2020,2529
12311,12311,2010,2011,138
12312,12312,2010,2016,1471
12313,12313,2010,2020,2579
12314,12314,2010,2020,2583
12315,12315,2010,2020,2575
12316,12316,2010,2020,2530
12317,12317,2010,2020,2586
12318,12318,2010,2020,2588
12319,12319,1993,2001,2257
12320,12320,1993,2003,2577
12321,12321,2010,2020,2519
12323,12323,2010,2016,1354
12324,12324,2010,2016,1441
12325,12325,2010,2020,2577
12329,12329,2010,2020,2576
12330,12330,2010,2016,1446
12331,12331,2010,2020,2563
12332,12332,2010,2020,2565
12337,12337,2010,2013,604
12339,12339,2010,2020,2567
12340,12340,2010,2019,2253
12341,12341,2010,2020,2562
12342,12342,2010,2013,625
12345,12345,2010,2020,2572
12346,12346,2010,2010,37
12347,12347,2010,2016,1536
12348,12348,2010,2018,1910
12349,12349,2010,2014,937
12350,12350,2010,2020,2227
12352,12352,2010,2019,2171
12353,12353,2010,2014,1008
12354,12354,2010,2011,302
12355,12355,2010,2020,2561
12356,12356,2010,2019,2187
12357,12357,2010,2016,1335
12358,12358,2010,2020,2520
12359,12359,2010,2013,678
12360,12360,2010,2020,2563
12362,12362,2010,2020,1168
12363,12363,2010,2020,2567
12364,12364,2010,2014,959
12365,12365,2010,2020,2509
12366,12366,2010,2020,2548
12367,12367,2010,2020,2348
12368,12368,2010,2020,2543
12369,12369,2010,2020,2547
12373,12373,2010,2020,2553
12374,12374,2010,2020,2552
12376,12376,2010,2020,2543
12377,12377,2010,2020,2553
12379,12379,2010,2018,2009
12380,12380,2010,2020,2557
12382,12382,2010,2014,949
12383,12383,2010,2014,894
12384,12384,2010,2019,2281
12385,12385,2010,2020,2560
12388,12388,2010,2013,553
12389,12389,2010,2017,1606
12390,12390,2010,2016,1405
12391,12391,2010,2020,2557
12392,12392,2010,2016,1404
12395,12395,1993,1998,1515
12396,12396,2010,2011,198
12397,12397,2010,2020,2498
12398,12398,2010,2013,589
12399,12399,2010,2015,1139
12400,12400,2010,2020,2547
12401,12401,2010,2012,346
12402,12402,2010,2020,2343
12403,12403,2010,2014,927
12405,12405,2010,2018,2036
12406,12406,2010,2014,708
12409,12409,2010,2012,515
12410,12410,2010,2016,1377
12411,12411,2010,2020,2544
12412,12412,2010,2020,2560
12413,12413,2010,2020,2543
12424,12424,1993,1994,416
12431,12431,1993,2020,7049
12437,12437,2010,2020,2526
12439,12439,2010,2015,1256
12440,12440,2010,2015,1068
12444,12444,2010,2016,1456
12446,12446,2010,2017,1780
12447,12447,2010,2020,2529
12448,12448,2010,2020,2533
12449,12449,2010,2020,2529
12450,12450,2010,2014,997
12451,12451,2010,2020,2422
12452,12452,2010,2020,2490
12454,12454,2010,2014,934
12455,12455,2010,2015,1079
12456,12456,2011,2012,348
12457,12457,2010,2020,2087
12458,12458,1993,2007,3727
12461,12461,2010,2020,2537
12462,12462,2010,2020,2522
12464,12464,2010,2014,988
12472,12472,2010,2020,2523
12473,12473,2010,2020,2528
12476,12476,2010,2020,2535
12477,12477,2010,2020,2529
12478,12478,2010,2016,1339
12479,12479,2010,2012,193
12480,12480,2010,2020,2449
12481,12481,2010,2016,1335
12484,12484,2010,2015,1011
12485,12485,2010,2015,236
12486,12486,2010,2019,2144
12487,12487,2010,2020,1440
12488,12488,2010,2020,2533
12489,12489,2010,2016,1495
12490,12490,1993,2020,7051
12491,12491,1993,2002,1611
12492,12492,2010,2020,2422
12493,12493,2010,2020,2528
12494,12494,2010,2020,2529
12495,12495,2010,2020,2321
12496,12496,2010,2017,1697
12497,12497,2010,2020,2527
12498,12498,2011,2018,1621
12499,12499,2011,2013,524
12500,12500,2011,2020,2506
12501,12501,2011,2017,1621
12502,12502,2011,2020,1523
12503,12503,1993,2020,6705
12504,12504,1993,2002,1916
12505,12505,2011,2020,2494
12506,12506,2011,2012,293
12507,12507,2011,2013,725
12508,12508,2011,2020,2499
12509,12509,2011,2017,1143
12511,12511,1993,2000,1967
12513,12513,2011,2020,2509
12514,12514,2011,2020,2500
12515,12515,2011,2020,2499
12516,12516,2011,2020,2500
12521,12521,2011,2020,2501
12523,12523,2011,2020,2500
12527,12527,2011,2020,2516
12528,12528,2011,2020,2505
12539,12539,1993,1999,1672
12540,12540,2011,2020,2499
12541,12541,2011,2020,2295
12542,12542,2011,2020,2501
12543,12543,2011,2020,2481
12544,12544,2011,2011,28
12546,12546,1993,2006,3497
12556,12556,2011,2020,2492
12557,12557,2011,2017,1507
12558,12558,2011,2020,2489
12559,12559,2011,2020,2496
12560,12560,2011,2020,2313
12566,12566,2011,2020,2491
12569,12569,2011,2020,2480
12570,12570,1993,2020,5017
12572,12572,2011,2015,1128
12573,12573,2011,2020,2466
12574,12574,2011,2015,1160
12575,12575,2011,2018,1983
12576,12576,2011,2013,528
12577,12577,2011,2020,2490
12578,12578,2011,2020,2276
12579,12579,2011,2020,2491
12580,12580,2011,2014,892
12581,12581,2011,2012,388
12582,12582,2011,2020,2490
12583,12583,2011,2020,2494
12584,12584,2011,2020,2480
12585,12585,2011,2016,1246
12586,12586,2011,2014,788
12587,12587,2011,2020,2460
12588,12588,2011,2020,2480
12591,12591,2011,2020,2457
12592,12592,2011,2020,2335
12593,12593,2011,2020,2458
12599,12599,2011,2012,365
12615,12615,2011,2020,2462
12622,12622,2011,2020,2471
12623,12623,2011,2020,2456
12627,12627,1993,2005,2912
12628,12628,2011,2020,2449
12629,12629,2011,2020,2470
12636,12636,2011,2016,1333
12637,12637,2011,2016,1274
12639,12639,2011,2020,2466
12640,12640,2011,2020,2460
12641,12641,2011,2020,2443
12644,12644,2011,2020,2450
12645,12645,2011,2019,2013
12646,12646,2011,2020,2201
12647,12647,2011,2020,2247
12648,12648,2011,2020,2101
12649,12649,2011,2020,2236
12650,12650,1993,2020,7051
12651,12651,2011,2020,1922
12652,12652,2011,2020,2223
12653,12653,2011,2020,1545
12654,12654,2011,2020,2432
12655,12655,2011,2020,2442
12656,12656,2011,2020,2426
12657,12657,2011,2020,2390
12658,12658,2011,2020,2392
12659,12659,2011,2020,2346
12660,12660,2011,2020,2326
12662,12662,2011,2020,2438
12663,12663,2011,2014,638
12667,12667,2011,2020,2200
12668,12668,2011,2020,2454
12679,12679,2011,2019,2169
12680,12680,2011,2020,2445
12681,12681,2011,2020,2445
12682,12682,2011,2013,631
12683,12683,2011,2019,2081
12684,12684,2011,2020,2446
12687,12687,2011,2015,1157
12688,12688,2011,2015,927
12689,12689,2011,2020,2450
12690,12690,2011,2020,2437
12691,12691,2011,2014,703
12692,12692,2011,2012,255
12693,12693,2011,2020,2450
12695,12695,2011,2016,1349
12696,12696,2011,2018,1941
12697,12697,2011,2020,2443
12698,12698,2011,2017,1674
12699,12699,2011,2020,2441
12700,12700,2011,2013,481
12718,12718,2011,2015,993
12719,12719,2011,2013,625
12720,12720,2011,2018,1752
12729,12729,2011,2020,2207
12741,12741,2011,2020,2417
12742,12742,2011,2016,1399
12743,12743,2011,2013,579
12745,12745,2011,2020,2427
12746,12746,2011,2018,1921
12747,12747,2011,2020,2421
12748,12748,2011,2020,2417
12749,12749,1993,2002,2511
12751,12751,2011,2020,2427
12755,12755,2011,2015,942
12756,12756,2011,2020,2428
12758,12758,1993,2020,6961
12759,12759,2011,2020,2433
12760,12760,2011,2015,1032
12781,12781,1993,2020,7051
12782,12782,2011,2014,875
12783,12783,2011,2020,2432
12784,12784,2011,2013,530
12785,12785,2011,2017,1508
12786,12786,2011,2020,2432
12787,12787,2011,2015,1141
12788,12788,2011,2020,2428
12789,12789,2011,2020,2422
12791,12791,2011,2016,1261
12792,12792,2011,2020,2028
12793,12793,2011,2013,564
12794,12794,2011,2013,189
12795,12795,2011,2018,1793
12796,12796,2011,2020,2417
12797,12797,2011,2017,1562
12798,12798,2011,2020,2433
12799,12799,2011,2020,2419
12811,12811,1993,1997,1208
12826,12826,2011,2020,2327
12828,12828,2011,2020,2393
12835,12835,2011,2017,1611
12839,12839,2011,2020,2407
12840,12840,2011,2020,2407
12865,12865,2011,2014,784
12871,12871,2011,2020,2404
12872,12872,2011,2020,2392
12873,12873,2011,2019,1920
12877,12877,2011,2020,2127
12878,12878,2011,2016,1265
12879,12879,2011,2013,572
12880,12880,2011,2020,2392
12881,12881,2011,2016,1212
12882,12882,2011,2015,1123
12883,12883,2011,2014,754
12884,12884,2011,2018,1826
12885,12885,2011,2020,2400
12886,12886,2011,2020,2413
12887,12887,2011,2014,816
12888,12888,1993,1994,325
12890,12890,2011,2020,721
12891,12891,2011,2019,2155
12892,12892,2011,2019,2009
12893,12893,2011,2016,1287
12894,12894,2011,2016,1252
12895,12895,2011,2020,2375
12900,12900,2011,2015,903
12903,12903,2011,2015,984
12905,12905,2011,2020,2379
12906,12906,2011,2020,2130
12907,12907,2011,2012,359
12908,12908,2011,2020,2126
12912,12912,2011,2020,2326
12913,12913,2011,2020,2374
12914,12914,2011,2020,2363
12915,12915,2011,2020,2366
12916,12916,2011,2018,1752
12918,12918,1993,1997,647
12919,12919,2011,2020,2373
12920,12920,2011,2020,1863
12921,12921,2011,2015,692
12922,12922,2011,2016,1311
12923,12923,2011,2020,2390
12924,12924,2011,2017,1416
12927,12927,2011,2020,2380
12928,12928,1996,2001,1065
12933,12933,1993,1993,35
12946,12946,2011,2020,2145
12952,12952,2011,2016,1175
12954,12954,2011,2017,1510
12957,12957,2011,2020,2284
12959,12959,2011,2014,742
12960,12960,2011,2019,2106
12961,12961,2011,2020,1993
12962,12962,2011,2015,967
12963,12963,2011,2016,1324
12964,12964,2011,2013,82
12965,12965,2011,2018,1785
12966,12966,2011,2013,130
12967,12967,2011,2015,868
12970,12970,2011,2012,258
12971,12971,2011,2018,1465
12972,12972,2011,2020,2310
12974,12974,2011,2020,2331
12981,12981,2011,2020,2327
12982,12982,2011,2020,2337
12994,12994,2011,2020,2345
13003,13003,2011,2020,2346
13006,13006,2011,2020,2334
13007,13007,2011,2020,2287
13008,13008,2011,2016,1311
13009,13009,2011,2016,480
13010,13010,2011,2011,45
13011,13011,2011,2011,11
13013,13013,2011,2018,1803
13014,13014,2011,2018,1384
13015,13015,2011,2018,1672
13018,13018,2011,2015,897
13019,13019,2011,2020,2308
13022,13022,2011,2017,1355
13034,13034,2011,2020,2310
13035,13035,2011,2020,2307
13036,13036,2011,2017,1232
13037,13037,2011,2019,1881
13038,13038,2011,2018,1397
13041,13041,2011,2017,1522
13042,13042,2011,2012,55
13043,13043,2011,2012,62
13044,13044,2011,2012,39
13045,13045,2011,2012,88
13046,13046,2011,2020,2319
13049,13049,2011,2017,1389
13056,13056,1993,2013,5187
13076,13076,2011,2020,2291
13077,13077,2011,2020,2086
13078,13078,2011,2012,203
13079,13079,2011,2020,2305
13080,13080,2011,2019,1802
13081,13081,2011,2017,1383
13083,13083,2011,2015,979
13084,13084,2011,2020,2294
13085,13085,2011,2020,2292
13089,13089,2011,2020,2287
13092,13092,2011,2020,2306
13093,13093,2011,2016,1106
13097,13097,2011,2020,2176
13100,13100,1993,2005,3189
13103,13103,2011,2020,2295
13104,13104,2011,2017,1467
13105,13105,2011,2020,2307
13106,13106,2011,2017,1476
13107,13107,2011,2020,2296
13108,13108,2011,2020,2304
13109,13109,2011,2019,1970
13110,13110,2011,2016,1214
13111,13111,2011,2020,2299
13112,13112,2011,2016,1182
13113,13113,2011,2020,1969
13114,13114,2011,2020,2293
13115,13115,2012,2013,371
13116,13116,2011,2020,2276
13119,13119,1993,2006,3337
13121,13121,2011,2020,2250
13123,13123,2011,2015,952
13124,13124,2011,2020,2276
13126,13126,2011,2020,2272
13130,13130,2011,2020,2272
13131,13131,2011,2020,2272
13132,13132,2011,2020,2272
13133,13133,2011,2016,1208
13134,13134,2012,2016,1125
13139,13139,2011,2019,1805
13140,13140,2011,2016,1049
13141,13141,2012,2020,2265
13142,13142,2011,2020,2276
13145,13145,2011,2019,1789
13152,13152,1993,1999,1200
13159,13159,2011,2020,2274
13160,13160,2011,2017,1381
13161,13161,2011,2017,1375
13162,13162,2011,2020,2276
13163,13163,2011,2017,1358
13165,13165,2011,2012,64
13166,13166,2011,2012,128
13167,13167,2011,2019,1826
13168,13168,2011,2020,2272
13169,13169,2011,2020,2275
13172,13172,2012,2017,1087
13176,13176,2012,2020,2248
13177,13177,2012,2014,274
13180,13180,2012,2020,2245
13181,13181,2012,2020,2250
13185,13185,2012,2020,2247
13187,13187,1993,1993,116
13188,13188,2012,2020,2242
13191,13191,2012,2020,2258
13196,13196,2012,2020,2251
13198,13198,2012,2020,1848
13199,13199,2012,2015,684
13200,13200,2012,2016,907
13201,13201,2012,2020,2254
13202,13202,2012,2020,2248
13203,13203,2012,2020,1573
13204,13204,2012,2016,1089
13206,13206,2012,2020,2056
13209,13209,2012,2020,2078
13210,13210,2012,2020,2240
13211,13211,2012,2020,2116
13212,13212,2012,2020,1822
13214,13214,2012,2020,2088
13216,13216,1993,1997,1255
13217,13217,2012,2020,2124
13218,13218,2012,2020,1331
13219,13219,2012,2020,1164
13220,13220,2012,2020,2073
13221,13221,2012,2020,1433
13222,13222,2012,2012,133
13225,13225,2012,2014,517
13227,13227,2012,2013,442
13232,13232,1993,1998,1145
13233,13233,2012,2020,2244
13244,13244,2012,2020,2244
13249,13249,2012,2020,2229
13250,13250,2012,2015,972
13253,13253,2012,2020,2245
13254,13254,2012,2020,2229
13255,13255,2012,2016,1200
13256,13256,2012,2015,646
13257,13257,2012,2015,416
13260,13260,2012,2020,2233
13261,13261,2012,2018,1494
13262,13262,2012,2020,2240
13263,13263,2012,2020,1995
13264,13264,2012,2016,1117
13265,13265,2012,2020,2233
13267,13267,2012,2020,2125
13268,13268,2012,2020,2185
13269,13269,2012,2015,482
13270,13270,2012,2015,401
13271,13271,2012,2015,436
13272,13272,2012,2015,780
13273,13273,2012,2020,2208
13276,13276,2012,2012,50
13277,13277,2012,2015,795
13278,13278,2012,2020,2238
13279,13279,2012,2020,2203
13280,13280,2012,2020,2238
13281,13281,2012,2015,898
13283,13283,1993,1997,1035
13284,13284,2012,2020,2215
13285,13285,2012,2014,645
13286,13286,2012,2020,1912
13290,13290,1993,2000,1784
13292,13292,2012,2016,1086
13293,13293,2012,2020,2143
13294,13294,2012,2013,327
13296,13296,2012,2020,2206
13298,13298,2012,2015,898
13299,13299,2012,2018,1609
13300,13300,2012,2020,2225
13302,13302,2012,2020,2206
13303,13303,1993,2020,7051
13304,13304,1993,2004,2855
13305,13305,2012,2020,2205
13309,13309,2012,2018,1716
13314,13314,2012,2019,1850
13315,13315,2012,2020,2209
13316,13316,2012,2020,2206
13317,13317,2012,2016,952
13318,13318,2012,2020,2224
13319,13319,2012,2020,2204
13320,13320,2012,2013,224
13321,13321,2012,2020,2210
13322,13322,2012,2020,2106
13323,13323,2012,2020,2204
13324,13324,2012,2020,2209
13325,13325,2012,2020,2205
13326,13326,2012,2020,2215
13327,13327,2012,2017,1386
13328,13328,2012,2020,2209
13329,13329,2012,2018,1665
13330,13330,2012,2020,1843
13331,13331,2012,2013,299
13332,13332,2012,2020,2186
13336,13336,2012,2013,395
13337,13337,2012,2020,2196
13340,13340,2012,2017,1243
13342,13342,2012,2016,1145
13343,13343,2012,2020,2196
13348,13348,2012,2020,2167
13349,13349,2012,2016,953
13350,13350,2012,2020,2183
13351,13351,2012,2020,2186
13352,13352,2012,2019,1878
13353,13353,2012,2020,2203
13354,13354,1993,1993,189
13356,13356,2012,2020,2183
13357,13357,2012,2020,2186
13358,13358,2012,2020,2200
13365,13365,2012,2019,1905
13366,13366,2012,2020,2087
13367,13367,2012,2016,1078
13369,13369,2012,2020,2187
13372,13372,2012,2014,541
13373,13373,2012,2016,1162
13374,13374,2012,2015,882
13375,13375,2012,2020,2178
13376,13376,2012,2020,2100
13377,13377,2012,2020,2190
13378,13378,2012,2015,523
13379,13379,2012,2020,2191
13380,13380,2012,2020,2201
13383,13383,2012,2014,207
13384,13384,2012,2017,1283
13385,13385,2012,2018,1607
13387,13387,2012,2020,2178
13388,13388,2012,2020,2078
13391,13391,2012,2014,551
13393,13393,2012,2020,2165
13395,13395,2012,2020,2165
13396,13396,2012,2019,1708
13399,13399,2012,2020,2180
13400,13400,2012,2019,1838
13401,13401,2012,2020,2176
13402,13402,2012,2015,789
13403,13403,2012,2020,1836
13404,13404,2012,2013,89
13405,13405,2012,2020,2181
13406,13406,2012,2014,414
13407,13407,2012,2020,2170
13408,13408,2012,2017,1216
13409,13409,2012,2018,1447
13410,13410,2012,2020,2183
13411,13411,2012,2020,2163
13412,13412,2012,2020,2157
13425,13425,2012,2017,1254
13429,13429,2012,2020,2140
13430,13430,2012,2014,625
13431,13431,2012,2020,2143
13432,13432,2012,2020,2005
13438,13438,2012,2020,2154
13439,13439,2012,2020,2158
13441,13441,2012,2020,2143
13447,13447,2012,2020,2141
13452,13452,2012,2020,2150
13453,13453,2012,2020,2153
13454,13454,2012,2017,1356
13455,13455,2012,2020,2037
13456,13456,2012,2019,1650
13470,13470,1993,2011,4611
13500,13500,2012,2015,643
13501,13501,2012,2020,2122
13502,13502,2012,2019,1632
13507,13507,1993,2020,7041
13508,13508,2012,2020,2124
13509,13509,2012,2016,984
13510,13510,2012,2020,2122
13511,13511,2012,2020,2127
13512,13512,2012,2020,2126
13515,13515,1993,1993,120
13519,13519,2012,2020,2122
13520,13520,2012,2020,2125
13521,13521,2012,2020,2041
13523,13523,1993,1994,206
13524,13524,2012,2019,1801
13525,13525,2012,2014,587
13526,13526,2012,2015,669
13527,13527,2012,2020,2128
13528,13528,2012,2020,2056
13529,13529,2012,2017,766
13532,13532,2012,2020,1744
13533,13533,2012,2015,699
13534,13534,2012,2020,2134
13535,13535,2012,2013,208
13536,13536,2012,2014,441
13537,13537,2012,2020,1813
13539,13539,2012,2020,2099
13542,13542,2012,2020,1633
13543,13543,2012,2020,2117
13544,13544,2012,2020,1987
13545,13545,2012,2020,2106
13546,13546,2012,2015,779
13547,13547,2012,2020,2112
13548,13548,2012,2020,2114
13551,13551,2012,2013,130
13552,13552,2012,2014,135
13553,13553,2012,2018,1403
13554,13554,2012,2018,199
13555,13555,2012,2020,2110
13556,13556,2012,2020,1940
13559,13559,2012,2020,2103
13560,13560,2012,2014,590
13561,13561,2012,2020,1638
13562,13562,2012,2020,2110
13563,13563,2012,2019,1816
13564,13564,2012,2016,919
13567,13567,2012,2016,900
13569,13569,2012,2019,1605
13570,13570,2012,2020,2080
13571,13571,2012,2020,2080
13576,13576,2012,2020,2080
13577,13577,2012,2020,2077
13579,13579,2012,2020,2084
13580,13580,2012,2013,205
13583,13583,2012,2020,2078
13584,13584,2012,2020,2084
13585,13585,2012,2015,604
13586,13586,2012,2020,2077
13594,13594,2012,2017,1308
13595,13595,2012,2020,1885
13596,13596,2012,2015,714
13597,13597,2012,2016,725
13598,13598,2012,2015,691
13599,13599,2012,2020,2090
13600,13600,2012,2020,2078
13601,13601,2012,2020,2058
13603,13603,1993,2010,4033
13604,13604,2012,2020,2074
13608,13608,2012,2020,2059
13610,13610,1993,2020,7051
13612,13612,2012,2020,2042
13614,13614,2012,2016,881
13615,13615,2012,2020,2059
13616,13616,2012,2017,1094
13617,13617,2012,2017,1305
13618,13618,2012,2020,2058
13619,13619,2012,2016,1047
13621,13621,2012,2020,2063
13622,13622,2012,2020,2069
13625,13625,2012,2020,2069
13626,13626,2012,2020,2058
13627,13627,2012,2017,1120
13628,13628,2012,2020,2068
13631,13631,2012,2020,1975
13632,13632,2012,2016,1028
13633,13633,2012,2019,1728
13634,13634,2012,2020,2070
13636,13636,2012,2016,957
13639,13639,2012,2014,373
13640,13640,2012,2017,1252
13641,13641,2012,2020,2068
13642,13642,2012,2019,1240
13643,13643,2012,2020,2068
13644,13644,2012,2015,746
13646,13646,1993,1997,1070
13647,13647,2012,2016,907
13648,13648,2012,2020,2057
13649,13649,2012,2015,583
13650,13650,2012,2020,2059
13652,13652,2012,2020,2074
13655,13655,2012,2018,1470
13656,13656,2012,2019,1768
13657,13657,2012,2020,2066
13658,13658,2012,2018,1443
13678,13678,2012,2018,1312
13679,13679,2012,2020,2038
13680,13680,2012,2020,1700
13681,13681,2012,2020,2055
13685,13685,2012,2020,2038
13686,13686,2012,2020,2047
13687,13687,2012,2020,2055
13688,13688,1993,2020,7051
13690,13690,2012,2016,887
13691,13691,2012,2019,1589
13692,13692,2012,2020,2051
13693,13693,2012,2020,2050
13694,13694,2012,2020,2000
13695,13695,2012,2016,725
13698,13698,2012,2020,2051
13699,13699,2012,2015,519
13700,13700,2012,2020,2038
13701,13701,2012,2020,2042
13702,13702,2012,2016,807
13703,13703,2013,2014,93
13704,13704,2012,2020,2030
13705,13705,2012,2017,1262
13706,13706,2012,2020,2021
13707,13707,2013,2020,1931
13708,13708,2012,2015,731
13711,13711,2012,2016,992
13712,13712,2012,2020,2029
13713,13713,2012,2017,1149
13714,13714,2012,2020,2033
13721,13721,2013,2020,2015
13723,13723,2012,2020,2020
13729,13729,2012,2020,2032
13730,13730,2012,2020,2027
13732,13732,2012,2020,2021
13735,13735,2012,2015,572
13736,13736,2012,2017,1106
13738,13738,2012,2020,2031
13739,13739,2013,2020,1999
13740,13740,2013,2019,1517
13743,13743,2013,2020,1994
13746,13746,2013,2020,1997
13747,13747,2013,2019,1621
13748,13748,2013,2020,1995
13749,13749,2013,2020,2006
13750,13750,2013,2020,2000
13751,13751,2013,2020,1447
13752,13752,2013,2020,2003
13753,13753,2013,2017,597
13754,13754,2013,2014,255
13755,13755,2013,2020,799
13756,13756,2013,2020,1997
13757,13757,2013,2020,2007
13758,13758,2013,2016,244
13759,13759,2013,2014,461
13760,13760,2013,2020,2003
13761,13761,2013,2020,1853
13763,13763,2013,2020,1986
13764,13764,2013,2020,1977
13765,13765,2013,2020,1978
13766,13766,2013,2020,1991
13769,13769,1993,2020,6477
13773,13773,2013,2015,651
13774,13774,2013,2020,1989
13775,13775,2013,2020,1985
13777,13777,1993,2020,7050
13783,13783,2013,2020,1981
13786,13786,2013,2020,1993
13787,13787,2013,2020,1988
13788,13788,2013,2020,1994
13789,13789,2013,2020,1898
13790,13790,2013,2015,191
13791,13791,2013,2014,348
13794,13794,2013,2020,1897
13795,13795,2013,2020,1977
13796,13796,2013,2020,1989
13797,13797,2013,2020,1978
13798,13798,2013,2020,1988
13799,13799,2013,2020,1990
13800,13800,2013,2015,691
13802,13802,2013,2020,1971
13803,13803,2013,2015,512
13804,13804,2013,2016,932
13807,13807,2013,2020,1958
13808,13808,2013,2020,1957
13809,13809,2013,2020,1960
13812,13812,2013,2020,1959
13816,13816,2013,2020,1962
13817,13817,2013,2020,1958
13818,13818,2013,2018,1407
13819,13819,2013,2018,1215
13820,13820,2013,2020,1968
13821,13821,1993,2007,3560
13823,13823,2013,2020,1945
13824,13824,2013,2014,170
13825,13825,2013,2020,1961
13826,13826,2013,2020,1912
13827,13827,2013,2018,1195
13828,13828,2013,2020,1739
13829,13829,2013,2020,1853
13830,13830,2013,2017,1148
13831,13831,2013,2017,1047
13832,13832,2013,2014,313
13835,13835,2013,2020,1936
13836,13836,2013,2020,1936
13837,13837,2013,2020,1946
13843,13843,2013,2020,1942
13844,13844,2013,2020,1947
13856,13856,1993,2020,7051
13858,13858,2013,2015,563
13860,13860,2013,2020,1941
13861,13861,2013,2014,414
13862,13862,2013,2020,1948
13863,13863,2013,2020,1939
13866,13866,2013,2020,1784
13867,13867,2013,2020,1948
13868,13868,2013,2014,63
13869,13869,2013,2020,1725
13870,13870,2013,2020,1947
13871,13871,2013,2014,85
13874,13874,2013,2016,776
13875,13875,2013,2018,1299
13876,13876,2013,2020,1939
13877,13877,2013,2020,1953
13878,13878,2013,2020,1437
13879,13879,2013,2020,1818
13882,13882,2013,2013,68
13883,13883,2013,2020,1934
13884,13884,2013,2014,36
13885,13885,2013,2017,1035
13886,13886,2013,2016,707
13887,13887,2013,2020,1928
13889,13889,2013,2018,1358
13890,13890,2013,2020,1917
13891,13891,2013,2015,562
13894,13894,2013,2020,1933
13895,13895,2013,2019,1525
13896,13896,2013,2019,1656
13897,13897,2013,2020,1916
13898,13898,2013,2020,1916
13901,13901,1993,2020,7047
13903,13903,2013,2019,1546
13904,13904,2013,2020,1932
13905,13905,2013,2020,1914
13906,13906,2013,2020,1693
13907,13907,2013,2020,1922
13908,13908,2013,2020,1927
13909,13909,2013,2018,1230
13911,13911,2013,2020,1927
13914,13914,2013,2019,1562
13915,13915,2013,2018,1293
13916,13916,2013,2013,85
13917,13917,2013,2020,1917
13918,13918,2013,2020,1918
13919,13919,2013,2020,1933
13920,13920,2013,2014,376
13921,13921,2013,2020,1922
13922,13922,2013,2020,1918
13923,13923,2013,2016,677
13924,13924,2013,2020,1911
13925,13925,2013,2020,1932
13926,13926,2013,2020,1932
13927,13927,2013,2020,1931
13928,13928,1993,2020,7051
13930,13930,2013,2020,1875
13931,13931,2013,2019,1492
13932,13932,2013,2016,819
13933,13933,2013,2018,1402
13934,13934,2013,2017,1007
13935,13935,2013,2020,1917
13936,13936,1993,2020,7051
13938,13938,2013,2020,1835
13939,13939,2013,2017,981
13940,13940,2013,2020,1791
13941,13941,2013,2020,1931
13942,13942,2013,2015,581
13943,13943,2013,2020,1927
13946,13946,2013,2020,795
13947,13947,2013,2020,1899
13948,13948,2013,2020,1910
13949,13949,2013,2020,1893
13950,13950,2013,2020,1880
13951,13951,2013,2018,1143
13954,13954,2013,2020,1894
13956,13956,2013,2020,1897
13957,13957,2013,2020,1888
13958,13958,2013,2014,197
13959,13959,2013,2020,1892
13962,13962,2013,2020,1894
13963,13963,2013,2020,1891
13964,13964,2013,2020,1891
13965,13965,2013,2020,1903
13966,13966,2013,2019,1524
13967,13967,2013,2020,1897
13968,13968,2013,2015,409
13969,13969,2013,2020,1893
13970,13970,2013,2019,1399
13971,13971,2013,2020,1910
13976,13976,2013,2020,1848
13977,13977,2013,2018,1176
13978,13978,2013,2020,1908
13981,13981,2013,2018,1361
13982,13982,2013,2014,160
13983,13983,2013,2020,1903
13987,13987,1993,2020,5884
13988,13988,1993,1994,423
13990,13990,2013,2020,1894
13992,13992,2013,2017,1145
13993,13993,2013,2020,1894
13994,13994,2013,2020,1894
13998,13998,2013,2017,1018
13999,13999,2013,2020,1908
14001,14001,2013,2017,997
14003,14003,2013,2020,1894
14004,14004,2013,2015,650
14005,14005,2013,2016,759
14006,14006,2013,2020,1702
14008,14008,1993,2020,7049
14009,14009,2013,2020,1905
14010,14010,2013,2019,1502
14011,14011,2013,2020,1834
14017,14017,2013,2016,788
14019,14019,2013,2020,1841
14026,14026,2013,2018,1347
14027,14027,2013,2020,1873
14029,14029,2013,2014,352
14030,14030,2013,2020,1880
14033,14033,2013,2020,1884
14034,14034,2013,2019,1446
14035,14035,2013,2020,1876
14036,14036,2013,2020,1878
14037,14037,2013,2020,1878
14039,14039,2013,2020,1879
14040,14040,2013,2020,1692
14041,14041,2013,2018,1152
14042,14042,2013,2017,1020
14043,14043,2013,2017,895
14044,14044,2013,2020,1875
14045,14045,2013,2020,1658
14046,14046,2013,2020,1874
14047,14047,2013,2020,1870
14048,14048,2013,2016,128
14049,14049,2013,2016,720
14050,14050,2013,2020,1883
14051,14051,2013,2020,1875
14052,14052,2013,2015,446
14053,14053,2013,2015,567
14054,14054,2013,2020,1881
14055,14055,2013,2019,1450
14056,14056,2013,2020,1874
14057,14057,2013,2017,968
14059,14059,1993,2005,2510
14060,14060,2013,2020,1877
14061,14061,2013,2020,1869
14062,14062,2013,2014,324
14063,14063,2013,2016,833
14065,14065,2013,2016,833
14071,14071,2013,2020,1861
14072,14072,2013,2020,1864
14075,14075,2013,2020,1863
14076,14076,2013,2020,1847
14077,14077,2013,2015,491
14086,14086,2013,2017,985
14087,14087,2013,2018,1131
14088,14088,2013,2020,1859
14089,14089,2013,2020,1863
14091,14091,1993,1993,211
14092,14092,2013,2020,1869
14093,14093,2013,2020,1701
14094,14094,2013,2020,1860
14095,14095,2013,2019,1509
14096,14096,2013,2020,1866
14097,14097,2013,2020,1864
14099,14099,2013,2020,1868
14101,14101,2013,2016,805
14102,14102,2013,2020,1869
14105,14105,2013,2020,1653
14106,14106,2013,2020,1863
14107,14107,2013,2020,1863
14108,14108,2013,2020,1784
14127,14127,2013,2020,1724
14128,14128,2013,2020,1830
14131,14131,2013,2017,1006
14132,14132,2013,2020,1836
14133,14133,2013,2020,1831
14134,14134,2013,2020,1839
14135,14135,2013,2020,1841
14136,14136,2013,2020,1829
14137,14137,2013,2020,1847
14140,14140,2013,2020,1843
14141,14141,2013,2020,1828
14142,14142,2013,2020,1834
14143,14143,2013,2016,778
14144,14144,2013,2020,1828
14145,14145,2013,2020,1830
14148,14148,2013,2016,720
14149,14149,2013,2020,1836
14150,14150,2013,2017,965
14151,14151,2013,2020,1831
14152,14152,2013,2015,374
14153,14153,2013,2014,163
14154,14154,1993,2001,1603
14156,14156,2013,2020,1482
14157,14157,2013,2018,1078
14158,14158,2013,2020,1831
14159,14159,2013,2020,1834
14160,14160,2013,2018,1220
14161,14161,2013,2020,1836
14164,14164,2013,2017,997
14165,14165,2013,2014,291
14166,14166,2013,2020,1739
14167,14167,2013,2020,1831
14168,14168,2013,2020,1626
14169,14169,2013,2020,1830
14172,14172,2013,2020,1529
14173,14173,2013,2020,1492
14174,14174,2013,2020,1825
14175,14175,2013,2020,1582
14176,14176,2013,2020,1835
14177,14177,2013,2020,1843
14179,14179,2013,2020,1820
14180,14180,2013,2015,462
14181,14181,2013,2020,1806
14182,14182,2013,2020,1826
14183,14183,2013,2020,1824
14184,14184,2013,2020,1820
14185,14185,2013,2020,1812
14196,14196,2013,2020,1826
14198,14198,1993,2018,6397
14209,14209,2013,2020,1732
14211,14211,2013,2020,1791
14213,14213,2013,2020,1805
14214,14214,2013,2018,1199
14215,14215,2013,2020,1816
14219,14219,1993,2013,5212
14220,14220,2013,2020,1821
14221,14221,2013,2020,1826
14224,14224,2013,2020,1814
14227,14227,1993,2014,5116
14228,14228,2013,2020,1809
14229,14229,2013,2020,1816
14230,14230,2013,2017,915
14231,14231,2013,2020,1816
14232,14232,2013,2020,1814
14233,14233,2013,2017,1022
14235,14235,2013,2020,1805
14236,14236,2013,2016,635
14237,14237,2013,2020,1815
14238,14238,2013,2020,1809
14239,14239,2013,2020,1809
14240,14240,2013,2020,1806
14241,14241,2013,2020,1761
14244,14244,2013,2020,1809
14245,14245,2013,2020,1826
14246,14246,2013,2015,378
14247,14247,2013,2019,1411
14248,14248,2013,2020,1800
14249,14249,2013,2015,343
14252,14252,2013,2020,1803
14253,14253,2013,2017,988
14254,14254,2013,2016,713
14256,14256,2013,2016,694
14257,14257,2013,2020,1820
14258,14258,2013,2020,1824
14260,14260,2013,2017,855
14261,14261,2013,2016,588
14262,14262,2013,2020,1809
14263,14263,2013,2020,1806
14266,14266,2013,2015,368
14267,14267,2013,2017,1038
14268,14268,2013,2020,1791
14271,14271,2013,2018,1073
14272,14272,2013,2020,1791
14273,14273,2013,2020,1796
14274,14274,2013,2020,1804
14276,14276,2013,2020,1804
14277,14277,1993,2020,7051
14279,14279,2013,2020,1796
14280,14280,2013,2020,1787
14286,14286,1993,2007,2421
14287,14287,2013,2020,1720
14288,14288,2013,2016,656
14289,14289,2013,2016,545
14290,14290,2013,2015,369
14291,14291,2013,2017,872
14292,14292,2013,2015,378
14295,14295,2013,2020,1800
14296,14296,2013,2020,1789
14297,14297,2013,2020,1784
14298,14298,2013,2020,1609
14299,14299,2013,2020,1796
14300,14300,2013,2020,1668
14301,14301,2013,2020,1790
14302,14302,2013,2020,1800
14303,14303,2013,2016,608
14304,14304,2013,2017,977
14305,14305,2013,2016,660
14306,14306,1993,1997,1218
14308,14308,2013,2020,1796
14309,14309,2013,2017,762
14310,14310,2013,2020,1731
14311,14311,2013,2015,500
14312,14312,2013,2020,1795
14313,14313,2013,2020,1788
14316,14316,2013,2020,1801
14317,14317,2013,2020,1800
14318,14318,2013,2020,1799
14319,14319,2013,2020,1789
14320,14320,2013,2017,836
14321,14321,2013,2016,703
14322,14322,1993,2005,3080
14323,14323,1993,2007,3774
14324,14324,2014,2015,234
14325,14325,2013,2020,1795
14326,14326,2013,2020,1801
14327,14327,2013,2015,471
14328,14328,2013,2020,1772
14329,14329,2013,2020,1776
14331,14331,1993,1996,832
14332,14332,2013,2020,1777
14334,14334,2013,2020,1776
14335,14335,2013,2018,1200
14336,14336,2013,2020,1782
14337,14337,2013,2017,999
14338,14338,2013,2020,1776
14339,14339,2013,2020,1779
14340,14340,2013,2017,839
14342,14342,2013,2019,1278
14344,14344,2013,2020,1776
14345,14345,2013,2020,1376
14346,14346,2013,2020,1638
14347,14347,2013,2020,1412
14348,14348,2013,2020,1661
14350,14350,2013,2016,253
14351,14351,2013,2015,367
14352,14352,2013,2020,1776
14353,14353,2013,2020,1673
14354,14354,2013,2018,1262
14355,14355,2013,2020,1771
14356,14356,2013,2016,730
14358,14358,2013,2020,1774
14359,14359,2013,2020,1783
14378,14378,2014,2020,1522
14379,14379,2014,2020,1750
14380,14380,2014,2020,1754
14382,14382,1993,2009,4163
14392,14392,2014,2019,1345
14393,14393,2014,2017,881
14394,14394,2014,2017,785
14400,14400,2014,2020,1743
14401,14401,2014,2020,1742
14403,14403,1993,1999,1596
14406,14406,2014,2020,1749
14408,14408,2014,2018,1133
14409,14409,2014,2017,959
14414,14414,2014,2020,1749
14415,14415,2014,2017,956
14416,14416,2014,2016,513
14417,14417,2014,2017,913
14418,14418,2014,2018,1161
14419,14419,2014,2020,1747
14420,14420,2014,2019,1353
14421,14421,2014,2019,1283
14422,14422,2014,2020,1743
14423,14423,2014,2020,1744
14424,14424,2014,2020,1673
14425,14425,2014,2018,1093
14426,14426,2014,2020,1744
14427,14427,2014,2020,1602
14428,14428,2014,2020,1431
14431,14431,2014,2020,1757
14432,14432,2014,2020,1743
14433,14433,2014,2020,1630
14434,14434,2014,2020,1743
14435,14435,2014,2020,1752
14436,14436,2014,2020,1743
14439,14439,2014,2020,1736
14440,14440,2014,2020,1757
14441,14441,2014,2020,1735
14442,14442,2014,2020,1742
14444,14444,2014,2020,1734
14447,14447,2014,2018,1060
14448,14448,2014,2015,313
14449,14449,2014,2020,1740
14450,14450,2014,2020,1739
14451,14451,2014,2020,1734
14452,14452,2014,2020,1739
14455,14455,2014,2018,1162
14456,14456,2014,2020,1735
14457,14457,2014,2020,1735
14458,14458,2014,2020,1740
14459,14459,2014,2020,1733
14460,14460,2014,2020,1722
14461,14461,1993,2012,2255
14463,14463,2014,2015,409
14464,14464,2014,2020,1730
14465,14465,2014,2016,566
14466,14466,2014,2020,1740
14467,14467,2014,2020,1739
14468,14468,2014,2020,1736
14469,14469,2014,2016,573
14470,14470,2014,2016,663
14471,14471,2014,2016,644
14472,14472,2014,2020,1724
14478,14478,2014,2020,1508
14479,14479,2014,2020,1734
14483,14483,2014,2020,1680
14487,14487,2014,2020,1723
14489,14489,2014,2020,1739
14490,14490,2014,2020,1733
14493,14493,2014,2020,1733
14495,14495,2014,2020,1709
14497,14497,2014,2020,1706
14498,14498,2014,2019,1351
14499,14499,2014,2019,1329
14500,14500,2014,2020,1704
14502,14502,2014,2020,1714
14503,14503,2014,2020,1704
14504,14504,2014,2020,1719
14505,14505,2014,2020,1718
14506,14506,2014,2016,679
14507,14507,2014,2020,1705
14514,14514,2014,2020,1537
14516,14516,2014,2020,1710
14520,14520,2014,2020,1709
14521,14521,2014,2020,1705
14522,14522,2014,2020,1720
14523,14523,2014,2020,1717
14524,14524,2014,2016,481
14526,14526,1993,2020,7045
14527,14527,2014,2017,868
14528,14528,2014,2020,1705
14529,14529,2014,2020,1712
14530,14530,2014,2019,1289
14531,14531,2014,2020,1710
14532,14532,2014,2020,1694
14534,14534,1993,1994,468
14535,14535,2014,2020,1719
14536,14536,2014,2020,1718
14537,14537,2014,2015,307
14538,14538,2014,2020,1706
14539,14539,2014,2020,1720
14540,14540,2014,2020,1715
14541,14541,1993,2020,7051
14542,14542,2014,2020,1700
14543,14543,2014,2020,1610
14544,14544,2014,2020,1698
14545,14545,2014,2020,1703
14546,14546,2014,2020,1710
14547,14547,2014,2020,1711
14548,14548,2014,2020,1705
14549,14549,2014,2020,1635
14550,14550,2014,2020,1718
14551,14551,2014,2020,1707
14552,14552,2014,2018,984
14553,14553,2014,2015,386
14554,14554,2014,2020,1704
14555,14555,2014,2020,1709
14556,14556,2014,2020,1704
14557,14557,2014,2016,655
14558,14558,2014,2020,1695
14559,14559,2014,2020,1692
14564,14564,2014,2020,1694
14565,14565,2014,2020,1691
14566,14566,2014,2020,1694
14567,14567,2014,2020,1699
14570,14570,2014,2016,629
14572,14572,2014,2020,1688
14573,14573,2014,2018,1043
14574,14574,2014,2020,1691
14575,14575,2014,2018,1149
14578,14578,2014,2016,552
14579,14579,2014,2020,1692
14580,14580,2014,2020,1701
14588,14588,2014,2018,1163
14589,14589,2014,2020,1695
14590,14590,2014,2020,1588
14591,14591,2014,2020,1694
14593,14593,1993,2020,7044
14594,14594,2014,2018,1165
14595,14595,2014,2017,884
14596,14596,2014,2020,1699
14597,14597,2014,2015,278
14598,14598,2014,2015,198
14599,14599,2014,2020,1678
14600,14600,2014,2019,1204
14601,14601,2014,2020,1681
14602,14602,2014,2020,1541
14603,14603,2014,2020,1694
14604,14604,2014,2020,1699
14607,14607,2014,2020,1640
14608,14608,2014,2020,1690
14609,14609,2014,2020,1690
14610,14610,2014,2020,1695
14611,14611,2014,2020,1700
14612,14612,2014,2016,454
14615,14615,2014,2020,1690
14616,14616,2014,2020,1690
14617,14617,2014,2020,1680
14618,14618,2014,2020,1676
14619,14619,2014,2020,1660
14622,14622,1993,1993,33
14625,14625,2014,2020,1665
14630,14630,2014,2020,1488
14632,14632,2014,2020,1660
14633,14633,2014,2020,1675
14634,14634,2014,2020,1665
14636,14636,2014,2020,1662
14637,14637,2014,2018,919
14638,14638,2014,2020,1662
14641,14641,2014,2020,1671
14642,14642,2014,2020,1676
14643,14643,2014,2020,1677
14644,14644,2014,2020,1443
14645,14645,2014,2020,1664
14646,14646,2014,2019,1374
14647,14647,2014,2020,1676
14650,14650,2014,2020,1647
14651,14651,2014,2020,1659
14652,14652,2014,2020,1613
14653,14653,2014,2020,1479
14654,14654,2014,2019,1273
14655,14655,2014,2020,1666
14656,14656,1993,2012,4977
14658,14658,2014,2018,1137
14659,14659,2014,2019,918
14660,14660,2014,2020,1662
14661,14661,2014,2020,1634
14662,14662,2014,2020,1523
14663,14663,2014,2020,1665
14666,14666,2014,2020,1661
14667,14667,2014,2020,1660
14668,14668,2014,2020,1669
14669,14669,2014,2016,639
14670,14670,2014,2020,1672
14671,14671,2014,2017,841
14674,14674,2014,2020,1659
14675,14675,2014,2020,1481
14676,14676,2014,2020,1675
14677,14677,2014,2020,1670
14678,14678,2014,2020,1613
14682,14682,2014,2020,1640
14683,14683,2014,2016,473
14684,14684,2014,2020,1639
14685,14685,2014,2017,855
14686,14686,2014,2020,1639
14687,14687,2014,2020,1651
14688,14688,2014,2020,1643
14689,14689,2014,2020,1656
14690,14690,2014,2020,1647
14691,14691,2014,2020,1645
14692,14692,2014,2014,108
14693,14693,2014,2020,1648
14694,14694,2014,2020,1642
14695,14695,2014,2017,828
14696,14696,2014,2020,1641
14697,14697,2014,2020,1630
14698,14698,2014,2016,411
14702,14702,1993,2020,7050
14703,14703,2014,2016,570
14704,14704,2014,2020,1647
14705,14705,2014,2020,1643
14706,14706,2014,2016,627
14707,14707,2014,2020,1656
14708,14708,2014,2020,1645
14709,14709,2014,2016,431
14710,14710,2014,2020,1644
14711,14711,2014,2020,1647
14712,14712,2014,2015,379
14713,14713,2014,2017,710
14714,14714,2014,2020,1656
14715,14715,2014,2020,1651
14716,14716,2014,2020,1648
14717,14717,2014,2016,515
14718,14718,2014,2020,1642
14719,14719,2014,2020,1613
14720,14720,2014,2020,1641
14721,14721,2014,2019,1358
14722,14722,2014,2020,1644
14723,14723,2014,2016,562
14724,14724,2014,2020,1606
14734,14734,2014,2020,1641
14735,14735,2014,2016,596
14736,14736,1993,2001,2210
14750,14750,2014,2020,1642
14751,14751,2014,2020,1638
14752,14752,1993,2020,6984
14753,14753,2014,2017,833
14754,14754,2014,2016,608
14755,14755,2014,2020,1652
14756,14756,2014,2020,1583
14759,14759,2014,2020,1622
14761,14761,1993,2020,4688
14763,14763,2014,2020,1618
14773,14773,2014,2020,1625
14774,14774,2014,2020,1559
14776,14776,2014,2020,1618
14777,14777,2014,2020,1620
14778,14778,2014,2020,1623
14781,14781,2014,2020,1615
14782,14782,2014,2020,1627
14783,14783,2014,2020,1619
14784,14784,2014,2015,348
14785,14785,2014,2020,1627
14786,14786,2014,2020,1622
14789,14789,2014,2016,596
14790,14790,2014,2020,1618
14791,14791,2014,2020,1635
14792,14792,2014,2019,1181
14793,14793,2014,2020,1424
14794,14794,2014,2020,1638
14795,14795,1993,2020,7051
14797,14797,2014,2020,1626
14798,14798,2014,2020,1541
14799,14799,2014,2016,225
14800,14800,2014,2020,1635
14801,14801,2014,2016,519
14802,14802,2014,2016,260
14803,14803,2014,2020,1618
14804,14804,2014,2020,1624
14805,14805,2014,2019,1180
14806,14806,2016,2017,337
14807,14807,2014,2020,1629
14809,14809,1993,1994,356
14810,14810,2014,2020,1603
14811,14811,2014,2020,1623
14812,14812,2014,2020,1622
14813,14813,2014,2020,1621
14814,14814,2014,2017,623
14815,14815,2014,2020,1617
14816,14816,1993,2020,7051
14818,14818,2014,2020,1607
14819,14819,2014,2017,334
14820,14820,2014,2020,1607
14821,14821,2014,2017,752
14822,14822,2014,2020,1639
14823,14823,2014,2020,1622
14826,14826,2014,2020,1617
14827,14827,2014,2017,871
14828,14828,2014,2020,1626
14829,14829,2014,2017,825
14830,14830,2014,2020,1620
14831,14831,2014,2020,1520
14833,14833,1993,1993,2
14834,14834,2014,2016,612
14835,14835,2014,2014,6
14836,14836,2014,2020,1623
14849,14849,2014,2016,488
14851,14851,2014,2018,1112
14852,14852,2014,2020,1612
14855,14855,2014,2020,1612
14856,14856,2014,2017,778
14857,14857,2014,2020,1613
14858,14858,2014,2017,787
14861,14861,2014,2016,395
14862,14862,2014,2020,1604
14863,14863,2014,2020,1598
14864,14864,2014,2016,526
14865,14865,2014,2020,1614
14866,14866,2014,2020,1545
14868,14868,1993,2014,4091
14869,14869,2014,2020,1584
14870,14870,2014,2018,1107
14871,14871,2014,2019,1143
14872,14872,2014,2020,1598
14873,14873,2014,2020,457
14874,14874,2014,2020,1609
14877,14877,2014,2020,1202
14878,14878,2014,2016,188
14879,14879,2014,2020,1613
14880,14880,2014,2017,634
14881,14881,2014,2019,1140
14882,14882,2014,2020,1582
14883,14883,1993,1999,1597
14884,14884,2014,2020,1577
14888,14888,2014,2020,1583
14889,14889,2014,2020,1580
14890,14890,2014,2019,1125
14891,14891,1993,2005,3176
14898,14898,2014,2020,1512
14899,14899,2014,2017,758
14902,14902,2014,2020,1578
14908,14908,2014,2020,1580
14915,14915,2014,2019,1192
14918,14918,2014,2019,1177
14919,14919,2014,2020,1580
14923,14923,2014,2020,1588
14924,14924,2014,2020,1581
14925,14925,2014,2020,1576
14926,14926,2014,2020,1575
14927,14927,2014,2020,1587
14928,14928,2014,2020,1580
14929,14929,2014,2020,1376
14930,14930,2014,2020,1441
14931,14931,2014,2020,1025
14932,14932,2014,2020,1304
14934,14934,2014,2020,1589
14935,14935,2014,2020,1584
14936,14936,2014,2020,1588
14937,14937,2014,2020,1585
14938,14938,2014,2016,526
14939,14939,2014,2020,1552
14941,14941,2014,2020,1552
14942,14942,2014,2020,1552
14943,14943,2014,2020,1451
14944,14944,2014,2020,1550
14945,14945,2014,2019,1276
14950,14950,2014,2019,1110
14951,14951,2014,2020,1400
14952,14952,2014,2020,1555
14953,14953,2014,2020,1554
14954,14954,2014,2020,1341
14955,14955,1993,2002,2320
14956,14956,2014,2019,1077
14959,14959,2014,2020,1569
14960,14960,2014,2020,1544
14961,14961,2014,2018,921
14969,14969,2014,2020,1565
14970,14970,2014,2020,1569
14972,14972,2014,2017,611
14973,14973,2014,2020,1560
14974,14974,2014,2020,1548
14975,14975,2014,2020,1549
14976,14976,2014,2016,412
14980,14980,2014,2020,1555
14981,14981,2014,2020,1569
14982,14982,2014,2020,1516
14983,14983,2014,2020,1574
14984,14984,2014,2020,1355
14985,14985,2014,2020,1569
14986,14986,2014,2020,1574
14987,14987,2014,2020,1567
14988,14988,2014,2020,1550
14989,14989,2014,2017,682
14990,14990,2014,2016,378
14991,14991,2014,2020,1564
14992,14992,2014,2017,310
14993,14993,2014,2016,323
14994,14994,2014,2019,922
14995,14995,2014,2020,1574
14996,14996,2014,2020,1561
14997,14997,2014,2020,1557
15001,15001,2014,2018,1024
15002,15002,2014,2020,1560
15003,15003,2014,2020,1353
15006,15006,2014,2019,1301
15007,15007,2014,2020,1383
15008,15008,2014,2017,760
15009,15009,2014,2020,1558
15010,15010,2014,2016,503
15011,15011,2014,2019,758
15013,15013,2014,2016,376
15014,15014,2014,2020,1568
15015,15015,2014,2020,1560
15016,15016,2014,2020,1555
15017,15017,2014,2020,1021
15020,15020,2014,2020,1574
15022,15022,2014,2020,1560
15023,15023,2014,2017,792
15024,15024,2014,2015,286
15028,15028,2014,2020,1451
15029,15029,2014,2020,1415
15030,15030,2014,2017,722
15031,15031,2014,2019,1093
15033,15033,2014,2019,1104
15035,15035,1993,2001,2247
15041,15041,2014,2020,1536
15044,15044,2014,2017,711
15045,15045,2014,2017,719
15046,15046,2014,2020,1549
15047,15047,2014,2020,1537
15048,15048,2014,2020,1540
15049,15049,2014,2020,1295
15052,15052,2014,2020,1541
15053,15053,2014,2020,1545
15054,15054,2014,2020,1534
15055,15055,2014,2018,1028
15056,15056,2014,2020,1545
15057,15057,2014,2020,1541
15058,15058,2014,2020,1542
15059,15059,2014,2020,1549
15060,15060,2014,2017,573
15061,15061,2014,2016,503
15062,15062,2014,2020,1540
15063,15063,2014,2020,1249
15064,15064,2014,2020,1545
15065,15065,2014,2020,1543
15066,15066,2014,2020,1411
15067,15067,2014,2020,1548
15068,15068,2014,2020,1339
15069,15069,1993,2020,7051
15070,15070,1993,2020,6988
15071,15071,2014,2020,1548
15072,15072,2014,2020,1544
15073,15073,2014,2020,1450
15074,15074,2014,2017,736
15075,15075,2014,2020,1539
15076,15076,2014,2020,1515
15077,15077,1993,2009,4032
15079,15079,2014,2020,1544
15080,15080,2014,2019,1217
15081,15081,2014,2020,1364
15082,15082,2014,2020,1471
15083,15083,2014,2017,765
15084,15084,2014,2020,1548
15087,15087,2014,2020,1542
15088,15088,2014,2016,524
15089,15089,2014,2020,1550
15090,15090,2014,2016,396
15091,15091,2014,2018,959
15092,15092,2014,2020,1525
15099,15099,2014,2018,833
15105,15105,2014,2017,582
15108,15108,2014,2020,1524
15109,15109,2014,2020,1518
15110,15110,2014,2020,1465
15113,15113,2014,2020,1523
15116,15116,2014,2018,904
15117,15117,2014,2019,1204
15119,15119,2014,2020,1524
15120,15120,2014,2016,269
15125,15125,2014,2020,1520
15126,15126,2014,2017,726
15127,15127,2014,2020,1517
15128,15128,2014,2019,1020
15129,15129,2014,2020,1209
15131,15131,1993,1994,284
15132,15132,2014,2020,1529
15133,15133,2014,2020,1524
15134,15134,2014,2018,806
15135,15135,2014,2020,1525
15136,15136,2014,2020,1518
15137,15137,2014,2020,1519
15138,15138,2014,2020,1259
15139,15139,2014,2020,1648
15140,15140,2014,2020,1543
15141,15141,2014,2015,348
15142,15142,2015,2020,1501
15144,15144,2015,2020,1178
15145,15145,2015,2020,1497
15159,15159,2015,2019,1081
15164,15164,2015,2017,720
15166,15166,1993,1998,1332
15167,15167,2015,2020,1492
15168,15168,2015,2020,1485
15169,15169,2015,2020,1497
15170,15170,2015,2020,1260
15171,15171,2015,2020,1494
15172,15172,2015,2020,1492
15175,15175,2015,2018,257
15176,15176,2015,2018,776
15177,15177,2015,2020,1493
15178,15178,2015,2020,1492
15180,15180,2015,2020,1454
15181,15181,2015,2019,1014
15183,15183,2015,2019,1228
15184,15184,2015,2020,1492
15186,15186,2015,2020,1494
15187,15187,2015,2020,1481
15188,15188,2015,2016,266
15192,15192,2015,2017,512
15194,15194,2015,2020,1487
15196,15196,2015,2020,1482
15198,15198,2015,2020,1483
15202,15202,1993,2020,7051
15203,15203,1993,2020,5386
15215,15215,2015,2020,1483
15216,15216,2015,2020,1489
15217,15217,2015,2016,348
15218,15218,2015,2020,1482
15219,15219,2015,2020,1472
15220,15220,2015,2020,1483
15221,15221,2015,2020,1480
15222,15222,2015,2020,1474
15223,15223,2015,2017,700
15224,15224,2015,2017,615
15225,15225,2015,2016,241
15226,15226,2015,2020,1490
15227,15227,2015,2017,628
15228,15228,2015,2016,258
15231,15231,2015,2020,1450
15238,15238,1993,1999,1646
15242,15242,2015,2020,1358
15244,15244,2015,2020,1460
15249,15249,2015,2020,1456
15254,15254,2014,2020,1718
15259,15259,2015,2020,1415
15262,15262,1993,1996,622
15263,15263,2015,2017,648
15264,15264,2015,2020,1464
15266,15266,2015,2018,246
15267,15267,2015,2020,1453
15268,15268,2015,2020,1425
15269,15269,2015,2020,1455
15270,15270,2015,2019,1015
15271,15271,2015,2020,1129
15272,15272,2015,2020,1454
15273,15273,2015,2020,1470
15274,15274,2015,2020,1368
15275,15275,2015,2020,1452
15276,15276,2015,2018,865
15277,15277,2015,2020,1456
15278,15278,2015,2020,1438
15279,15279,2015,2020,1433
15280,15280,2015,2017,304
15281,15281,2015,2017,273
15282,15282,2015,2020,1441
15283,15283,2015,2016,392
15284,15284,2015,2020,1430
15285,15285,2015,2020,1443
15286,15286,2015,2020,1441
15287,15287,2015,2020,1440
15290,15290,2015,2018,921
15291,15291,2015,2020,1440
15292,15292,2015,2017,341
15293,15293,2015,2020,1065
15294,15294,2015,2020,1283
15295,15295,2015,2020,1449
15297,15297,2015,2020,1439
15298,15298,2015,2017,658
15299,15299,2015,2020,1005
15300,15300,2015,2016,71
15301,15301,2015,2018,763
15302,15302,2015,2020,1440
15303,15303,2015,2020,1431
15304,15304,2015,2020,1405
15305,15305,2015,2020,1441
15313,15313,2015,2020,1431
15315,15315,2015,2020,1450
15318,15318,1993,2020,7037
15323,15323,2015,2020,1435
15324,15324,2015,2019,1103
15325,15325,1993,1993,64
15327,15327,2015,2020,1440
15331,15331,2015,2020,1447
15332,15332,2015,2020,1419
15334,15334,1993,1994,482
15335,15335,2015,2016,383
15336,15336,2015,2020,1408
15337,15337,2015,2020,1414
15338,15338,2015,2020,1418
15339,15339,2015,2017,597
15340,15340,2015,2020,1429
15342,15342,1993,1994,450
15343,15343,2015,2020,1415
15344,15344,2015,2019,1113
15349,15349,2015,2019,924
15351,15351,2015,2020,1419
15357,15357,2015,2016,359
15358,15358,2015,2020,1415
15359,15359,2015,2020,1245
15361,15361,2015,2020,1426
15362,15362,2015,2016,128
15363,15363,2015,2019,936
15364,15364,2015,2020,1338
15365,15365,2015,2020,1415
15366,15366,2015,2017,274
15367,15367,2015,2016,244
15368,15368,1993,2000,1852
15370,15370,2015,2017,458
15371,15371,2015,2020,1424
15372,15372,2015,2017,536
15373,15373,2015,2020,1420
15374,15374,2015,2020,1425
15375,15375,2015,2020,1417
15378,15378,2015,2020,1425
15379,15379,2015,2020,1195
15380,15380,2015,2020,1410
15381,15381,2015,2020,1423
15382,15382,2015,2020,1419
15383,15383,2015,2020,1392
15386,15386,2015,2018,544
15387,15387,2015,2016,281
15388,15388,2015,2016,285
15389,15389,2015,2020,1389
15390,15390,2015,2020,1396
15391,15391,2015,2019,1108
15394,15394,2015,2020,1311
15395,15395,2015,2020,1387
15396,15396,2015,2020,1387
15397,15397,2015,2020,1387
15398,15398,2015,2020,1387
15399,15399,2015,2020,1387
15400,15400,2015,2020,1387
15401,15401,2015,2016,233
15402,15402,2015,2017,630
15403,15403,2015,2017,630
15404,15404,2015,2016,252
15407,15407,2015,2020,1386
15408,15408,2015,2020,1385
15409,15409,2015,2020,1390
15410,15410,2015,2020,1390
15411,15411,2015,2020,1236
15412,15412,2015,2016,250
15415,15415,2015,2018,756
15416,15416,2015,2020,1391
15417,15417,2015,2020,1391
15418,15418,2015,2018,741
15419,15419,2015,2020,1333
15420,15420,2015,2016,340
15423,15423,2015,2020,1340
15424,15424,2015,2019,992
15425,15425,2015,2020,1405
15426,15426,2015,2018,703
15427,15427,2015,2020,1390
15428,15428,2015,2018,847
15429,15429,2015,2020,1391
15430,15430,2015,2019,921
15431,15431,2015,2020,1390
15432,15432,2015,2020,1397
15433,15433,2015,2020,1388
15434,15434,2015,2017,523
15435,15435,2015,2020,1401
15436,15436,2015,2020,1392
15437,15437,2015,2017,540
15438,15438,2015,2020,1200
15439,15439,2015,2017,189
15440,15440,2015,2020,1400
15441,15441,2015,2018,813
15442,15442,2015,2020,1197
15443,15443,2015,2020,1391
15450,15450,2015,2020,1285
15451,15451,2015,2016,371
15452,15452,2015,2020,1405
15454,15454,2015,2020,1391
15455,15455,2015,2020,1408
15456,15456,1993,2020,7050
15457,15457,1993,2020,6868
15465,15465,1993,1996,801
15466,15466,2015,2019,1111
15472,15472,1993,2008,3970
15477,15477,2015,2020,1390
15478,15478,2015,2020,1391
15482,15482,2015,2020,1396
15485,15485,2015,2017,527
15486,15486,2015,2020,1401
15487,15487,2015,2018,746
15488,15488,2015,2020,1375
15489,15489,2015,2020,1365
15490,15490,2015,2020,1364
15491,15491,2015,2020,1370
15492,15492,2015,2020,1277
15493,15493,2015,2020,1365
15494,15494,2015,2018,695
15495,15495,2015,2020,1340
15496,15496,2015,2020,1387
15497,15497,2015,2020,1377
15498,15498,2015,2020,1384
15502,15502,1993,2000,1157
15503,15503,2015,2020,1212
15504,15504,2015,2020,1276
15505,15505,2015,2020,1321
15506,15506,2015,2020,1371
15507,15507,2015,2020,1377
15508,15508,2015,2020,1238
15509,15509,2015,2018,554
15510,15510,2015,2020,1365
15514,15514,2015,2017,465
15523,15523,2015,2017,609
15525,15525,2015,2020,1018
15526,15526,2015,2020,1200
15527,15527,2015,2020,1372
15530,15530,2015,2020,1376
15531,15531,2015,2020,1372
15532,15532,2015,2019,1129
15533,15533,2015,2020,1369
15534,15534,2015,2020,1386
15535,15535,2015,2020,1377
15537,15537,1993,2020,6306
15538,15538,2015,2019,944
15539,15539,2015,2020,1362
15540,15540,2015,2020,1303
15541,15541,2015,2020,1376
15542,15542,2015,2020,1367
15543,15543,2015,2020,1320
15546,15546,2015,2020,1355
15550,15550,2015,2020,1385
15553,15553,1993,2016,5917
15560,15560,1993,2015,5560
15577,15577,2015,2020,1347
15579,15579,1993,2020,7050
15580,15580,1993,2020,6341
15581,15581,2015,2020,1322
15582,15582,2015,2020,1376
15584,15584,2015,2020,1385
15585,15585,2015,2020,1387
15586,15586,2015,2019,981
15590,15590,2015,2020,1370
15597,15597,2015,2020,1375
15598,15598,2015,2017,504
15599,15599,2015,2018,627
15617,15617,1993,2000,1902
15623,15623,2015,2020,1357
15627,15627,2015,2020,1362
15630,15630,2015,2020,1305
15631,15631,2020,2020,182
15634,15634,2015,2020,1273
15635,15635,2015,2020,1054
15636,15636,2015,2020,1176
15637,15637,2015,2018,351
15638,15638,2015,2020,1358
15639,15639,2015,2020,976
15642,15642,2015,2020,1345
15643,15643,2015,2020,1363
15644,15644,2015,2020,1153
15645,15645,2015,2020,1347
15646,15646,2015,2020,1363
15647,15647,2015,2020,1326
15648,15648,2015,2020,1325
15649,15649,2015,2020,1323
15650,15650,2015,2020,1323
15651,15651,2015,2020,1323
15652,15652,2015,2018,473
15653,15653,2015,2020,769
15654,15654,2015,2020,1211
15656,15656,2017,2020,886
15658,15658,2015,2020,1333
15659,15659,1993,2001,2043
15662,15662,2015,2020,1308
15664,15664,2015,2020,664
15665,15665,2015,2020,1341
15667,15667,1993,2009,4229
15674,15674,2015,2020,1327
15684,15684,1993,1999,1604
15694,15694,2015,2020,1332
15702,15702,2015,2020,1311
15703,15703,2015,2019,951
15707,15707,2015,2020,1301
15708,15708,2015,2019,983
15709,15709,2015,2020,1301
15710,15710,2015,2020,1299
15711,15711,2015,2017,324
15719,15719,2015,2020,1295
15720,15720,1993,2020,7051
15721,15721,1993,2017,6033
15723,15723,2015,2018,702
15724,15724,2015,2020,1323
15729,15729,2015,2020,1319
15734,15734,2015,2017,408
15735,15735,2015,2020,1309
15747,15747,1993,1999,1542
15748,15748,1993,2006,3114
15774,15774,2015,2020,1318
15775,15775,2015,2020,1319
15776,15776,2015,2020,1304
15777,15777,2015,2016,274
15778,15778,2015,2020,1314
15779,15779,2015,2020,1318
15780,15780,2015,2017,515
15781,15781,2015,2020,1094
15782,15782,2015,2020,1076
15783,15783,2015,2017,59
15784,15784,2015,2020,1323
15785,15785,2015,2020,1206
15786,15786,2015,2020,1175
15787,15787,2015,2020,1311
15788,15788,2015,2020,1272
15789,15789,2015,2020,1322
15790,15790,2015,2019,872
15791,15791,2015,2020,837
15792,15792,2015,2017,173
15793,15793,2015,2020,1075
15794,15794,2015,2020,1309
15795,15795,2015,2020,1323
15796,15796,2015,2020,1275
15797,15797,2015,2018,589
15801,15801,1993,1994,27
15802,15802,2015,2020,1281
15820,15820,1993,1997,378
15824,15824,2015,2020,1095
15825,15825,2015,2018,764
15826,15826,2015,2020,1288
15828,15828,1993,1999,1345
15829,15829,2015,2018,566
15830,15830,2015,2020,1049
15831,15831,2015,2020,1288
15832,15832,2015,2017,359
15833,15833,2015,2020,1289
15834,15834,2015,2017,350
15837,15837,2015,2020,1287
15838,15838,2015,2020,1294
15839,15839,2015,2020,1162
15840,15840,2015,2020,1269
15841,15841,2015,2020,1223
15842,15842,2015,2020,1152
15846,15846,2015,2020,1285
15847,15847,2015,2020,1298
15848,15848,2015,2020,1273
15849,15849,2015,2020,1288
15850,15850,2015,2020,1288
15853,15853,2015,2020,1271
15854,15854,2015,2020,1298
15855,15855,2015,2020,1149
15856,15856,2015,2020,1294
15857,15857,2015,2020,1294
15858,15858,2015,2016,233
15859,15859,2015,2020,1269
15860,15860,2015,2020,1268
15862,15862,2015,2020,1264
15863,15863,2016,2020,1259
15887,15887,2015,2020,1263
15896,15896,2015,2020,1268
15897,15897,2015,2018,205
15898,15898,2015,2020,1240
15899,15899,2015,2020,835
15900,15900,2015,2019,558
15901,15901,2015,2019,556
15902,15902,2015,2020,1220
15903,15903,2015,2020,1259
15904,15904,2015,2020,1269
15905,15905,2015,2018,623
15906,15906,2015,2020,1213
15909,15909,2015,2020,1274
15910,15910,2015,2019,214
15911,15911,2016,2019,559
15912,15912,1997,2020,4022
15913,15913,2017,2020,818
15914,15914,2016,2020,1255
15916,15916,1993,1995,410
15917,15917,2016,2020,1237
15918,15918,2016,2020,1231
15920,15920,2016,2020,1253
15921,15921,2016,2020,1217
15929,15929,2016,2020,1226
15934,15934,2016,2018,568
15936,15936,2016,2020,1238
15937,15937,2016,2020,1238
15943,15943,2016,2020,1206
15945,15945,2016,2020,1176
15946,15946,2016,2020,1119
15948,15948,2016,2020,1219
15950,15950,2016,2020,1232
15955,15955,2016,2019,932
15956,15956,2016,2020,1197
15957,15957,2016,2020,1070
15960,15960,2016,2020,1204
15961,15961,2016,2020,1217
15962,15962,2016,2020,991
15965,15965,2016,2020,1207
15966,15966,1993,1999,1745
15969,15969,2016,2020,1208
15970,15970,2016,2020,972
15971,15971,2016,2020,1204
15972,15972,2016,2020,555
15973,15973,2016,2020,612
15974,15974,1993,1993,208
15975,15975,1993,1993,122
15976,15976,2016,2020,1218
15977,15977,2016,2020,1219
15978,15978,2016,2020,1199
15979,15979,2016,2020,1219
15980,15980,2016,2020,1193
15991,15991,1993,2007,3669
15995,15995,2016,2020,1207
15996,15996,2016,2020,1187
15997,15997,2016,2020,1187
15998,15998,2016,2020,1187
15999,15999,2016,2020,311
16000,16000,2016,2020,1187
16001,16001,2016,2018,620
16004,16004,2016,2020,990
16005,16005,2016,2020,1194
16006,16006,2016,2020,1162
16007,16007,2016,2020,1182
16008,16008,2016,2020,1179
16012,16012,2016,2020,757
16015,16015,2016,2020,1106
16016,16016,2016,2020,1028
16017,16017,2016,2020,1186
16018,16018,2016,2020,1152
16019,16019,2016,2020,1180
16020,16020,2016,2020,1183
16021,16021,2016,2020,1158
16022,16022,2016,2020,1149
16024,16024,2016,2020,1184
16030,16030,1993,2018,6399
16033,16033,2016,2016,152
16034,16034,2016,2020,1180
16042,16042,2016,2020,1185
16043,16043,2016,2020,1172
16044,16044,2016,2020,1167
16048,16048,2016,2020,1157
16049,16049,2016,2020,1147
16051,16051,2016,2020,1168
16052,16052,2016,2020,1156
16055,16055,2016,2020,762
16056,16056,2016,2017,97
16057,16057,2016,2020,1058
16059,16059,2016,2020,971
16060,16060,2016,2020,1172
16062,16062,2016,2020,1156
16063,16063,2016,2020,1161
16064,16064,2016,2020,1173
16066,16066,2016,2020,1161
16067,16067,2016,2018,429
16068,16068,2016,2020,1159
16069,16069,2016,2020,1172
16070,16070,2016,2020,1170
16071,16071,2016,2020,1142
16073,16073,2016,2018,567
16074,16074,2016,2020,1159
16076,16076,2016,2020,1159
16077,16077,2016,2020,1164
16081,16081,2016,2019,892
16082,16082,2016,2020,1169
16083,16083,2016,2020,1170
16084,16084,2016,2020,1159
16086,16086,2016,2020,1091
16087,16087,2016,2020,1133
16090,16090,2016,2020,1155
16091,16091,2016,2020,1150
16092,16092,2016,2020,1076
16093,16093,2016,2020,1071
16094,16094,2016,2020,1107
16095,16095,2016,2017,136
16097,16097,2016,2020,1135
16098,16098,2016,2020,724
16099,16099,2016,2020,1138
16100,16100,2016,2020,1155
16101,16101,2016,2016,38
16102,16102,2016,2016,33
16103,16103,2016,2020,1127
16104,16104,2016,2020,1139
16105,16105,2016,2020,839
16106,16106,2016,2018,405
16107,16107,2016,2020,1116
16108,16108,2016,2020,1141
16110,16110,2016,2020,723
16111,16111,2016,2020,1135
16112,16112,2016,2020,1147
16117,16117,1993,2000,1911
16119,16119,2016,2020,1149
16120,16120,2016,2020,1139
16126,16126,1993,2020,6949
16136,16136,2016,2020,1136
16140,16140,2016,2020,1140
16143,16143,2016,2020,1127
16144,16144,2016,2018,459
16145,16145,2016,2020,1077
16146,16146,2016,2020,1114
16149,16149,2016,2017,226
16154,16154,2016,2020,1117
16155,16155,2016,2020,1122
16156,16156,2016,2020,1132
16158,16158,2016,2020,1123
16159,16159,2016,2017,283
16160,16160,2016,2018,459
16161,16161,2016,2020,1105
16162,16162,2016,2020,878
16163,16163,2016,2020,915
16164,16164,2016,2020,1128
16165,16165,2016,2019,558
16170,16170,2016,2020,704
16171,16171,2016,2020,1116
16172,16172,2016,2020,1119
16173,16173,2016,2020,902
16174,16174,2016,2020,1076
16175,16175,2016,2018,428
16178,16178,2016,2020,1130
16179,16179,2016,2020,1005
16181,16181,2016,2020,1056
16182,16182,2016,2020,1121
16183,16183,2016,2020,1055
16185,16185,1993,1998,944
16186,16186,2016,2020,1116
16187,16187,2016,2020,1115
16188,16188,2016,2020,1120
16189,16189,2016,2019,572
16193,16193,1993,2000,1957
16247,16247,2016,2020,1105
16249,16249,2005,2016,2668
16250,16250,2016,2020,1108
16251,16251,2016,2020,892
16252,16252,2016,2020,1108
16253,16253,2016,2020,1111
16254,16254,2016,2017,138
16255,16255,2016,2020,1110
16258,16258,2016,2020,926
16259,16259,2016,2017,148
16260,16260,2016,2020,1105
16261,16261,2016,2020,945
16262,16262,2016,2018,332
16263,16263,2016,2020,1106
16266,16266,2016,2019,574
16267,16267,2016,2018,581
16268,16268,2016,2020,1111
16275,16275,2016,2020,1097
16276,16276,2016,2020,1070
16277,16277,2016,2020,1070
16278,16278,2016,2019,815
16279,16279,2016,2019,757
16281,16281,2016,2020,1076
16282,16282,2016,2019,577
16283,16283,2016,2020,1081
16284,16284,2016,2020,1001
16285,16285,2016,2020,1077
16286,16286,2016,2018,179
16287,16287,2016,2020,1081
16288,16288,2016,2020,1055
16289,16289,2016,2020,1056
16290,16290,2016,2020,1065
16291,16291,2016,2020,708
16292,16292,2016,2020,702
16293,16293,2016,2020,886
16294,16294,2016,2020,1065
16295,16295,2016,2020,915
16296,16296,2016,2020,1058
16297,16297,2016,2020,764
16298,16298,2016,2020,1075
16302,16302,2016,2020,814
16303,16303,2016,2020,1078
16304,16304,2016,2020,1071
16305,16305,2016,2020,776
16306,16306,2019,2020,277
16307,16307,2016,2020,1081
16308,16308,2016,2020,1072
16309,16309,2016,2020,1078
16310,16310,2016,2020,1073
16311,16311,2016,2020,1065
16318,16318,2016,2020,1077
16319,16319,2016,2020,1081
16332,16332,2016,2019,661
16333,16333,2016,2020,1082
16337,16337,2016,2020,1073
16338,16338,2016,2020,1076
16339,16339,2016,2020,1081
16340,16340,2016,2017,255
16341,16341,2016,2020,1061
16342,16342,2016,2020,1050
16343,16343,2016,2020,1049
16346,16346,2016,2018,436
16347,16347,2016,2020,1049
16348,16348,2016,2020,1049
16350,16350,2016,2020,455
16376,16376,2016,2020,991
16377,16377,2016,2020,1061
16378,16378,2016,2020,800
16381,16381,2016,2020,1051
16382,16382,2016,2020,1067
16383,16383,2016,2020,1058
16384,16384,2016,2020,1057
16385,16385,2016,2019,423
16386,16386,2016,2020,1057
16392,16392,2016,2020,1066
16393,16393,2016,2020,1067
16394,16394,2016,2020,784
16396,16396,1993,2006,3440
16397,16397,2016,2019,662
16398,16398,2016,2020,863
16399,16399,2016,2020,1059
16400,16400,2016,2020,763
16401,16401,2016,2020,1061
16402,16402,2016,2020,931
16403,16403,2016,2020,1046
16417,16417,1993,2020,2601
16424,16424,1993,2005,3212
16429,16429,2016,2019,683
16431,16431,2016,2020,1042
16432,16432,1993,2020,7051
16434,16434,2016,2020,1051
16435,16435,2016,2020,1024
16436,16436,2016,2020,1068
16437,16437,2016,2020,1066
16442,16442,2016,2020,1055
16448,16448,2016,2020,1069
16449,16449,2016,2020,1052
16450,16450,2016,2020,874
16451,16451,2016,2020,1052
16452,16452,2016,2020,1054
16454,16454,2016,2020,1028
16457,16457,2016,2020,898
16458,16458,2016,2020,977
16460,16460,1993,1999,1698
16461,16461,2016,2020,1048
16463,16463,2016,2020,1033
16464,16464,2016,2020,826
16465,16465,2016,2020,765
16466,16466,2016,2020,1010
16468,16468,1993,2003,1501
16469,16469,2016,2019,703
16470,16470,2016,2019,309
16471,16471,2016,2020,1046
16472,16472,2016,2020,1044
16473,16473,2016,2020,1030
16479,16479,2016,2020,1030
16485,16485,2016,2020,1033
16493,16493,2016,2019,50
16494,16494,2016,2020,1026
16495,16495,2016,2020,1022
16496,16496,2016,2020,1022
16497,16497,2017,2020,1007
16498,16498,2017,2020,1006
16499,16499,2017,2020,1006
16505,16505,1993,2020,7049
16514,16514,2016,2020,1013
16515,16515,2016,2020,1028
16519,16519,2016,2019,535
16522,16522,2017,2020,759
16523,16523,2016,2020,885
16524,16524,2016,2020,986
16525,16525,2016,2020,1022
16526,16526,2016,2020,849
16528,16528,2016,2020,1021
16529,16529,2016,2020,1008
16530,16530,2016,2017,224
16531,16531,2016,2018,227
16532,16532,2016,2020,1023
16533,16533,2016,2020,1020
16534,16534,2016,2018,372
16535,16535,2016,2020,1017
16536,16536,2016,2020,912
16537,16537,2016,2020,1014
16538,16538,2017,2020,998
16541,16541,2017,2020,996
16542,16542,2017,2020,992
16543,16543,2017,2020,989
16544,16544,2017,2018,276
16545,16545,2017,2020,996
16548,16548,1993,2020,7051
16553,16553,2017,2020,743
16554,16554,2017,2020,990
16555,16555,1993,2020,7051
16557,16557,2017,2020,995
16558,16558,2017,2020,990
16560,16560,2017,2020,990
16562,16562,2017,2020,991
16564,16564,1993,1999,1654
16568,16568,2017,2019,252
16569,16569,2017,2020,746
16570,16570,2017,2020,990
16571,16571,1993,1995,554
16573,16573,2017,2020,989
16574,16574,2017,2018,406
16575,16575,2017,2017,143
16576,16576,2017,2020,971
16577,16577,2017,2020,980
16579,16579,2017,2020,980
16581,16581,2017,2020,987
16582,16582,2017,2020,984
16585,16585,2017,2020,978
16587,16587,2017,2018,415
16588,16588,2017,2020,977
16590,16590,2017,2020,974
16591,16591,2017,2020,987
16592,16592,2017,2020,985
16593,16593,2017,2020,978
16594,16594,2017,2020,977
16595,16595,2017,2020,967
16597,16597,2017,2020,951
16599,16599,1993,2001,2209
16600,16600,1993,2020,7051
16602,16602,2017,2019,670
16603,16603,2017,2020,957
16611,16611,2017,2020,962
16613,16613,2017,2020,967
16614,16614,2017,2018,283
16615,16615,2017,2020,948
16617,16617,2017,2020,956
16622,16622,2017,2020,852
16624,16624,2017,2020,958
16625,16625,2017,2020,960
16626,16626,2017,2020,949
16629,16629,2017,2017,111
16630,16630,2017,2020,839
16631,16631,2017,2020,845
16632,16632,2017,2020,968
16633,16633,2017,2020,535
16638,16638,2017,2020,957
16639,16639,2017,2020,927
16640,16640,2017,2018,304
16641,16641,2017,2020,960
16642,16642,2017,2019,700
16644,16644,1993,2011,4571
16645,16645,2017,2018,124
16646,16646,2017,2020,826
16647,16647,2017,2020,730
16648,16648,2017,2020,942
16649,16649,2017,2020,941
16650,16650,2017,2020,937
16653,16653,2017,2020,937
16654,16654,2017,2020,937
16655,16655,2017,2020,927
16656,16656,2017,2020,927
16657,16657,2017,2020,927
16659,16659,2017,2020,942
16660,16660,2017,2020,927
16664,16664,2017,2020,928
16665,16665,2017,2019,680
16667,16667,2017,2020,932
16668,16668,2017,2020,927
16669,16669,2017,2019,547
16670,16670,2017,2020,929
16671,16671,2017,2020,867
16672,16672,2017,2018,310
16673,16673,2017,2020,802
16674,16674,2017,2020,767
16675,16675,2017,2020,927
16676,16676,2017,2020,932
16677,16677,2017,2019,604
16678,16678,1993,2020,7051
16679,16679,1993,1993,65
16680,16680,2017,2020,862
16681,16681,2017,2020,937
16682,16682,2017,2019,583
16683,16683,2017,2019,321
16684,16684,2017,2020,882
16685,16685,2017,2020,710
16688,16688,2017,2019,588
16689,16689,2017,2020,944
16690,16690,2017,2020,939
16691,16691,2017,2020,922
16692,16692,2017,2020,917
16693,16693,2017,2020,906
16696,16696,2017,2020,904
16697,16697,2017,2020,908
16698,16698,2017,2020,908
16699,16699,2017,2020,909
16700,16700,2017,2019,573
16701,16701,2017,2020,920
16702,16702,2017,2020,915
16703,16703,2017,2020,919
16704,16704,2017,2019,392
16705,16705,2017,2020,914
16706,16706,2017,2020,673
16708,16708,1993,1996,749
16709,16709,2017,2020,922
16710,16710,2017,2020,909
16711,16711,2017,2020,923
16712,16712,2017,2020,917
16713,16713,2017,2020,465
16715,16715,1993,2005,3095
16716,16716,1993,1996,761
16736,16736,2017,2020,919
16737,16737,2017,2020,903
16738,16738,2017,2020,923
16739,16739,2017,2020,913
16746,16746,2017,2020,919
16749,16749,2017,2020,914
16750,16750,2017,2020,917
16751,16751,2017,2020,923
16752,16752,2017,2019,577
16753,16753,2017,2020,889
16754,16754,2017,2020,885
16755,16755,2017,2020,884
16756,16756,2017,2020,883
16764,16764,2017,2020,887
16765,16765,2017,2020,897
16767,16767,1993,1996,803
16768,16768,2017,2020,897
16770,16770,2017,2020,889
16771,16771,2017,2020,793
16773,16773,2017,2019,550
16776,16776,2017,2020,884
16777,16777,2017,2020,895
16778,16778,2017,2020,886
16779,16779,2017,2020,893
16780,16780,2017,2020,895
16781,16781,2017,2020,862
16783,16783,2017,2019,597
16784,16784,2017,2020,882
16785,16785,2017,2020,780
16786,16786,2017,2020,890
16787,16787,2017,2020,851
16788,16788,2017,2020,414
16789,16789,2017,2019,455
16791,16791,1993,2002,1839
16792,16792,2017,2020,885
16793,16793,2017,2020,860
16794,16794,2017,2020,860
16795,16795,2017,2020,883
16796,16796,2017,2020,801
16797,16797,2017,2020,649
16798,16798,2017,2020,695
16799,16799,2017,2020,777
16800,16800,2017,2020,798
16801,16801,2017,2020,751
16802,16802,2017,2020,884
16805,16805,2017,2020,900
16806,16806,2017,2018,259
16807,16807,2017,2020,765
16808,16808,2017,2020,860
16809,16809,2017,2020,872
16813,16813,2017,2020,870
16814,16814,2017,2020,816
16815,16815,2017,2019,244
16816,16816,2017,2020,858
16818,16818,2017,2020,870
16819,16819,2017,2020,861
16820,16820,2017,2020,876
16821,16821,2017,2019,371
16822,16822,2017,2020,769
16823,16823,2017,2020,702
16824,16824,2017,2020,870
16825,16825,2017,2019,543
16826,16826,2017,2020,843
16827,16827,2017,2020,869
16828,16828,2017,2020,866
16829,16829,2017,2020,864
16830,16830,2017,2019,602
16831,16831,2017,2020,596
16832,16832,2017,2020,830
16833,16833,2017,2020,817
16834,16834,2017,2020,863
16836,16836,2017,2020,873
16837,16837,2017,2020,875
16841,16841,2017,2020,864
16844,16844,2017,2020,872
16849,16849,2017,2020,863
16850,16850,2017,2020,839
16851,16851,2017,2020,839
16852,16852,2007,2017,2547
16853,16853,2017,2020,861
16855,16855,1993,1997,1084
16856,16856,2017,2020,859
16857,16857,2017,2020,860
16864,16864,2017,2019,519
16865,16865,2017,2020,851
16866,16866,2017,2020,843
16870,16870,1993,1998,1385
16874,16874,2017,2020,659
16875,16875,2017,2020,860
16876,16876,2017,2020,629
16877,16877,2017,2020,857
16879,16879,2017,2019,430
16880,16880,2017,2020,606
16883,16883,2017,2020,848
16887,16887,2017,2020,855
16890,16890,1993,2007,3531
16894,16894,2017,2020,721
16895,16895,2017,2020,770
16903,16903,2017,2020,847
16904,16904,2017,2020,842
16905,16905,2017,2020,723
16911,16911,2017,2020,624
16913,16913,2017,2019,493
16914,16914,2017,2020,845
16915,16915,2017,2020,834
16917,16917,2017,2020,819
16920,16920,2017,2020,819
16921,16921,2017,2020,819
16922,16922,2017,2020,740
16923,16923,2017,2020,825
16924,16924,2017,2020,821
16925,16925,2017,2019,209
16927,16927,2017,2020,826
16928,16928,2017,2020,826
16929,16929,2017,2020,820
16930,16930,2017,2019,424
16931,16931,2017,2020,825
16932,16932,2017,2020,821
16933,16933,2017,2020,825
16936,16936,2017,2020,822
16937,16937,2017,2020,838
16938,16938,2017,2020,827
16939,16939,2017,2020,816
16940,16940,2017,2020,827
16956,16956,2017,2020,822
16957,16957,2017,2020,826
16961,16961,2017,2020,820
16962,16962,2017,2020,821
16963,16963,2017,2020,827
16964,16964,2017,2020,820
16965,16965,2017,2020,815
16966,16966,2017,2020,815
16967,16967,2017,2020,811
16968,16968,2017,2020,806
16971,16971,2017,2020,801
16973,16973,2017,2018,157
16974,16974,2017,2020,805
16975,16975,2017,2020,640
16976,16976,2017,2020,797
16978,16978,1993,2001,2166
16979,16979,2017,2020,789
16980,16980,2017,2020,499
16981,16981,2017,2020,802
16982,16982,2017,2020,787
16983,16983,2017,2020,698
16984,16984,2017,2020,704
16986,16986,1993,2001,2101
16987,16987,2017,2020,811
16988,16988,2017,2019,205
16989,16989,2017,2020,811
16990,16990,2017,2020,731
16991,16991,2017,2020,799
16992,16992,2017,2020,810
16995,16995,2017,2020,818
16996,16996,2017,2020,289
16997,16997,2017,2020,280
16998,16998,2017,2020,805
16999,16999,2017,2020,806
17000,17000,2017,2020,816
17001,17001,2017,2020,792
17002,17002,2017,2020,801
17004,17004,2017,2020,800
17005,17005,1993,2020,7051
17017,17017,2017,2020,785
17019,17019,2017,2020,807
17023,17023,2017,2020,805
17031,17031,2017,2020,818
17032,17032,2017,2020,648
17033,17033,2017,2020,800
17034,17034,2017,2020,797
17035,17035,2017,2020,796
17036,17036,2017,2020,784
17037,17037,2017,2020,785
17038,17038,2017,2020,785
17039,17039,2017,2020,778
17040,17040,2017,2020,711
17041,17041,2017,2020,713
17042,17042,2017,2020,796
17043,17043,2017,2020,796
17044,17044,2017,2020,796
17045,17045,2017,2020,795
17046,17046,2017,2019,470
17047,17047,2017,2020,785
17049,17049,1993,1998,456
17050,17050,2017,2018,276
17055,17055,2017,2020,787
17057,17057,1993,2000,1998
17058,17058,2017,2020,777
17073,17073,2011,2020,2447
17079,17079,2017,2018,252
17081,17081,2017,2020,794
17082,17082,2017,2020,770
17088,17088,2017,2020,786
17090,17090,2017,2020,609
17091,17091,2017,2020,782
17092,17092,2017,2020,797
17093,17093,2017,2020,792
17094,17094,2017,2020,790
17097,17097,2017,2019,303
17098,17098,2017,2020,791
17100,17100,2017,2020,780
17103,17103,2017,2020,783
17104,17104,2017,2020,791
17105,17105,2017,2020,786
17106,17106,2017,2020,790
17107,17107,2017,2020,747
17108,17108,2017,2020,792
17109,17109,2017,2020,695
17110,17110,2017,2020,577
17112,17112,2017,2020,748
17113,17113,2017,2020,795
17114,17114,2017,2019,191
17115,17115,2017,2020,792
17116,17116,2017,2020,784
17117,17117,2017,2020,713
17119,17119,2017,2019,13
17120,17120,2017,2020,739
17121,17121,2017,2020,785
17122,17122,2017,2020,785
17123,17123,2017,2020,659
17124,17124,2017,2020,791
17125,17125,2017,2020,771
17126,17126,2017,2020,766
17127,17127,2017,2020,478
17130,17130,2018,2020,756
17131,17131,2018,2020,756
17133,17133,2017,2020,771
17134,17134,2017,2020,317
17135,17135,2017,2020,766
17137,17137,1993,2020,7047
17138,17138,2017,2020,688
17139,17139,2017,2020,766
17140,17140,2017,2020,751
17141,17141,2017,2020,753
17144,17144,1993,2020,7051
17146,17146,2017,2020,761
17147,17147,2018,2020,392
17148,17148,2017,2020,771
17149,17149,2017,2018,78
17150,17150,2017,2020,762
17151,17151,2017,2020,769
17154,17154,2017,2020,772
17155,17155,2017,2020,772
17156,17156,2018,2019,286
17157,17157,2018,2020,445
17178,17178,2017,2020,772
17182,17182,2017,2019,469
17196,17196,1993,1996,900
17200,17200,2017,2020,770
17201,17201,2017,2020,589
17202,17202,2010,2012,600
17203,17203,2010,2012,566
17204,17204,2010,2012,566
17205,17205,2010,2020,2667
17206,17206,2010,2012,566
17207,17207,2010,2012,564
17209,17209,2002,2007,1429
17210,17210,2010,2012,600
17211,17211,2010,2012,566
17212,17212,2010,2012,600
17213,17213,2010,2020,2667
17214,17214,2010,2020,2667
17215,17215,2010,2012,599
17218,17218,2010,2012,565
17219,17219,2010,2012,600
17220,17220,2010,2012,600
17221,17221,2018,2020,748
17222,17222,2018,2020,748
17223,17223,2018,2020,744
17226,17226,2018,2020,744
17227,17227,2018,2020,740
17234,17234,2018,2020,746
17245,17245,2018,2020,564
17250,17250,2018,2020,740
17251,17251,2018,2020,744
17252,17252,2018,2020,739
17254,17254,2018,2020,741
17255,17255,2018,2019,217
17256,17256,2018,2018,102
17257,17257,2018,2020,719
17258,17258,2018,2020,629
17262,17262,2018,2020,756
17263,17263,2018,2020,738
17264,17264,2018,2020,737
17265,17265,2018,2020,739
17266,17266,2018,2020,740
17269,17269,2018,2020,740
17270,17270,2018,2020,738
17271,17271,2018,2020,739
17272,17272,2018,2020,739
17273,17273,2018,2020,734
17278,17278,1993,1999,1531
17279,17279,2008,2015,1764
17281,17281,2018,2020,730
17282,17282,2003,2007,1009
17285,17285,2003,2006,834
17286,17286,2018,2020,734
17287,17287,2018,2020,735
17301,17301,2018,2020,730
17306,17306,2018,2020,618
17307,17307,2018,2020,735
17308,17308,2018,2020,713
17309,17309,2018,2020,607
17310,17310,2018,2020,735
17311,17311,2018,2020,475
17313,17313,2018,2020,726
17315,17315,2018,2020,729
17316,17316,2018,2020,718
17317,17317,2018,2020,730
17318,17318,2018,2020,722
17322,17322,2018,2019,380
17323,17323,2018,2020,721
17324,17324,2018,2020,721
17325,17325,2018,2020,726
17326,17326,2018,2020,634
17327,17327,2018,2020,735
17328,17328,2018,2020,721
17330,17330,2018,2020,731
17331,17331,2018,2019,370
17332,17332,2018,2020,730
17334,17334,2018,2020,701
17337,17337,1994,2005,2671
17341,17341,2018,2020,705
17342,17342,2018,2020,700
17343,17343,2018,2020,698
17344,17344,2018,2020,698
17345,17345,2018,2020,705
17346,17346,2018,2020,697
17349,17349,2018,2020,711
17350,17350,2018,2020,707
17351,17351,2018,2020,709
17354,17354,2018,2020,596
17357,17357,2018,2020,597
17358,17358,2018,2020,697
17359,17359,2018,2020,703
17360,17360,2018,2020,696
17361,17361,2018,2020,433
17362,17362,2018,2020,696
17365,17365,2018,2020,668
17366,17366,2018,2020,509
17367,17367,2018,2020,378
17368,17368,2018,2020,697
17369,17369,2018,2020,403
17370,17370,2018,2020,708
17372,17372,2018,2020,696
17373,17373,2018,2020,694
17374,17374,2018,2020,706
17378,17378,2018,2020,698
17379,17379,2018,2020,697
17380,17380,2018,2020,694
17381,17381,2018,2020,578
17382,17382,2018,2020,687
17389,17389,2014,2020,1559
17390,17390,2014,2020,1499
17391,17391,2015,2020,1189
17392,17392,2015,2020,1224
17393,17393,2017,2020,924
17443,17443,1993,1997,1015
17444,17444,1993,2020,6275
17478,17478,1993,2020,7051
17523,17523,1993,2019,6280
17559,17559,1993,2005,2955
17563,17563,2015,2020,1400
17566,17566,1993,1999,1703
17671,17671,1993,2012,3987
17672,17672,2018,2020,682
17673,17673,2018,2019,426
17676,17676,2018,2020,674
17677,17677,2018,2020,655
17678,17678,2018,2020,658
17679,17679,2018,2020,686
17680,17680,2018,2020,690
17683,17683,2018,2020,681
17684,17684,2018,2020,475
17685,17685,2018,2020,676
17686,17686,2018,2020,682
17688,17688,2018,2020,676
17690,17690,2018,2020,688
17691,17691,2018,2020,677
17692,17692,2018,2020,681
17693,17693,2018,2020,677
17694,17694,2018,2020,682
17695,17695,2018,2020,682
17696,17696,2018,2020,520
17699,17699,2018,2020,254
17700,17700,2018,2020,677
17701,17701,2018,2020,676
17726,17726,1993,2020,7051
17743,17743,1993,2020,7046
17750,17750,1993,2020,7051
17759,17759,2018,2020,679
17760,17760,2018,2020,679
17761,17761,2018,2020,690
17765,17765,2018,2020,689
17766,17766,2018,2020,690
17767,17767,2018,2020,690
17768,17768,2018,2020,690
17770,17770,1993,2000,1856
17771,17771,2018,2020,690
17772,17772,2018,2020,690
17773,17773,2018,2020,690
17774,17774,2018,2020,690
17775,17775,2018,2020,690
17776,17776,2018,2020,690
17778,17778,1993,2020,6801
17781,17781,2018,2020,511
17782,17782,2018,2020,694
17783,17783,2018,2020,668
17784,17784,2018,2019,359
17787,17787,2018,2020,667
17788,17788,2018,2020,662
17789,17789,2018,2020,653
17790,17790,2018,2020,658
17791,17791,2018,2019,399
17792,17792,2018,2020,652
17794,17794,2018,2020,652
17795,17795,2018,2020,657
17796,17796,2018,2020,523
17797,17797,2018,2020,602
17798,17798,2018,2020,673
17799,17799,2018,2020,672
17800,17800,2018,2020,671
17801,17801,2018,2020,671
17802,17802,2018,2020,671
17803,17803,2018,2020,654
17805,17805,2018,2020,663
17806,17806,1993,2007,3578
17807,17807,1993,1999,1147
17808,17808,2018,2020,671
17809,17809,2018,2020,657
17810,17810,2018,2020,636
17811,17811,2018,2020,668
17812,17812,2018,2020,660
17813,17813,2018,2020,653
17815,17815,1993,1998,1462
17816,17816,2018,2020,652
17817,17817,2018,2020,657
17818,17818,2018,2020,668
17819,17819,2018,2020,502
17820,17820,2018,2020,629
17821,17821,2018,2020,657
17824,17824,2018,2019,328
17825,17825,2018,2020,672
17826,17826,2018,2020,668
17827,17827,2018,2020,657
17830,17830,1993,2020,7051
17832,17832,2018,2020,666
17836,17836,2018,2020,673
17845,17845,2018,2020,660
17848,17848,2018,2020,412
17854,17854,2018,2020,639
17855,17855,2018,2020,642
17859,17859,2018,2020,631
17860,17860,2018,2020,631
17864,17864,2018,2020,633
17867,17867,2018,2020,633
17868,17868,2018,2020,638
17869,17869,2018,2020,635
17870,17870,2018,2020,637
17871,17871,2018,2020,638
17872,17872,2018,2019,274
17875,17875,2018,2020,595
17876,17876,2018,2020,632
17877,17877,2018,2020,637
17878,17878,2018,2020,639
17879,17879,2018,2020,582
17880,17880,2018,2020,633
17883,17883,2018,2020,446
17884,17884,2018,2020,606
17885,17885,2018,2020,600
17886,17886,2018,2020,634
17887,17887,2018,2020,638
17888,17888,2018,2020,643
17889,17889,2018,2020,638
17890,17890,2018,2020,424
17891,17891,2018,2020,634
17892,17892,2018,2020,638
17893,17893,2018,2020,647
17894,17894,2018,2020,467
17895,17895,2018,2020,637
17898,17898,2018,2020,633
17899,17899,2018,2020,633
17900,17900,2018,2020,633
17901,17901,2018,2020,390
17902,17902,1993,1998,1320
17903,17903,1993,1996,1003
17904,17904,2018,2020,633
17905,17905,2018,2020,634
17906,17906,2018,2020,642
17907,17907,2018,2020,499
17908,17908,2018,2020,638
17911,17911,1993,1998,1261
17913,17913,2018,2020,615
17916,17916,2018,2020,643
17919,17919,2018,2020,638
17920,17920,2018,2020,562
17929,17929,1993,2020,7051
17939,17939,2018,2020,642
17942,17942,2018,2020,626
17944,17944,2018,2020,614
17946,17946,1993,1998,1400
17947,17947,2018,2020,620
17948,17948,2018,2020,619
17949,17949,2018,2020,615
17950,17950,2018,2020,614
17951,17951,2018,2020,613
17952,17952,2018,2020,619
17955,17955,2018,2020,615
17956,17956,2018,2020,614
17957,17957,2018,2020,620
17958,17958,2018,2020,619
17959,17959,2018,2020,620
17960,17960,2018,2020,450
17961,17961,1993,2020,6935
17962,17962,1993,2001,2049
17963,17963,2018,2020,618
17964,17964,2018,2020,619
17966,17966,2018,2020,295
17967,17967,2018,2020,614
17968,17968,2018,2020,614
17969,17969,2018,2020,536
17970,17970,2018,2020,593
17971,17971,2018,2020,613
17972,17972,2018,2020,614
17973,17973,2018,2020,616
17974,17974,2018,2020,618
17975,17975,2018,2019,216
17976,17976,2018,2020,572
17977,17977,2018,2020,619
17978,17978,2018,2020,477
17979,17979,2018,2020,613
17980,17980,2018,2020,578
17981,17981,2018,2020,519
17984,17984,2018,2020,613
17987,17987,2018,2020,591
17989,17989,1993,1998,1205
18010,18010,2018,2020,528
18011,18011,2018,2020,609
18012,18012,2018,2020,609
18013,18013,2018,2020,608
18016,18016,1993,2008,3998
18026,18026,2018,2020,589
18027,18027,2018,2020,595
18032,18032,1993,1995,744
18033,18033,1993,2013,5234
18036,18036,2018,2020,596
18042,18042,2018,2020,266
18043,18043,2018,2020,604
18044,18044,2018,2020,587
18045,18045,2018,2020,573
18046,18046,2018,2020,604
18047,18047,2018,2020,452
18048,18048,2018,2020,578
18049,18049,2018,2020,583
18050,18050,2018,2020,493
18051,18051,2018,2020,603
18052,18052,2018,2020,603
18053,18053,2018,2020,525
18054,18054,2018,2020,584
18055,18055,2018,2020,592
18056,18056,2018,2020,604
18057,18057,2018,2020,259
18058,18058,2018,2020,603
18061,18061,2018,2020,594
18062,18062,2018,2020,575
18063,18063,2018,2020,575
18064,18064,2018,2020,568
18065,18065,2018,2020,496
18067,18067,1993,1998,1360
18071,18071,2018,2020,569
18073,18073,2018,2020,577
18075,18075,1993,2020,7007
18077,18077,2018,2020,574
18085,18085,2018,2020,567
18086,18086,2018,2020,449
18087,18087,2018,2020,581
18089,18089,2018,2020,570
18091,18091,1993,2020,6906
18092,18092,1993,2007,3709
18096,18096,2018,2020,576
18097,18097,2018,2020,571
18098,18098,2018,2020,586
18099,18099,2018,2020,571
18100,18100,2018,2020,570
18101,18101,2018,2020,585
18102,18102,2018,2020,564
18103,18103,2018,2020,574
18106,18106,2018,2020,574
18107,18107,2018,2020,479
18108,18108,2018,2020,571
18109,18109,2018,2020,579
18110,18110,2018,2020,537
18111,18111,2018,2020,575
18112,18112,1993,2014,4919
18113,18113,2018,2020,570
18114,18114,2018,2020,450
18115,18115,2018,2020,576
18116,18116,2018,2020,569
18117,18117,2018,2020,144
18118,18118,2018,2020,426
18119,18119,2018,2020,465
18122,18122,2018,2020,443
18123,18123,2018,2020,448
18124,18124,2018,2019,68
18125,18125,2018,2019,139
18126,18126,2018,2020,512
18127,18127,2018,2020,579
18128,18128,2018,2020,570
18129,18129,2018,2020,472
18130,18130,2018,2020,570
18131,18131,2018,2020,572
18132,18132,2018,2020,578
18133,18133,2018,2020,574
18134,18134,2018,2020,566
18135,18135,2018,2020,565
18136,18136,2018,2020,564
18137,18137,2018,2020,560
18138,18138,2018,2020,560
18141,18141,2018,2020,559
18142,18142,2018,2020,548
18143,18143,2018,2020,546
18144,18144,2018,2020,545
18145,18145,2018,2020,550
18147,18147,1993,1999,1582
18148,18148,1993,2020,6954
18149,18149,2018,2020,543
18150,18150,2018,2020,537
18151,18151,2018,2020,552
18152,18152,2018,2019,128
18156,18156,1993,1998,1196
18162,18162,2018,2020,470
18163,18163,1993,2020,7051
18164,18164,1993,1994,447
18168,18168,2018,2020,417
18169,18169,2018,2020,400
18170,18170,2018,2020,421
18173,18173,2018,2020,467
18179,18179,2018,2020,549
18183,18183,2018,2020,554
18184,18184,2018,2020,465
18185,18185,2018,2020,411
18187,18187,2018,2020,556
18190,18190,2018,2020,546
18191,18191,2018,2020,541
18192,18192,2018,2020,435
18193,18193,2019,2020,151
18194,18194,2018,2020,173
18195,18195,2018,2020,559
18196,18196,2018,2020,371
18197,18197,2018,2020,549
18198,18198,1993,2000,1855
18202,18202,2018,2020,454
18203,18203,2018,2020,565
18204,18204,2018,2020,190
18205,18205,2018,2020,554
18206,18206,2018,2020,554
18207,18207,2018,2020,563
18208,18208,2018,2020,546
18209,18209,2018,2020,555
18210,18210,2018,2020,555
18211,18211,2018,2020,538
18212,18212,2018,2020,556
18213,18213,2018,2020,550
18214,18214,2018,2020,546
18215,18215,2018,2020,291
18216,18216,2018,2020,500
18217,18217,2018,2020,526
18221,18221,2018,2020,544
18222,18222,2018,2020,535
18223,18223,2018,2020,486
18224,18224,2018,2020,539
18244,18244,1993,2006,2967
18246,18246,2018,2019,269
18247,18247,2018,2020,536
18248,18248,2018,2020,447
18249,18249,2018,2020,323
18250,18250,2018,2020,237
18253,18253,2018,2020,540
18255,18255,2018,2020,528
18256,18256,2018,2020,497
18257,18257,2018,2020,537
18258,18258,2018,2020,474
18259,18259,2018,2020,479
18260,18260,2018,2020,462
18261,18261,2018,2020,532
18262,18262,2018,2020,495
18263,18263,2018,2020,489
18264,18264,2018,2020,477
18266,18266,2018,2020,491
18267,18267,2018,2020,507
18274,18274,2018,2020,335
18286,18286,1993,2006,3071
18287,18287,1993,1997,951
18292,18292,2018,2020,522
18293,18293,2018,2020,506
18297,18297,2018,2020,520
18298,18298,2018,2020,510
18299,18299,2018,2020,518
18301,18301,2018,2020,470
18302,18302,2019,2020,361
18303,18303,2018,2020,511
18304,18304,2018,2020,495
18305,18305,2018,2020,521
18306,18306,2018,2020,504
18308,18308,1993,1999,1563
18309,18309,2018,2020,520
18310,18310,2018,2019,54
18311,18311,2018,2020,516
18312,18312,2018,2020,521
18313,18313,2018,2020,519
18314,18314,2018,2020,432
18316,18316,1993,1995,554
18317,18317,2018,2020,516
18318,18318,2018,2020,510
18320,18320,2018,2020,523
18321,18321,2018,2020,282
18322,18322,2018,2020,523
18325,18325,2018,2020,520
18326,18326,2018,2020,511
18327,18327,2019,2020,479
18344,18344,2019,2020,491
18349,18349,2019,2020,486
18356,18356,2019,2020,412
18357,18357,2019,2020,418
18360,18360,2019,2020,347
18361,18361,2019,2020,396
18362,18362,2019,2020,498
18363,18363,2019,2020,499
18364,18364,2019,2020,441
18365,18365,2019,2020,498
18368,18368,2019,2020,485
18369,18369,2019,2020,455
18370,18370,2019,2020,314
18372,18372,2019,2020,503
18374,18374,1993,1999,1746
18376,18376,2019,2020,480
18377,18377,2019,2020,479
18381,18381,2019,2020,277
18382,18382,1993,2003,2590
18389,18389,2019,2020,473
18395,18395,2019,2020,472
18396,18396,2019,2020,473
18397,18397,2019,2019,195
18398,18398,2019,2019,146
18399,18399,2019,2020,472
18400,18400,2019,2020,443
18401,18401,2019,2020,479
18402,18402,2019,2020,471
18403,18403,1993,2020,6893
18405,18405,2019,2020,474
18406,18406,2019,2020,482
18407,18407,2019,2020,399
18408,18408,2019,2020,466
18409,18409,2019,2020,474
18410,18410,2019,2020,331
18411,18411,1993,2020,7051
18413,18413,2019,2020,468
18414,18414,2019,2020,473
18415,18415,2019,2020,475
18416,18416,2019,2020,466
18417,18417,2019,2020,287
18418,18418,2019,2020,477
18419,18419,2019,2020,368
18420,18420,2019,2020,453
18421,18421,2019,2020,453
18422,18422,2019,2020,350
18423,18423,2019,2020,451
18424,18424,2019,2020,451
18425,18425,2019,2020,445
18426,18426,2019,2020,446
18427,18427,2019,2020,443
18428,18428,2019,2020,443
18434,18434,2019,2020,463
18438,18438,1993,2020,6902
18446,18446,1993,1995,605
18448,18448,2019,2019,167
18450,18450,2019,2020,447
18452,18452,2019,2020,445
18453,18453,2019,2020,311
18455,18455,1993,2001,2014
18456,18456,2019,2020,461
18457,18457,2019,2020,390
18458,18458,2019,2020,446
18459,18459,2019,2020,449
18460,18460,2019,2020,446
18461,18461,2019,2020,280
18464,18464,2019,2020,296
18465,18465,2019,2020,430
18466,18466,2019,2020,460
18467,18467,2019,2020,452
18468,18468,2019,2020,447
18469,18469,2019,2020,256
18472,18472,2019,2020,320
18480,18480,2019,2020,441
18481,18481,2019,2020,438
18482,18482,2019,2020,436
18483,18483,2019,2020,428
18484,18484,2019,2020,431
18485,18485,2019,2020,431
18514,18514,2019,2020,338
18515,18515,2019,2020,431
18529,18529,2019,2020,435
18532,18532,2019,2020,436
18533,18533,2019,2020,314
18539,18539,2019,2020,319
18542,18542,1993,2020,7051
18543,18543,1993,1997,1170
18544,18544,2019,2020,320
18545,18545,2019,2020,436
18546,18546,2019,2020,294
18547,18547,2019,2020,428
18548,18548,2019,2020,433
18549,18549,2019,2020,322
18551,18551,1993,1997,1013
18552,18552,2019,2020,252
18553,18553,2019,2020,433
18554,18554,2019,2020,333
18555,18555,2019,2020,440
18556,18556,2019,2020,431
18557,18557,2019,2020,432
18558,18558,2019,2020,369
18559,18559,2019,2020,431
18560,18560,2019,2020,430
18561,18561,2019,2020,441
18562,18562,2019,2020,443
18563,18563,2019,2020,432
18564,18564,2019,2020,47
18565,18565,2019,2020,442
18566,18566,2019,2020,441
18567,18567,2019,2020,432
18568,18568,2019,2020,440
18570,18570,1993,2018,6302
18571,18571,2019,2020,420
18572,18572,2019,2020,422
18573,18573,2019,2020,421
18575,18575,2019,2020,418
18576,18576,2019,2020,416
18578,18578,2019,2020,407
18579,18579,2019,2020,411
18580,18580,2019,2020,411
18592,18592,2019,2020,401
18622,18622,1993,2020,7051
18642,18642,2019,2020,348
18643,18643,2019,2020,417
18644,18644,2019,2020,413
18645,18645,2019,2020,420
18646,18646,2019,2020,416
18647,18647,2019,2020,407
18648,18648,2019,2020,417
18649,18649,1993,2020,7051
18650,18650,1996,2014,4417
18651,18651,2019,2020,233
18652,18652,2019,2020,423
18653,18653,2019,2020,381
18654,18654,2019,2020,203
18655,18655,2019,2020,417
18656,18656,2019,2020,407
18659,18659,2019,2020,214
18660,18660,2019,2020,415
18661,18661,2019,2020,319
18662,18662,2019,2020,251
18663,18663,2019,2020,414
18664,18664,2019,2020,417
18667,18667,2019,2020,409
18668,18668,2019,2020,418
18669,18669,2019,2020,407
18670,18670,2019,2020,416
18671,18671,2019,2020,417
18672,18672,2019,2020,403
18675,18675,2019,2020,422
18676,18676,2019,2020,422
18677,18677,2019,2020,417
18678,18678,2019,2020,421
18681,18681,1993,2002,2506
18684,18684,2019,2020,404
18709,18709,2019,2020,417
18711,18711,1993,1998,1281
18715,18715,2019,2020,413
18719,18719,2019,2020,368
18721,18721,2019,2020,403
18723,18723,2019,2020,414
18724,18724,2019,2020,395
18725,18725,2019,2020,397
18726,18726,2019,2020,394
18727,18727,2019,2020,392
18728,18728,2019,2020,394
18729,18729,1993,2020,7051
18734,18734,2019,2020,388
18735,18735,2019,2020,388
18736,18736,2019,2020,382
18738,18738,1993,1997,176
18739,18739,2019,2020,384
18743,18743,2019,2020,398
18754,18754,1993,1999,1506
18756,18756,2019,2020,384
18760,18760,2019,2020,400
18761,18761,1993,2006,3400
18762,18762,1993,1994,154
18763,18763,2019,2020,385
18765,18765,2019,2020,391
18767,18767,2019,2020,389
18768,18768,2019,2020,393
18769,18769,2019,2020,383
18770,18770,2019,2020,383
18771,18771,2019,2020,383
18772,18772,2019,2020,388
18773,18773,2019,2020,386
18774,18774,2019,2020,388
18775,18775,2019,2020,384
18776,18776,2019,2020,347
18777,18777,2019,2020,382
18778,18778,2019,2020,303
18779,18779,2019,2020,383
18780,18780,2019,2020,394
18781,18781,2020,2020,138
18782,18782,2019,2020,388
18783,18783,2019,2020,388
18784,18784,2019,2020,382
18785,18785,2019,2020,389
18786,18786,2019,2020,369
18787,18787,2019,2020,368
18789,18789,2019,2020,364
18790,18790,2019,2020,321
18794,18794,2019,2020,335
18798,18798,2019,2020,362
18802,18802,2019,2020,312
18806,18806,2019,2020,379
18807,18807,2019,2020,369
18808,18808,2019,2020,369
18810,18810,2019,2020,364
18811,18811,2019,2020,363
18815,18815,2019,2020,364
18816,18816,2019,2020,381
18819,18819,2019,2020,381
18820,18820,2019,2020,381
18821,18821,2019,2020,381
18822,18822,2019,2020,381
18823,18823,2019,2020,381
18824,18824,2019,2020,363
18827,18827,2019,2020,360
18828,18828,2019,2020,368
18829,18829,2019,2020,368
18830,18830,2019,2020,138
18831,18831,2019,2020,363
18832,18832,2019,2020,364
18834,18834,1993,1993,57
18835,18835,2019,2020,309
18836,18836,2019,2020,370
18837,18837,2019,2020,323
18838,18838,2019,2020,369
18839,18839,2019,2020,369
18840,18840,2019,2020,265
18842,18842,1993,1993,194
18843,18843,2019,2020,371
18844,18844,2019,2020,302
18845,18845,2019,2020,369
18846,18846,2019,2020,369
18847,18847,2019,2020,369
18848,18848,2019,2020,50
18849,18849,2019,2020,132
18850,18850,2019,2020,75
18851,18851,2019,2020,380
18852,18852,2019,2020,256
18853,18853,2019,2020,214
18854,18854,2019,2020,363
18855,18855,2019,2020,360
18856,18856,2019,2020,368
18886,18886,2019,2020,359
18887,18887,2019,2020,357
18894,18894,2019,2020,350
18895,18895,2019,2020,349
18896,18896,2019,2020,354
18897,18897,2019,2020,347
18898,18898,2019,2020,359
18899,18899,2019,2020,347
18900,18900,2019,2020,279
18901,18901,2019,2020,350
18902,18902,2019,2020,359
18903,18903,2019,2020,302
18904,18904,2019,2020,353
18906,18906,2019,2020,162
18907,18907,2019,2020,330
18908,18908,2019,2020,330
18909,18909,2019,2020,329
18910,18910,2019,2020,326
18911,18911,2019,2020,325
18912,18912,2019,2020,325
18913,18913,2019,2020,317
18914,18914,1993,2007,2589
18915,18915,2019,2020,316
18921,18921,1993,2000,1852
18926,18926,2019,2020,328
18931,18931,2019,2020,328
18932,18932,2019,2020,314
18934,18934,2019,2020,327
18936,18936,2019,2020,261
18937,18937,2019,2020,240
18938,18938,2019,2020,266
18939,18939,2019,2020,226
18940,18940,2019,2020,320
18941,18941,2019,2020,328
18942,18942,2019,2020,267
18943,18943,2019,2020,296
18944,18944,2019,2020,278
18945,18945,2019,2020,282
18946,18946,2019,2020,274
18947,18947,2019,2020,236
18948,18948,1993,1996,994
18950,18950,2019,2020,204
18951,18951,2019,2020,181
18952,18952,2019,2020,204
18953,18953,2019,2020,225
18955,18955,2019,2020,326
18956,18956,1993,2020,7051
18958,18958,2019,2020,320
18959,18959,2019,2020,324
18960,18960,2019,2020,329
18961,18961,2019,2020,329
18963,18963,2019,2020,325
18964,18964,1993,2020,7051
18966,18966,2019,2020,334
18967,18967,2019,2020,305
18968,18968,2019,2020,299
18969,18969,2019,2020,297
18970,18970,2019,2020,305
18973,18973,1993,2020,6975
18980,18980,1993,1993,93
18994,18994,2019,2020,299
18996,18996,2019,2020,299
18997,18997,2019,2020,315
19001,19001,2019,2020,310
19002,19002,2019,2020,300
19003,19003,2019,2020,295
19004,19004,2019,2020,299
19005,19005,2019,2020,310
19007,19007,2019,2020,56
19008,19008,2019,2020,315
19010,19010,2019,2020,275
19011,19011,2019,2020,299
19012,19012,2019,2020,309
19013,19013,2019,2020,290
19014,19014,2019,2020,303
19015,19015,2019,2020,315
19016,19016,2019,2020,295
19017,19017,2019,2020,299
19018,19018,2019,2020,297
19021,19021,2019,2020,295
19022,19022,2020,2020,129
19024,19024,2019,2020,310
19025,19025,2019,2020,279
19026,19026,2019,2020,299
19029,19029,2019,2020,249
19031,19031,2019,2020,315
19032,19032,2019,2020,309
19033,19033,2019,2020,284
19034,19034,2019,2020,279
19037,19037,2019,2020,279
19051,19051,1993,1999,1653
19052,19052,1993,1995,544
19058,19058,2019,2020,290
19061,19061,2019,2020,234
19064,19064,2019,2020,244
19065,19065,2019,2020,280
19066,19066,2019,2020,272
19067,19067,2019,2020,290
19068,19068,2019,2020,277
19069,19069,2019,2020,278
19070,19070,2019,2020,288
19071,19071,2019,2020,204
19072,19072,2019,2020,290
19073,19073,2019,2020,288
19074,19074,2019,2020,277
19075,19075,2019,2020,279
19076,19076,2019,2020,225
19077,19077,2019,2020,182
19079,19079,1993,1993,88
19080,19080,2019,2020,265
19081,19081,2019,2020,280
19082,19082,2019,2020,289
19083,19083,2019,2020,66
19084,19084,2019,2020,266
19085,19085,2019,2020,237
19098,19098,2019,2020,263
19106,19106,2019,2020,248
19113,19113,2019,2020,265
19114,19114,2019,2020,238
19128,19128,2019,2020,253
19129,19129,2020,2020,237
19130,19130,2019,2020,239
19131,19131,1993,1993,87
19132,19132,2019,2020,232
19133,19133,2019,2020,227
19134,19134,2019,2020,266
19135,19135,2019,2020,230
19136,19136,2019,2020,199
19137,19137,2019,2020,274
19138,19138,2019,2020,170
19139,19139,2019,2020,271
19140,19140,2019,2020,224
19141,19141,2019,2020,255
19142,19142,2019,2020,260
19143,19143,2019,2020,253
19145,19145,2019,2020,265
19146,19146,2020,2020,162
19147,19147,2019,2020,185
19148,19148,2019,2020,267
19149,19149,2020,2020,235
19150,19150,2020,2020,235
19159,19159,1993,1996,911
19162,19162,2020,2020,249
19163,19163,2020,2020,250
19164,19164,2020,2020,239
19166,19166,1993,2020,7051
19168,19168,2020,2020,240
19172,19172,2020,2020,242
19173,19173,2020,2020,230
19174,19174,1993,1998,1265
19176,19176,2020,2020,234
19177,19177,2020,2020,233
19178,19178,2020,2020,233
19179,19179,2020,2020,112
19180,19180,2020,2020,136
19181,19181,2020,2020,221
19184,19184,2020,2020,233
19185,19185,2020,2020,243
19186,19186,2020,2020,187
19187,19187,2020,2020,238
19188,19188,2020,2020,213
19189,19189,2020,2020,186
19191,19191,1993,2000,1812
19192,19192,2020,2020,248
19193,19193,2020,2020,242
19194,19194,2020,2020,109
19195,19195,2020,2020,242
19196,19196,2020,2020,198
19197,19197,2020,2020,197
19198,19198,2020,2020,235
19199,19199,2020,2020,229
19200,19200,2020,2020,229
19201,19201,2020,2020,224
19202,19202,2020,2020,229
19208,19208,2020,2020,216
19224,19224,2020,2020,165
19225,19225,2020,2020,228
19226,19226,2020,2020,224
19227,19227,1994,2007,3259
19228,19228,2020,2020,229
19229,19229,2020,2020,232
19230,19230,2020,2020,177
19231,19231,2020,2020,227
19232,19232,2020,2020,223
19233,19233,2020,2020,224
19234,19234,2020,2020,218
19238,19238,1993,1994,395
19249,19249,2020,2020,224
19250,19250,2020,2020,228
19251,19251,2020,2020,214
19252,19252,2020,2020,228
19254,19254,1993,1998,1450
19256,19256,2020,2020,183
19257,19257,2020,2020,218
19271,19271,1993,2020,5632
19272,19272,2020,2020,127
19273,19273,2020,2020,86
19274,19274,2020,2020,190
19275,19275,2020,2020,179
19276,19276,2020,2020,185
19277,19277,2020,2020,198
19278,19278,2020,2020,189
19279,19279,2020,2020,170
19280,19280,2020,2020,202
19281,19281,2020,2020,200
19283,19283,2020,2020,191
19284,19284,2020,2020,192
19285,19285,2020,2020,189
19286,19286,2020,2020,189
19287,19287,2020,2020,210
19289,19289,1993,2006,2962
19291,19291,2020,2020,212
19295,19295,2020,2020,153
19300,19300,2020,2020,191
19301,19301,2020,2020,173
19309,19309,2020,2020,158
19310,19310,2020,2020,193
19311,19311,2020,2020,167
19312,19312,2020,2020,166
19313,19313,2020,2020,205
19314,19314,2020,2020,192
19315,19315,2020,2020,195
19316,19316,2020,2020,179
19317,19317,2020,2020,172
19331,19331,2020,2020,183
19333,19333,2020,2020,156
19338,19338,2020,2020,174
19347,19347,2020,2020,144
19348,19348,2020,2020,183
19349,19349,2020,2020,186
19350,19350,1993,2020,7051
19352,19352,2020,2020,127
19353,19353,2020,2020,175
19354,19354,2020,2020,191
19355,19355,2020,2020,120
19356,19356,2020,2020,189
19357,19357,2020,2020,156
19358,19358,2020,2020,155
19377,19377,1993,1998,1387
19388,19388,2020,2020,147
19391,19391,2020,2020,160
19392,19392,2020,2020,165
19393,19393,1993,2020,7051
19394,19394,1993,1996,560
19395,19395,2020,2020,163
19396,19396,2020,2020,167
19397,19397,2020,2020,122
19398,19398,2020,2020,168
19399,19399,2020,2020,130
19400,19400,2020,2020,165
19401,19401,2020,2020,124
19402,19402,2020,2020,170
19403,19403,2020,2020,148
19404,19404,2020,2020,146
19405,19405,2020,2020,147
19408,19408,2020,2020,144
19409,19409,2020,2020,141
19410,19410,2020,2020,136
19413,19413,2020,2020,131
19415,19415,2020,2020,130
19416,19416,2020,2020,144
19417,19417,2020,2020,124
19432,19432,2020,2020,131
19433,19433,2020,2020,135
19435,19435,2020,2020,138
19453,19453,2020,2020,130
19454,19454,2020,2020,139
19455,19455,2020,2020,137
19456,19456,2020,2020,141
19459,19459,2020,2020,131
19460,19460,2020,2020,129
19461,19461,2020,2020,131
19462,19462,2020,2020,146
19463,19463,2020,2020,131
19464,19464,2020,2020,141
19467,19467,2020,2020,146
19468,19468,2020,2020,56
19469,19469,2020,2020,126
19470,19470,2020,2020,146
19471,19471,2020,2020,112
19472,19472,2020,2020,131
19475,19475,2020,2020,131
19476,19476,2020,2020,141
19477,19477,2020,2020,136
19478,19478,2020,2020,146
19479,19479,2020,2020,142
19480,19480,2020,2020,141
19483,19483,2020,2020,136
19484,19484,2020,2020,141
19485,19485,2020,2020,148
19486,19486,2020,2020,136
19487,19487,2020,2020,131
19488,19488,2020,2020,141
19489,19489,2020,2020,87
19490,19490,2020,2020,139
19491,19491,2020,2020,136
19492,19492,2020,2020,132
19493,19493,2020,2020,123
19494,19494,2020,2020,137
19495,19495,2020,2020,128
19496,19496,2020,2020,127
19497,19497,2020,2020,127
19499,19499,2020,2020,122
19500,19500,2020,2020,119
19501,19501,2020,2020,118
19502,19502,1993,2020,7051
19504,19504,2020,2020,117
19505,19505,2020,2020,114
19506,19506,2020,2020,109
19507,19507,2020,2020,109
19514,19514,2020,2020,108
19515,19515,2020,2020,107
19519,19519,2020,2020,117
19521,19521,2020,2020,122
19527,19527,2020,2020,107
19533,19533,2020,2020,120
19534,19534,2020,2020,113
19539,19539,2020,2020,126
19540,19540,2020,2020,108
19541,19541,2020,2020,107
19542,19542,2020,2020,117
19543,19543,2020,2020,120
19544,19544,2020,2020,112
19546,19546,1993,2004,2865
19547,19547,2020,2020,105
19548,19548,2020,2020,124
19549,19549,2020,2020,96
19550,19550,2020,2020,108
19551,19551,2020,2020,113
19552,19552,2020,2020,120
19553,19553,1993,1998,1514
19555,19555,2020,2020,107
19556,19556,2020,2020,106
19557,19557,2020,2020,17
19558,19558,2020,2020,127
19559,19559,2020,2020,112
19560,19560,2020,2020,112
19561,19561,1993,2020,7051
19563,19563,2020,2020,122
19564,19564,2020,2020,108
19565,19565,2020,2020,120
19566,19566,2020,2020,112
19567,19567,2020,2020,117
19568,19568,2020,2020,122
19569,19569,2020,2020,122
19570,19570,2020,2020,117
19571,19571,2020,2020,80
19572,19572,2020,2020,118
19573,19573,2020,2020,124
19574,19574,2020,2020,107
19575,19575,2020,2020,104
19576,19576,2020,2020,104
19577,19577,2020,2020,103
19578,19578,2020,2020,97
19579,19579,2020,2020,90
19582,19582,1993,2000,1839
19583,19583,2007,2020,3293
19584,19584,2020,2020,88
19585,19585,2020,2020,92
19586,19586,2020,2020,86
19589,19589,1993,1995,663
19592,19592,2020,2020,97
19593,19593,2020,2020,93
19596,19596,1993,2003,2581
19598,19598,2020,2020,98
19599,19599,2020,2020,96
19601,19601,2020,2020,98
19602,19602,2020,2020,95
19604,19604,2020,2020,88
19605,19605,2020,2020,103
19606,19606,2020,2020,86
19615,19615,2020,2020,88
19616,19616,2020,2020,102
19619,19619,2020,2020,103
19620,19620,2020,2020,99
19621,19621,2020,2020,86
19622,19622,2020,2020,102
19623,19623,2020,2020,97
19624,19624,2020,2020,97
19627,19627,2020,2020,102
19628,19628,2020,2020,95
19629,19629,2020,2020,87
19630,19630,2020,2020,62
19631,19631,2020,2020,87
19632,19632,2020,2020,88
19635,19635,2020,2020,94
19636,19636,2020,2020,105
19637,19637,2020,2020,105
19638,19638,2020,2020,102
19639,19639,2020,2020,94
19640,19640,2020,2020,99
19643,19643,2020,2020,99
19644,19644,2020,2020,85
19645,19645,2020,2020,91
19646,19646,2020,2020,76
19647,19647,2020,2020,92
19648,19648,2020,2020,98
19649,19649,2020,2020,83
19650,19650,2020,2020,87
19652,19652,2020,2020,80
19653,19653,2020,2020,76
19654,19654,2020,2020,75
19655,19655,2020,2020,75
19656,19656,2020,2020,75
19657,19657,2020,2020,74
19658,19658,2020,2020,74
19659,19659,2020,2020,74
19660,19660,2020,2020,74
19661,19661,2009,2012,607
19662,19662,1993,2008,3484
19663,19663,2009,2010,222
19664,19664,2014,2016,370
19665,19665,2015,2020,1126
19666,19666,2016,2017,421
19667,19667,2016,2019,783
19669,19669,1993,1996,826
19670,19670,2019,2020,158
19671,19671,2019,2020,186
19672,19672,1993,2001,1506
19673,19673,1997,2006,2355
19674,19674,1998,2013,3678
19675,19675,2000,2018,4497
19677,19677,1993,2000,1820
19678,19678,2005,2008,817
19679,19679,2020,2020,70
19680,19680,2020,2020,63
19681,19681,2020,2020,68
19682,19682,2020,2020,68
19692,19692,1993,2002,2479
19693,19693,1993,1998,1329
19721,19721,1993,2020,7051
19722,19722,1993,2004,1800
19743,19743,2020,2020,65
19744,19744,2020,2020,65
19746,19746,2020,2020,65
19747,19747,2020,2020,68
19749,19749,1993,2004,2735
19751,19751,2020,2020,73
19752,19752,2020,2020,72
19754,19754,2020,2020,70
19755,19755,2020,2020,74
19758,19758,2020,2020,74
19759,19759,2020,2020,74
19760,19760,2020,2020,74
19761,19761,2020,2020,68
19767,19767,2020,2020,67
19778,19778,2020,2020,70
19779,19779,2020,2020,78
19787,19787,2020,2020,61
19788,19788,2020,2020,65
19789,19789,2020,2020,78
19794,19794,2020,2020,73
19795,19795,2020,2020,68
19797,19797,2020,2020,76
19802,19802,1993,2001,1104
19803,19803,2020,2020,82
19804,19804,2020,2020,71
19805,19805,2020,2020,73
19806,19806,2020,2020,68
19807,19807,2020,2020,58
19808,19808,2020,2020,82
19809,19809,2020,2020,64
19810,19810,2020,2020,82
19811,19811,2020,2020,68
19812,19812,2020,2020,73
19813,19813,2020,2020,81
19814,19814,2020,2020,73
19815,19815,2020,2020,67
19816,19816,2020,2020,56
19817,19817,2020,2020,14
19818,19818,2020,2020,70
19819,19819,2020,2020,65
19820,19820,2020,2020,67
19821,19821,2020,2020,73
19822,19822,2020,2020,70
19823,19823,2020,2020,78
19824,19824,2020,2020,60
19825,19825,2020,2020,74
19826,19826,2020,2020,76
19827,19827,2020,2020,71
19828,19828,1993,2020,7050
19830,19830,2020,2020,72
19831,19831,2020,2020,68
19832,19832,2020,2020,68
19833,19833,2020,2020,68
19834,19834,2020,2020,62
19835,19835,2020,2020,45
19837,19837,2020,2020,75
19838,19838,2020,2020,65
19839,19839,2020,2020,66
19840,19840,2020,2020,84
19841,19841,2020,2020,79
19842,19842,2020,2020,68
19843,19843,2020,2020,34
19845,19845,1993,2000,1236
19846,19846,2020,2020,68
19847,19847,2020,2020,69
19848,19848,2020,2020,73
19849,19849,2020,2020,72
19850,19850,2020,2020,58
19851,19851,2020,2020,54
19852,19852,1993,2002,1144
19854,19854,2020,2020,54
19856,19856,2020,2020,50
19857,19857,2020,2020,49
19858,19858,2020,2020,60
19859,19859,2020,2020,45
19862,19862,2020,2020,45
19867,19867,2020,2020,51
19871,19871,2020,2020,45
19875,19875,2020,2020,61
19880,19880,1993,2020,7048
19886,19886,2020,2020,57
19888,19888,1993,2000,1930
19891,19891,2020,2020,58
19892,19892,2020,2020,63
19893,19893,2020,2020,59
19894,19894,2020,2020,45
19895,19895,1993,2002,2286
19897,19897,2020,2020,61
19898,19898,2020,2020,49
19899,19899,2020,2020,58
19910,19910,2020,2020,43
19911,19911,2020,2020,59
19912,19912,2020,2020,54
19916,19916,1993,2000,2005
19918,19918,2020,2020,43
19919,19919,2020,2020,59
19920,19920,2020,2020,48
19922,19922,2020,2020,53
19927,19927,2020,2020,52
19928,19928,2020,2020,50
19929,19929,2020,2020,43
19930,19930,2020,2020,62
19931,19931,2020,2020,57
19933,19933,1993,2002,1772
19934,19934,2020,2020,42
19935,19935,2020,2020,58
19936,19936,2020,2020,62
19937,19937,2020,2020,44
19938,19938,2020,2020,44
19939,19939,2020,2020,43
19942,19942,2020,2020,49
19943,19943,2020,2020,45
19944,19944,2020,2020,53
19945,19945,2020,2020,63
19946,19946,2020,2020,64
19947,19947,2020,2020,59
19948,19948,2020,2020,45
19949,19949,2020,2020,47
19950,19950,2020,2020,43
19951,19951,2020,2020,54
19952,19952,2020,2020,23
19953,19953,2020,2020,63
19954,19954,2020,2020,55
19955,19955,2020,2020,45
19956,19956,2020,2020,33
19957,19957,2020,2020,44
19958,19958,2020,2020,53
19961,19961,2020,2020,43
19962,19962,2020,2020,48
19963,19963,2020,2020,53
19964,19964,2020,2020,47
19965,19965,2020,2020,44
19966,19966,2020,2020,47
19968,19968,1993,2005,3060
19969,19969,2020,2020,63
19970,19970,2020,2020,27
19972,19972,2020,2020,34
19973,19973,2020,2020,43
19974,19974,2020,2020,52
19975,19975,1993,2001,2012
19977,19977,2020,2020,50
19978,19978,2020,2020,49
19979,19979,2020,2020,64
19980,19980,2020,2020,64
19981,19981,2020,2020,63
19982,19982,2020,2020,53
19985,19985,2020,2020,63
19986,19986,2020,2020,53
19987,19987,2020,2020,56
19988,19988,2020,2020,56
19989,19989,2020,2020,62
19990,19990,2020,2020,58
19992,19992,1993,2004,2832
19993,19993,2020,2020,58
19994,19994,2020,2020,58
19995,19995,2020,2020,53
19996,19996,2020,2020,64
19997,19997,2020,2020,64
19998,19998,2020,2020,44
19999,19999,2020,2020,50
20002,20002,1994,1999,1148
20037,20037,1993,1993,218
20053,20053,1993,2020,7051
20057,20057,2020,2020,31
20058,20058,2020,2020,29
20059,20059,2020,2020,28
20062,20062,2020,2020,28
20064,20064,2020,2020,22
20065,20065,2020,2020,22
20066,20066,2020,2020,27
20067,20067,2020,2020,23
20068,20068,2020,2020,23
20069,20069,2020,2020,23
20071,20071,2020,2020,31
20072,20072,2020,2020,28
20078,20078,2020,2020,36
20081,20081,2020,2020,34
20082,20082,2020,2020,27
20083,20083,2020,2020,24
20088,20088,1993,2000,1893
20094,20094,2020,2020,40
20097,20097,2020,2020,29
20098,20098,2020,2020,32
20099,20099,2020,2020,25
20101,20101,2020,2020,33
20106,20106,2020,2020,27
20107,20107,2020,2020,23
20112,20112,2020,2020,29
20113,20113,2020,2020,27
20114,20114,2020,2020,27
20115,20115,2020,2020,33
20117,20117,1993,2020,7049
20118,20118,2020,2020,27
20119,20119,2020,2020,41
20120,20120,2020,2020,24
20121,20121,2020,2020,38
20122,20122,2020,2020,35
20123,20123,2020,2020,32
20124,20124,1993,2003,2579
20125,20125,1993,2007,3763
20126,20126,2020,2020,37
20127,20127,2020,2020,41
20128,20128,2020,2020,42
20129,20129,2020,2020,22
20130,20130,2020,2020,23
20131,20131,2020,2020,28
20134,20134,2020,2020,27
20135,20135,2020,2020,21
20136,20136,2020,2020,25
20137,20137,2020,2020,22
20138,20138,2020,2020,28
20139,20139,2020,2020,34
20142,20142,2020,2020,31
20143,20143,2020,2020,18
20144,20144,2020,2020,35
20145,20145,2020,2020,27
20146,20146,2020,2020,28
20147,20147,2020,2020,26
20148,20148,2020,2020,22
20149,20149,2020,2020,34
20150,20150,2020,2020,33
20152,20152,2020,2020,29
20153,20153,2020,2020,20
20154,20154,2020,2020,25
20155,20155,2020,2020,28
20156,20156,2020,2020,10
20157,20157,2020,2020,29
20158,20158,2020,2020,25
20161,20161,2020,2020,28
20162,20162,2020,2020,26
20163,20163,2020,2020,22
20164,20164,2020,2020,25
20165,20165,2020,2020,27
20166,20166,2020,2020,24
20169,20169,2020,2020,37
20170,20170,2020,2020,23
20171,20171,2020,2020,23
20172,20172,2020,2020,40
20173,20173,2020,2020,29
20174,20174,2020,2020,41
20177,20177,2020,2020,37
20178,20178,2020,2020,25
20179,20179,2020,2020,27
20180,20180,2020,2020,26
20181,20181,2020,2020,26
20182,20182,2020,2020,5
20183,20183,1993,1998,1514
20186,20186,2020,2020,20
20187,20187,2020,2020,19
20188,20188,2020,2020,45
20189,20189,2020,2020,16
20190,20190,2020,2020,15
20191,20191,2020,2020,12
20193,20193,2020,2020,16
20194,20194,2020,2020,15
20195,20195,2020,2020,14
20196,20196,2020,2020,11
20197,20197,2015,2017,444
20204,20204,1993,2020,7051
20207,20207,2020,2020,9
20208,20208,2020,2020,11
20209,20209,2020,2020,14
20215,20215,2020,2020,12
20220,20220,1993,2010,4330
20238,20238,2020,2020,9
20240,20240,1993,1998,1504
20241,20241,2020,2020,7
20246,20246,2020,2020,13
20248,20248,1993,2012,4809
20253,20253,2020,2020,14
20256,20256,2020,2020,1
20257,20257,2020,2020,1
20264,20264,1993,1994,40
20268,20268,2020,2020,9
20269,20269,2020,2020,13
20270,20270,2020,2020,9
20273,20273,2020,2020,14
20274,20274,2020,2020,14
20275,20275,2020,2020,15
20276,20276,2020,2020,14
20277,20277,2020,2020,8
20278,20278,2020,2020,15
20279,20279,2020,2020,22
20280,20280,2020,2020,11
20281,20281,2020,2020,9
20282,20282,2020,2020,6
20283,20283,2020,2020,18
20284,20284,2020,2020,4
20285,20285,2020,2020,1
20286,20286,2020,2020,8
20287,20287,2020,2020,15
20288,20288,2020,2020,16
20289,20289,2020,2020,20
20290,20290,2020,2020,13
20291,20291,2020,2020,3
20292,20292,2020,2020,14
20293,20293,2020,2020,9
20294,20294,2020,2020,6
20295,20295,2020,2020,18
20296,20296,2020,2020,3
20297,20297,2020,2020,6
20299,20299,1993,2007,3322
20301,20301,2020,2020,2
20302,20302,2020,2020,9
20303,20303,2020,2020,9
20304,20304,2020,2020,17
20305,20305,2020,2020,9
20306,20306,2020,2020,10
20307,20307,2020,2020,8
20308,20308,2020,2020,3
20309,20309,2020,2020,14
20310,20310,2020,2020,17
20311,20311,2020,2020,12
20312,20312,2020,2020,19
20313,20313,2020,2020,8
20314,20314,2020,2020,6
20315,20315,2020,2020,16
20316,20316,2020,2020,11
20317,20317,2020,2020,5
20318,20318,2020,2020,19
20320,20320,1993,1994,116
20321,20321,2020,2020,11
20322,20322,2020,2020,15
20323,20323,2020,2020,19
20324,20324,2020,2020,3
20325,20325,2020,2020,16
20326,20326,2020,2020,3
20328,20328,1993,1993,30
20329,20329,2020,2020,3
20330,20330,2020,2020,1
20331,20331,2020,2020,10
20332,20332,2020,2020,14
20333,20333,2020,2020,11
20334,20334,2020,2020,12
20336,20336,1993,2020,6519
20337,20337,2020,2020,19
20338,20338,2020,2020,16
20394,20394,1993,1997,1199
20395,20395,1993,2020,6862
20415,20415,1993,2020,7051
20458,20458,1993,1997,1174
20459,20459,1993,2004,2979
20482,20482,1993,2020,7051
20504,20504,1993,2015,5220
20512,20512,1993,2020,7049
20539,20539,1993,2010,4324
20547,20547,1993,2000,1743
20562,20562,1993,1995,554
20571,20571,1993,2007,3535
20598,20598,1996,2020,5968
20618,20618,1993,2020,7051
20626,20626,1993,2017,6212
20670,20670,1993,2020,6997
20678,20678,1993,2003,2598
20693,20693,1993,2000,1901
20694,20694,1993,2008,3988
20723,20723,1993,2001,2110
20730,20730,1993,1995,732
20750,20750,1993,2020,7040
20765,20765,1993,2020,7051
20803,20803,1993,1997,660
20853,20853,1993,2000,1971
20897,20897,1993,1997,1148
20917,20917,1993,2003,2278
20918,20918,1993,1994,362
20968,20968,1993,1996,640
21004,21004,1993,2000,1893
21020,21020,1993,2020,6567
21039,21039,1993,1997,1111
21055,21055,1993,2020,7051
21135,21135,1993,2020,7051
21143,21143,1993,2000,1897
21152,21152,1993,2020,7045
21178,21178,1993,2020,7050
21186,21186,1993,2020,7051
21207,21207,1993,2020,7051
21231,21231,1993,2018,6424
21259,21259,1993,2020,6523
21274,21274,1993,1994,326
21282,21282,1993,2001,2165
21290,21290,1993,2000,1866
21291,21291,1993,2002,2060
21304,21304,1993,1996,910
21338,21338,1993,2002,2345
21370,21370,1993,2001,2078
21371,21371,1993,2020,7050
21397,21397,1993,2000,1885
21514,21514,1993,1999,1720
21573,21573,1993,2020,7051
21582,21582,1993,1994,285
21638,21638,1993,1993,49
21726,21726,1993,2013,5033
21742,21742,1993,2020,7049
21776,21776,1993,2020,7051
21785,21785,1993,2019,6032
21792,21792,1993,2020,7050
21806,21806,1993,1997,806
21821,21821,1993,2000,1786
21872,21872,1993,1993,218
21873,21873,1993,1993,27
21928,21928,1993,2020,7051
21929,21929,1993,1994,267
21936,21936,1993,2020,7046
21960,21960,1993,2008,3971
21979,21979,1993,2012,5016
21980,21980,1993,1993,33
22016,22016,1993,1999,1705
22023,22023,1993,2000,1737
22032,22032,1993,2007,3696
22059,22059,1993,1993,72
22066,22066,1993,2003,2631
22074,22074,1993,1997,1077
22075,22075,1993,1997,1252
22082,22082,1993,1997,1127
22083,22083,1993,1995,504
22103,22103,1993,2020,7051
22111,22111,1993,2020,7051
22163,22163,1993,2002,2046
22171,22171,1993,1994,344
22198,22198,1993,2006,3329
22250,22250,1993,2008,4001
22293,22293,1993,2020,7051
22323,22323,2007,2020,3442
22373,22373,1993,1998,1365
22374,22374,1993,2012,4859
22382,22382,1993,2001,1232
22430,22430,1993,2000,1958
22437,22437,1993,2013,5159
22496,22496,1993,2000,1999
22509,22509,1993,2020,7051
22517,22517,1993,2020,7051
22518,22518,1993,2008,3720
22534,22534,1993,1993,26
22541,22541,1993,2001,2230
22569,22569,1993,2005,3031
22585,22585,1993,1996,774
22592,22592,1993,2020,7051
22593,22593,1993,1994,54
22613,22613,1993,2000,1926
22664,22664,1993,2003,2656
22673,22673,1993,2001,1857
22680,22680,1993,2008,3877
22681,22681,1993,1996,789
22752,22752,1993,2020,7050
22753,22753,1993,2012,4899
22779,22779,1993,2020,7051
22787,22787,1993,1996,810
22809,22809,1993,1995,724
22825,22825,1993,2020,6270
22840,22840,1993,2014,5454
22859,22859,1993,2011,4762
22867,22867,1993,1996,901
22891,22891,1993,1998,1421
22905,22905,1993,2010,4295
22913,22913,1993,2008,3707
22921,22921,1993,2016,5884
22947,22947,1993,2006,3335
22956,22956,1993,1998,1350
23019,23019,1993,1995,564
23026,23026,1993,2020,7051
23027,23027,1993,1994,278
23034,23034,1993,2000,1523
23035,23035,1993,2000,1663
23042,23042,1993,2016,6044
23051,23051,1993,1993,22
23077,23077,1993,2013,5145
23085,23085,1993,2018,6546
23114,23114,1993,2012,4912
23115,23115,1993,2000,1595
23182,23182,1993,2020,7026
23229,23229,1993,2020,7051
23297,23297,1993,2020,7051
23309,23309,1993,2007,3731
23317,23317,1993,2002,2274
23318,23318,1993,2006,3347
23326,23326,1993,2007,3751
23341,23341,1993,1994,478
23393,23393,1993,2020,7050
23405,23405,1993,1993,253
23472,23472,1995,2009,2165
23473,23473,1993,2020,7046
23481,23481,1993,1997,1077
23499,23499,1993,2000,1823
23501,23501,1993,2016,5848
23536,23536,1993,2020,7051
23537,23537,1993,2008,3758
23544,23544,1993,2003,2525
23545,23545,1993,1993,55
23552,23552,1993,2006,3032
23553,23553,1993,2001,1846
23579,23579,1993,2020,7051
23588,23588,1993,1999,1516
23596,23596,1993,1998,335
23660,23660,1993,2020,7049
23712,23712,1993,2020,7051
23713,23713,1993,1996,1006
23720,23720,1993,2000,1788
23799,23799,1993,2020,7042
23819,23819,1993,2020,7051
23827,23827,1993,2000,2006
23835,23835,1993,2020,7051
23836,23836,1993,1996,736
23851,23851,1993,2000,1882
23879,23879,1993,1997,1173
23887,23887,1993,2020,6876
23915,23915,1993,2005,3270
23916,23916,1993,2015,5750
23931,23931,1993,2020,7051
23975,23975,1993,2017,6081
23990,23990,1993,2009,4091
24002,24002,1993,2002,2414
24010,24010,1993,2020,7051
24029,24029,1993,2000,1876
24046,24046,1993,2008,3921
24053,24053,1993,2020,7051
24062,24062,1993,1998,829
24096,24096,1993,2008,3956
24097,24097,1993,2011,3700
24109,24109,1993,2020,7051
24117,24117,1993,1999,1715
24126,24126,1993,1996,900
24184,24184,1993,2002,2288
24192,24192,1993,1994,458
24193,24193,1993,2015,4533
24205,24205,1993,2020,7051
24221,24221,1993,2012,4834
24248,24248,1993,2020,7050
24256,24256,1993,2003,2577
24264,24264,1993,2007,3746
24265,24265,1993,1994,128
24272,24272,1993,2020,7051
24299,24299,1993,2000,1830
24301,24301,1993,1998,1302
24328,24328,1993,2020,7051
24360,24360,1993,2007,3689
24379,24379,1993,2002,2391
24416,24416,1993,1995,630
24417,24417,1993,1994,341
24432,24432,1993,2018,6401
24440,24440,1993,2020,7051
24441,24441,1993,2020,7051
24459,24459,1993,2020,7051
24467,24467,1993,2000,2003
24476,24476,1993,2020,7010
24539,24539,1993,2001,2167
24540,24540,1993,1997,1157
24548,24548,1993,2009,4154
24556,24556,1993,1999,1683
24563,24563,1993,2007,3721
24572,24572,1993,2005,2923
24600,24600,1993,1994,225
24628,24628,1993,2009,4180
24643,24643,1993,2020,7051
24678,24678,1993,2000,1884
24679,24679,1993,1999,1681
24687,24687,1993,1993,59
24715,24715,1993,1995,613
24723,24723,1993,1998,1337
24731,24731,1993,1993,39
24766,24766,1993,2020,7051
24767,24767,1993,1993,103
24803,24803,1993,2005,3057
24811,24811,1993,2002,2510
24870,24870,1993,1997,1263
24918,24918,1993,2001,1963
24919,24919,1993,1996,414
24935,24935,1993,2000,1773
24942,24942,1993,2020,6862
24951,24951,1993,2010,4222
24969,24969,1993,2020,7051
24985,24985,1993,2020,7051
25005,25005,1993,1996,945
25013,25013,1993,2009,4242
25022,25022,1993,2002,2490
25049,25049,1993,1996,464
25056,25056,1993,1997,1159
25072,25072,1993,2007,3629
25073,25073,1993,2002,2410
25080,25080,1993,2003,1992
25081,25081,1993,2020,7051
25099,25099,1993,2015,5663
25129,25129,1993,2020,7049
25137,25137,1993,1996,758
25144,25144,1993,1999,1677
25153,25153,1993,1994,291
25208,25208,1993,1998,1385
25217,25217,1993,2000,1829
25232,25232,1993,2020,7051
25260,25260,1993,1993,152
25267,25267,1993,2005,3226
25283,25283,1993,1997,1158
25304,25304,1993,2020,7051
25312,25312,1993,1997,1256
25320,25320,1993,2020,7051
25348,25348,1993,2007,3567
25371,25371,1993,1996,806
25419,25419,1993,2020,7051
25443,25443,1993,2009,4055
25452,25452,1993,2020,6991
25487,25487,1993,2020,7050
25507,25507,1993,1993,122
25559,25559,1993,1996,836
25582,25582,1993,2020,7051
25583,25583,1993,1999,1537
25590,25590,1993,2020,7051
25604,25604,1993,1997,1110
25612,25612,1993,2000,1889
25646,25646,1993,1994,483
25718,25718,1993,1997,1029
25727,25727,1993,1994,414
25769,25769,1993,2006,3428
25778,25778,1993,2018,6507
25785,25785,1993,2020,7051
25786,25786,1993,2005,2881
25823,25823,1993,1997,1239
25910,25910,1993,1994,416
25937,25937,1993,1995,604
25938,25938,1993,1998,1104
25953,25953,1993,2020,7051
25961,25961,1993,2003,2530
25989,25989,1993,2004,2487
26009,26009,1993,2006,3348
26025,26025,1993,1993,5
26060,26060,1993,2005,862
26075,26075,1993,2000,1984
26083,26083,1993,2005,3160
26084,26084,1993,2020,7045
26112,26112,1993,2005,3220
26163,26163,1993,2004,2882
26201,26201,1993,2020,7012
26252,26252,1993,2007,3566
26279,26279,1993,2003,2670
26294,26294,1993,2001,2119
26295,26295,1993,1996,890
26331,26331,1993,2000,1956
26332,26332,1993,2004,2807
26374,26374,1993,2001,2203
26375,26375,1993,1995,84
26382,26382,1993,2011,4638
26403,26403,1993,2020,7051
26438,26438,1993,2001,2210
26454,26454,1993,1999,1625
26463,26463,1993,2019,6706
26470,26470,1993,2018,6526
26518,26518,1993,2007,3733
26535,26535,1993,2009,3446
26542,26542,1993,1996,997
26550,26550,1993,1996,819
26551,26551,1993,1999,1579
26578,26578,1993,1996,323
26585,26585,1993,1998,1337
26586,26586,1993,2000,1936
26606,26606,1993,2008,3911
26607,26607,1993,2020,7035
26614,26614,1993,2020,7051
26649,26649,1993,2020,7051
26650,26650,1993,2020,6585
26657,26657,1993,2010,4520
26681,26681,1993,1995,716
26682,26682,1993,1998,757
26710,26710,1993,2020,7051
26711,26711,1993,1999,1561
26729,26729,1993,1997,1157
26737,26737,1993,1999,1701
26753,26753,1993,2000,1809
26825,26825,1993,2020,7051
26834,26834,1997,1999,547
26841,26841,1993,1999,1714
26884,26884,1993,1999,1570
26965,26965,1993,1996,903
27043,27043,1993,2020,7051
27051,27051,1993,1999,1577
27087,27087,1993,1994,441
27115,27115,1993,1997,1136
27124,27124,1993,1996,387
27167,27167,1993,2020,3943
27204,27204,1993,2019,2604
27239,27239,1993,1998,1100
27254,27254,1993,2013,5217
27255,27255,1993,1996,793
27263,27263,1993,1998,1342
27334,27334,1993,2020,7048
27385,27385,1993,1999,1644
27407,27407,1993,1996,393
27422,27422,1993,2020,7050
27430,27430,1993,2020,7051
27431,27431,1993,2004,2276
27449,27449,1993,2000,1625
27474,27474,1993,2015,5058
27511,27511,1993,2020,7050
27562,27562,1993,2020,7050
27596,27596,1993,1997,1240
27617,27617,1993,2020,2185
27618,27618,1993,2020,7007
27633,27633,1993,2020,7051
27642,27642,1993,2009,3645
27677,27677,1993,2012,4491
27684,27684,1993,2020,7051
27693,27693,1993,1995,263
27705,27705,1993,2015,5548
27713,27713,1993,2008,4004
27722,27722,1993,1999,1510
27748,27748,1993,2007,3659
27756,27756,1993,2016,5971
27764,27764,1993,2007,3684
27780,27780,1993,2003,2739
27800,27800,1993,1998,955
27802,27802,1993,2000,1965
27828,27828,1993,2020,7051
27836,27836,1993,1996,276
27861,27861,1993,1999,616
27879,27879,1993,1996,809
27887,27887,1993,2020,7051
27888,27888,1993,2020,7051
27909,27909,1993,2020,7005
27959,27959,1993,2020,7051
27975,27975,1993,2020,7031
27983,27983,1993,2020,7051
27991,27991,1993,2020,7051
28012,28012,1993,1998,258
28063,28063,1993,2003,2343
28071,28071,1993,1993,148
28118,28118,1993,2020,7051
28143,28143,1993,1996,918
28151,28151,1993,1999,1483
28178,28178,1993,1998,1212
28186,28186,1993,1993,153
28207,28207,1993,1998,1201
28215,28215,1993,2003,2160
28222,28222,1993,2020,7051
28223,28223,1993,2010,4038
28231,28231,1993,1996,944
28282,28282,1993,1993,144
28302,28302,1993,2020,7016
28303,28303,1993,2009,1114
28310,28310,1993,2020,7028
28311,28311,1993,2000,1000
28338,28338,1993,1996,728
28345,28345,1993,2020,7051
28353,28353,1993,2001,2255
28388,28388,1993,2020,7046
28484,28484,1993,2020,7051
28522,28522,1993,1998,1049
28564,28564,1993,2020,6979
28629,28629,1993,2020,6881
28652,28652,1993,1993,9
28661,28661,1993,1993,172
28696,28696,1993,1995,718
28717,28717,1993,1998,1369
28725,28725,1993,2003,2426
28784,28784,1993,1998,941
28804,28804,1993,2020,7051
28840,28840,1993,2009,4048
28847,28847,1993,2002,2419
28848,28848,1993,1994,320
28952,28952,1993,2002,2440
28979,28979,1993,1997,1139
29014,29014,1993,2011,3240
29023,29023,1993,1996,877
29049,29049,1993,1998,1311
29050,29050,1993,2015,5413
29058,29058,1993,2020,6291
29073,29073,1993,2004,3005
29102,29102,1993,2020,7051
29103,29103,1994,2015,3355
29111,29111,1993,2007,3577
29145,29145,1993,2007,3672
29196,29196,1993,1997,1161
29197,29197,1993,1995,589
29209,29209,1993,2020,7051
29210,29210,1993,2000,1981
29226,29226,1993,1997,1196
29285,29285,1993,2017,6055
29321,29321,1993,1995,521
29380,29380,1993,1996,335
29437,29437,1993,1999,1587
29488,29488,1993,1998,1345
29496,29496,1993,1999,1741
29532,29532,1993,2009,4000
29560,29560,1993,2001,1984
29576,29576,1993,2003,1732
29584,29584,1993,1997,251
29612,29612,1993,2020,7038
29621,29621,1993,2008,2924
29639,29639,1993,2008,3825
29647,29647,1993,2020,7050
29736,29736,1993,2008,3832
29744,29744,1993,2001,2090
29752,29752,1993,2006,3418
29787,29787,1996,2010,3345
29807,29807,1993,1997,1147
29832,29832,1993,1999,1744
29859,29859,1993,1995,649
29867,29867,1993,2020,6910
29875,29875,1993,1993,176
29890,29890,1993,2020,7049
29938,29938,1993,2020,6959
29946,29946,1993,2020,7051
30024,30024,1993,1994,460
30067,30067,1993,1998,1434
30075,30075,1993,1993,216
30147,30147,1993,2011,4621
30154,30154,1993,2001,2239
30197,30197,1994,2006,3019
30250,30250,1993,2001,1317
30277,30277,1993,2013,4934
30307,30307,1993,2005,2728
30322,30322,1993,1995,544
30330,30330,1993,1996,785
30382,30382,1993,2007,3654
30402,30402,1993,2016,5958
30411,30411,1993,2000,1240
30430,30430,1993,1993,40
30437,30437,1993,2020,7045
30509,30509,1993,2020,5374
30517,30517,1993,2002,2004
30525,30525,1993,1999,1335
30534,30534,1993,2003,2376
30577,30577,1993,1999,1440
30593,30593,1993,2015,4860
30614,30614,1993,1999,430
30622,30622,1993,1996,854
30648,30648,1993,2020,7045
30672,30672,1993,2001,1964
30680,30680,1993,2020,7050
30681,30681,1993,2020,7051
30728,30728,1993,2000,1833
30737,30737,1993,2020,6944
30744,30744,1999,2007,1955
30761,30761,1993,2011,4553
30780,30780,1993,2003,2639
30796,30796,1993,2020,7050
30840,30840,1993,2020,3973
30884,30884,1993,1995,710
30892,30892,1993,1999,1614
30940,30940,1993,2020,7051
30947,30947,1993,1998,844
31026,31026,1993,1999,1123
31035,31035,1995,2000,776
31042,31042,1993,2001,1839
31051,31051,1993,2020,6774
31069,31069,1993,2000,1186
31070,31070,1993,2014,5121
31077,31077,1993,2020,7030
31078,31078,1993,2014,5368
31107,31107,1993,1998,1360
31173,31173,1993,1994,276
31211,31211,1993,1997,419
31238,31238,1993,2019,6336
31318,31318,1993,2008,2817
31325,31325,1993,2007,3549
31376,31376,1993,2003,1197
31414,31414,1993,1998,1051
31422,31422,1993,1999,1610
31457,31457,1993,2000,1457
31464,31464,1993,1997,1130
31472,31472,1993,2001,2130
31473,31473,1993,1994,157
31480,31480,1993,2020,6400
31500,31500,1993,2020,7051
31536,31536,1993,1998,1393
31552,31552,1993,2007,3756
31625,31625,1993,1998,557
31668,31668,1993,2020,6643
31691,31691,1993,2020,5801
31712,31712,1993,1994,150
31748,31748,1993,1998,1233
31764,31764,1993,1995,623
31799,31799,1993,2013,5279
31836,31836,1993,1995,620
31879,31879,1993,1997,926
31915,31915,1993,1994,385
31966,31966,1993,1995,257
31974,31974,1993,2018,6349
31983,31983,1993,1997,866
32046,32046,1993,2016,5755
32054,32054,1993,2019,6566
32061,32061,1993,1998,1478
32062,32062,1993,2020,5105
32089,32089,1993,1993,167
32096,32096,1993,2002,2351
32110,32110,1993,2011,4683
32118,32118,1993,1994,333
32133,32133,1993,1993,30
32205,32205,1993,1998,1473
32222,32222,1994,2002,1884
32249,32249,1993,1993,115
32281,32281,1993,2000,1998
32299,32299,1993,2020,6994
32379,32379,1993,2005,3149
32417,32417,1993,1999,1682
32440,32440,1993,1995,611
32459,32459,1993,1996,813
32475,32475,1993,1994,382
32540,32540,1993,2015,5624
32548,32548,2006,2020,3515
32563,32563,1993,1999,1751
32600,32600,1993,1995,262
32619,32619,1993,2003,1288
32636,32636,1993,2012,4472
32651,32651,1993,2020,7051
32678,32678,1993,2020,6875
32687,32687,2005,2017,3064
32707,32707,1993,2020,7051
32791,32791,1993,2015,5607
32803,32803,1993,2020,6993
32804,32804,1993,1998,976
32839,32839,1993,2001,1593
32870,32870,1993,2020,7051
32897,32897,1993,2004,2992
32926,32926,1993,1997,578
32934,32934,1993,2015,5497
32942,32942,1993,2020,7051
32943,32943,1993,2000,1909
32986,32986,1993,2020,7049
33014,33014,1993,1993,203
33072,33072,1993,2007,3640
33099,33099,1993,2020,7051
33136,33136,1993,1993,1
33137,33137,1993,2016,5886
33153,33153,1993,1998,905
33188,33188,1993,2009,3524
33196,33196,1993,1996,972
33209,33209,1993,2020,7051
33267,33267,1993,2000,1525
33312,33312,1993,1998,1515
33321,33321,1993,1997,1217
33372,33372,1993,2006,3230
33398,33398,1993,2010,3883
33420,33420,1993,2004,2896
33451,33451,1993,1996,802
33452,33452,1993,2020,7049
33478,33478,1993,1997,401
33508,33508,1993,1998,1374
33532,33532,1993,2020,6175
33567,33567,1993,2007,1732
33575,33575,1993,1998,1264
33583,33583,1993,1994,387
33603,33603,1993,2007,3733
33612,33612,1993,2009,4037
33639,33639,1993,1999,1076
33647,33647,1993,2004,2925
33690,33690,1993,2010,4287
33770,33770,2004,2020,3251
33785,33785,1993,1996,839
33814,33814,1993,1997,1215
33815,33815,1993,2009,3990
33823,33823,1993,2020,6636
33849,33849,1993,2020,5754
33882,33882,1993,2001,2163
33937,33937,1993,2010,4228
33961,33961,1993,1995,517
34032,34032,1993,2020,7051
34040,34040,1993,1996,929
34041,34041,1993,1999,1219
34067,34067,1993,2009,3906
34113,34113,1993,1995,307
34121,34121,1993,2004,2837
34147,34147,1993,1995,630
34228,34228,1993,2007,3027
34287,34287,1993,2005,2750
34324,34324,1993,1994,376
34367,34367,1993,2020,5947
34404,34404,1993,2000,1717
34463,34463,1993,2005,1635
34497,34497,1993,2020,7051
34498,34498,1993,2008,3825
34578,34578,1993,2000,1780
34586,34586,1993,2003,554
34623,34623,1993,1994,314
34630,34630,1993,2008,3560
34649,34649,1993,2007,3600
34665,34665,1993,2002,2184
34666,34666,1993,2020,3992
34673,34673,1993,2020,7040
34738,34738,1993,1997,266
34746,34746,1993,2020,7047
34753,34753,1993,1994,397
34817,34817,1993,2020,7051
34818,34818,1993,2014,5326
34825,34825,1993,2000,1785
34833,34833,1993,2020,7051
34841,34841,1993,2002,2327
34869,34869,1993,2004,2389
34884,34884,1993,1999,1404
34913,34913,1993,1999,1657
34936,34936,1998,2020,2612
34937,34937,1998,2001,636
34938,34938,1998,2000,110
34939,34939,1998,2000,252
34948,34948,1993,2020,7047
34973,34973,1993,1993,18
34981,34981,2004,2010,1655
35044,35044,1993,2020,7051
35051,35051,1993,2015,5706
35052,35052,1993,1993,220
35107,35107,1993,2020,7041
35116,35116,1993,1993,225
35124,35124,1993,2020,7050
35167,35167,1993,2016,5944
35175,35175,1993,1999,1703
35203,35203,1993,2007,3403
35204,35204,1993,1998,1324
35211,35211,1993,1999,1672
35238,35238,1993,2016,5814
35263,35263,1993,2020,7038
35370,35370,1993,1998,1375
35378,35378,1993,1998,1403
35407,35407,1993,1998,1081
35422,35422,1993,1997,1181
35423,35423,1993,1994,367
35474,35474,1993,1995,715
35482,35482,1993,1993,11
35503,35503,1993,2013,5166
35510,35510,1993,1995,275
35511,35511,1993,1994,273
35529,35529,1993,1996,717
35553,35553,1993,2009,707
35554,35554,1993,2020,7009
35561,35561,1993,2011,3037
35617,35617,1993,2000,1949
35685,35685,1993,2020,6964
35693,35693,1993,1997,1220
35705,35705,1993,2012,3335
35706,35706,1993,1995,712
35757,35757,1993,1995,183
35781,35781,1993,2001,2260
35829,35829,1993,2007,3742
35909,35909,1993,1997,1197
35916,35916,1993,2001,1640
35917,35917,1993,2020,7031
35940,35940,1993,2000,1354
35960,35960,1993,1996,789
35991,35991,1993,2020,7040
36003,36003,1993,2020,7051
36127,36127,1993,2001,2056
36150,36150,1993,1997,1198
36177,36177,1993,1996,776
36178,36178,1993,2000,1875
36185,36185,1993,1994,109
36215,36215,1993,1993,127
36257,36257,1993,2004,1142
36273,36273,1993,1993,110
36274,36274,1993,2000,1973
36281,36281,1993,2020,6328
36346,36346,1993,2020,6868
36397,36397,1993,2020,7051
36468,36468,1993,2020,7051
36469,36469,1993,2008,4029
36549,36549,1993,1998,1292
36602,36602,1993,1996,773
36637,36637,1993,1995,705
36661,36661,1993,1993,34
36695,36695,1993,2003,1143
36709,36709,1993,2005,1984
36768,36768,1993,2020,6733
36775,36775,1993,1999,1722
36783,36783,1993,2000,1565
36848,36848,1997,1999,451
36898,36898,1993,2020,6939
36978,36978,1993,1998,1485
37022,37022,1993,2009,3139
37023,37023,1993,2009,3784
37058,37058,1993,2014,5309
37102,37102,1993,1994,461
37103,37103,1993,1999,1715
37154,37154,1993,2020,7047
37161,37161,1993,2016,5917
37189,37189,1993,1999,1687
37196,37196,1993,2000,1946
37197,37197,1993,1999,1687
37217,37217,1993,2017,6224
37218,37218,1993,1997,53
37226,37226,1993,2000,1793
37234,37234,1993,2014,5529
37276,37276,1993,1994,214
37277,37277,1993,2002,2326
37284,37284,1993,2018,6483
37322,37322,1993,1994,371
37357,37357,1993,1995,621
37365,37365,1993,1996,755
37381,37381,1995,2020,6355
37399,37399,1993,2011,4459
37402,37402,1993,2020,6936
37460,37460,1993,2010,3192
37461,37461,1993,1996,778
37496,37496,1993,1997,964
37541,37541,1993,2001,2069
37560,37560,1993,2007,1882
37568,37568,1993,2020,6888
37584,37584,1993,2020,7051
37612,37612,1993,1999,1023
37640,37640,1993,1999,1512
37699,37699,1993,2008,3850
37807,37807,1993,2017,6145
37815,37815,1993,1998,1333
37832,37832,1993,2013,5179
37859,37859,1993,1997,1145
37867,37867,1993,2009,4172
37875,37875,1993,2020,7051
37955,37955,1993,2017,6094
38033,38033,1993,2020,5693
38085,38085,1993,2000,1852
38093,38093,1993,2020,7045
38105,38105,1993,1995,620
38106,38106,1993,1996,569
38149,38149,1993,2014,5513
38156,38156,1993,2020,7051
38157,38157,1993,1998,1432
38172,38172,1993,2010,4097
38280,38280,1993,1999,1619
38295,38295,1993,2020,6925
38317,38317,1993,1998,1171
38333,38333,1993,2005,3038
38375,38375,1993,1999,1683
38420,38420,1993,2017,5701
38471,38471,1993,2001,1369
38472,38472,1993,1999,963
38520,38520,1993,1997,1012
38527,38527,1993,1998,1175
38535,38535,1993,1993,21
38543,38543,1993,1998,1379
38578,38578,1993,2012,4880
38608,38608,1993,2003,1982
38624,38624,1993,1993,92
38658,38658,1993,2013,5281
38659,38659,1993,2020,7049
38682,38682,1993,2020,7051
38703,38703,1993,2020,7051
38746,38746,1993,2020,6481
38755,38755,1993,2012,3993
38762,38762,1993,2020,7051
38790,38790,2007,2012,1411
38798,38798,1993,1993,39
38827,38827,1993,2002,1178
38850,38850,1993,2020,7047
38893,38893,1993,2001,2038
38906,38906,1993,2011,4492
38907,38907,1993,1996,934
38914,38914,1993,2007,3742
38973,38973,1993,2010,4320
38974,38974,1993,1995,665
38982,38982,1993,2000,1814
39029,39029,1993,2017,5545
39045,39045,1993,2001,2079
39087,39087,1993,2013,5167
39116,39116,1993,1995,631
39220,39220,1993,2020,7047
39239,39239,1993,2002,2065
39240,39240,1993,2000,1492
39256,39256,1993,2013,4106
39328,39328,1993,2016,5539
39379,39379,1993,2000,1756
39416,39416,1993,2001,2041
39432,39432,1993,1993,193
39466,39466,1993,1998,1294
39482,39482,1993,2012,3778
39483,39483,1993,1997,1111
39490,39490,1993,2020,7050
39538,39538,1993,2020,7051
39562,39562,1993,2001,2165
39570,39570,1993,1997,1239
39571,39571,1993,2020,7042
39590,39590,1993,2001,2039
39642,39642,1993,2020,7051
39670,39670,1993,1997,1218
39693,39693,1993,2020,7037
39731,39731,1993,2020,5654
39757,39757,1993,2010,4326
39765,39765,1993,2008,3833
39766,39766,1993,2010,2547
39773,39773,1993,2005,2385
39781,39781,1993,1993,135
39854,39854,1993,1994,85
39889,39889,1993,1995,531
39917,39917,1993,2020,7051
40054,40054,1993,1996,643
40061,40061,1993,2007,3751
40062,40062,1993,2009,4095
40097,40097,1993,2005,2425
40118,40118,1993,1995,321
40125,40125,1993,2020,7050
40168,40168,1993,1995,384
40213,40213,1993,1998,1346
40272,40272,1993,2020,7050
40299,40299,1993,2003,2690
40345,40345,1993,2001,2059
40388,40388,1993,1997,789
40416,40416,1993,2020,6800
40425,40425,1993,1998,1256
40440,40440,1993,2020,7051
40468,40468,1993,2015,3347
40476,40476,1993,1994,241
40483,40483,1993,2001,2027
40484,40484,1993,1999,1522
40539,40539,1993,2020,7051
40540,40540,1993,2007,3723
40571,40571,1993,1996,827
40572,40572,1993,2004,1939
40628,40628,1993,1999,1385
40644,40644,1993,2000,1869
40687,40687,1993,1998,1277
40694,40694,1993,2014,5413
40695,40695,1993,2007,1194
40707,40707,1993,2003,2579
40708,40708,1993,1995,597
40731,40731,1993,1995,217
40838,40838,1993,2001,2152
40935,40935,1993,1997,1145
40970,40970,1993,2012,4985
40994,40994,1993,1996,618
41005,41005,1993,2002,2315
41014,41014,1993,2000,1946
41021,41021,1993,1994,456
41064,41064,1993,2000,1915
41072,41072,1993,2001,2190
41080,41080,1993,2020,7051
41081,41081,1993,1995,736
41100,41100,1993,2000,1994
41136,41136,1993,1997,1051
41179,41179,1993,1999,1759
41187,41187,1993,2020,7051
41188,41188,1993,2020,6617
41216,41216,1993,1995,260
41217,41217,1993,2020,7050
41233,41233,1993,1996,757
41241,41241,1993,2020,6677
41260,41260,1993,2004,2589
41292,41292,1993,2020,7036
41320,41320,1993,2016,5702
41355,41355,1993,2020,7051
41356,41356,1993,1996,804
41371,41371,1993,2007,3767
41399,41399,1993,2002,2198
41419,41419,1993,2009,4250
41420,41420,1993,1997,1079
41427,41427,1993,1993,191
41428,41428,1993,1997,1196
41443,41443,1993,2007,3748
41444,41444,1993,2007,1808
41452,41452,1993,2020,7038
41487,41487,1993,2005,3190
41515,41515,1993,1997,1056
41574,41574,1993,2020,6497
41663,41663,1993,2011,4556
41718,41718,1993,1996,819
41726,41726,1993,2001,2137
41734,41734,1993,1995,455
41807,41807,1993,2005,3245
41823,41823,1993,2004,1018
41874,41874,1993,2002,2293
41929,41929,1993,2015,5749
41930,41930,1993,2009,2631
42024,42024,1993,2013,5249
42059,42059,1993,2020,7049
42067,42067,1993,2016,5829
42083,42083,1993,2011,4623
42084,42084,1993,1996,809
42104,42104,1993,2000,1857
42112,42112,1993,2000,1737
42140,42140,1993,2016,5873
42200,42200,1993,2020,7051
42201,42201,1993,1996,734
42219,42219,1993,2011,4628
42228,42228,1993,1997,925
42286,42286,1993,2020,7051
42295,42295,1993,1993,50
42307,42307,1993,2008,3855
42358,42358,1993,2020,5315
42366,42366,1993,1996,857
42438,42438,1993,2001,2186
42439,42439,1993,2020,7048
42454,42454,1993,1993,206
42455,42455,1993,2017,6121
42534,42534,1993,2016,5962
42550,42550,1993,2020,7051
42569,42569,1993,1997,1190
42578,42578,1993,1996,807
42585,42585,1993,2020,7051
42586,42586,1993,1998,1302
42606,42606,1993,2002,2232
42607,42607,1993,2000,1157
42614,42614,1993,2020,3991
42710,42710,1993,2000,1937
42745,42745,1993,1997,1254
42796,42796,1993,2020,7051
42833,42833,1993,1999,1744
42834,42834,1993,1994,114
42877,42877,1993,2020,7050
42893,42893,1993,2000,1941
42906,42906,1993,2020,7048
42922,42922,1993,2020,6818
42981,42981,1993,2004,2821
43028,43028,1993,2005,2970
43036,43036,1993,1993,11
43123,43123,1993,2020,5183
43167,43167,1998,2003,1177
43211,43211,1993,1993,27
43238,43238,1993,2000,1936
43263,43263,1993,1998,1282
43290,43290,1993,2011,4538
43327,43327,1993,1998,1472
43334,43334,1993,2020,6839
43342,43342,1993,1995,592
43350,43350,1993,2020,7051
43385,43385,1993,1994,416
43394,43394,1994,1999,506
43449,43449,1993,2020,7051
43474,43474,1993,1998,1293
43481,43481,1993,2020,7047
43537,43537,1993,1998,1408
43553,43553,1993,2020,7051
43588,43588,1993,2002,2000
43597,43597,1993,1997,968
43610,43610,1993,2002,2397
43617,43617,1993,2016,5201
43618,43618,1993,1997,1132
43634,43634,1993,2020,6653
43668,43668,1993,1998,1322
43692,43692,1993,2005,1369
43705,43705,1993,2005,1530
43706,43706,1993,2001,2033
43721,43721,1993,2011,4713
43748,43748,1993,1996,968
43749,43749,1993,2001,2260
43757,43757,1993,2020,7002
43772,43772,1993,2019,6656
43800,43800,1993,1994,375
43837,43837,1993,2020,6387
43844,43844,1993,1993,111
43861,43861,1993,2000,1705
43880,43880,1993,2000,901
43887,43887,1993,1996,525
43888,43888,1993,1996,732
43916,43916,1993,1998,1374
43967,43967,1993,1996,543
43984,43984,1993,1997,1065
43992,43992,1993,1998,457
44039,44039,1993,1995,613
44062,44062,1993,2001,2190
44090,44090,1993,2001,1695
44134,44134,1993,2020,7051
44135,44135,1993,1996,480
44150,44150,1993,2004,2926
44185,44185,1993,2007,3582
44194,44194,1993,2003,2760
44206,44206,1993,2020,7051
44207,44207,1993,1998,1203
44223,44223,1995,2003,1443
44230,44230,1993,2020,5857
44266,44266,1993,2003,2240
44274,44274,1993,2020,7049
44329,44329,1993,2020,7051
44330,44330,1993,2003,957
44337,44337,1993,1998,1501
44345,44345,1993,2001,1834
44353,44353,1993,2005,2235
44389,44389,1993,1996,923
44433,44433,1993,1998,1263
44468,44468,1993,1998,1328
44476,44476,1993,1997,1160
44506,44506,1993,2019,6604
44513,44513,1993,2014,5376
44522,44522,1993,1999,1602
44565,44565,1993,2002,2326
44581,44581,1993,1999,1678
44599,44599,1993,2000,1843
44601,44601,1993,2020,7051
44637,44637,1993,2007,3681
44644,44644,1993,2020,7051
44645,44645,1993,1994,58
44652,44652,1993,1999,1634
44688,44688,1993,2006,3304
44708,44708,1993,1998,1370
44725,44725,1993,2001,1645
44740,44740,1993,2003,2653
44768,44768,1993,2020,7050
44776,44776,1993,2000,1869
44783,44783,1993,1999,1648
44792,44792,1993,2006,3505
44813,44813,1993,2020,7051
44821,44821,1993,2006,3491
44856,44856,1993,1995,589
44863,44863,1993,1995,426
44928,44928,1993,1999,1572
44943,44943,1993,2020,7004
44951,44951,1993,2018,6498
44986,44986,1993,2001,2167
45022,45022,1993,1999,1715
45031,45031,1993,1998,945
45102,45102,1993,1998,1390
45103,45103,1997,1998,237
45110,45110,1993,2005,2600
45129,45129,1993,2005,3141
45137,45137,1993,2002,2337
45225,45225,1993,2020,6993
45226,45226,1993,1998,58
45241,45241,1993,2014,5412
45277,45277,1993,2015,5604
45306,45306,1993,2020,7048
45313,45313,1993,2004,2858
45348,45348,1993,2005,1776
45356,45356,1993,2020,7051
45373,45373,1993,2012,4961
45381,45381,1993,1995,515
45399,45399,1993,1998,1307
45402,45402,1993,1994,191
45428,45428,1993,2001,2240
45437,45437,1993,2015,5289
45487,45487,1993,2009,4034
45495,45495,1993,2019,6615
45509,45509,1993,1998,1504
45516,45516,1993,1997,1056
45560,45560,1993,2015,5631
45583,45583,1993,2008,3925
45647,45647,1993,2000,1828
45655,45655,1993,2017,6215
45671,45671,1993,2006,3312
45699,45699,1993,1995,603
45728,45728,1993,2020,7050
45744,45744,1993,2005,2214
45751,45751,1993,2020,7051
45794,45794,1993,2010,4447
45823,45823,1993,2000,1057
45858,45858,1993,1997,1136
45866,45866,1993,2000,1879
45874,45874,1993,2000,1945
45882,45882,1993,1998,1273
45890,45890,1993,2007,3414
45891,45891,1993,2008,3885
45903,45903,1993,1996,694
45911,45911,1993,2020,7040
45955,45955,1993,2010,4438
45970,45970,1993,1998,1374
46017,46017,1993,1999,1658
46018,46018,1993,1997,1183
46026,46026,1993,2003,1666
46034,46034,1993,2002,889
46042,46042,1993,2019,5803
46068,46068,1993,2020,2951
46076,46076,1993,2007,1793
46077,46077,1993,2020,6916
46085,46085,1993,2003,2380
46114,46114,1993,1996,876
46149,46149,1993,2006,3498
46164,46164,1993,1998,1391
46181,46181,1993,2013,4221
46228,46228,1993,2001,2039
46229,46229,1993,2009,3992
46237,46237,1993,2002,2212
46245,46245,1993,1999,1410
46260,46260,1993,1999,1714
46288,46288,1993,1993,195
46295,46295,1993,2009,4031
46309,46309,1993,2002,1686
46324,46324,1993,1998,1269
46340,46340,1993,2020,7048
46360,46360,1993,1997,520
46383,46383,1993,1994,304
46392,46392,1993,2019,6515
46405,46405,1993,1997,754
46413,46413,1993,1997,1211
46420,46420,1993,2000,1787
46463,46463,1993,2020,7051
46471,46471,1993,1998,1465
46519,46519,1993,1999,1629
46527,46527,1993,2000,1811
46578,46578,1993,2020,7051
46594,46594,1993,1997,1126
46658,46658,1993,1995,594
46659,46659,1997,1998,136
46674,46674,1993,2020,7051
46690,46690,1993,2020,7051
46703,46703,1993,2020,7051
46739,46739,1993,2000,1766
46747,46747,1993,2000,1794
46762,46762,1993,2000,1764
46770,46770,1993,1993,168
46819,46819,1993,1995,693
46834,46834,1993,2020,6444
46843,46843,1993,2005,2933
46850,46850,1993,2000,2004
46870,46870,1993,2000,1912
46877,46877,1993,2017,6294
46886,46886,1993,2020,7047
46893,46893,1993,2001,2059
46894,46894,1993,1993,24
46907,46907,1993,2013,3689
46922,46922,1993,2020,7051
46923,46923,1993,2020,4444
46931,46931,1993,2010,3413
46950,46950,1993,2012,4817
46958,46958,1993,1996,829
47002,47002,1993,2020,7049
47028,47028,1993,1997,1121
47036,47036,1993,2006,1592
47052,47052,1993,1993,45
47079,47079,1993,1998,1453
47088,47088,1993,2015,5455
47108,47108,1993,1997,1258
47133,47133,1993,2010,4413
47140,47140,1993,1993,218
47141,47141,1993,2001,2110
47159,47159,1993,2004,2833
47175,47175,1993,2008,3994
47183,47183,1993,1998,903
47205,47205,1993,2013,5234
47248,47248,1993,2007,3625
47255,47255,1993,2011,4634
47271,47271,1993,2003,2580
47300,47300,1993,1993,253
47379,47379,1993,2020,7049
47387,47387,1993,2020,1438
47395,47395,1993,1996,759
47423,47423,1993,2014,5052
47466,47466,1993,2020,7051
47483,47483,1993,1993,72
47490,47490,1993,2006,3421
47511,47511,1993,2020,7048
47546,47546,1993,2000,486
47563,47563,1993,1996,631
47571,47571,1993,2020,5530
47619,47619,1993,2020,7032
47626,47626,1993,2020,7050
47642,47642,1993,2010,4508
47677,47677,1993,2020,7051
47706,47706,1993,2020,7051
47707,47707,1993,2004,2517
47715,47715,1993,2020,7043
47723,47723,1993,2020,2708
47730,47730,1993,2020,7049
47773,47773,1993,2002,2284
47802,47802,1993,2006,3291
47810,47810,1993,1993,71
47837,47837,1993,1995,641
47861,47861,1993,2020,6873
47862,47862,1993,2000,1848
47888,47888,1993,2011,4694
47896,47896,1993,2020,7051
47897,47897,1993,2006,2798
47917,47917,1993,1996,918
47934,47934,1993,1998,1283
47941,47941,1993,2020,7051
47969,47969,1993,2006,3164
47984,47984,1993,2008,2946
47992,47992,1993,1997,1244
48020,48020,1993,2013,4712
48048,48048,1993,1997,873
48063,48063,1993,1995,683
48071,48071,1993,2000,2019
48072,48072,1993,2020,6153
48100,48100,1993,1995,521
48101,48101,1993,2009,2534
48135,48135,1993,1999,1106
48143,48143,1993,2005,2506
48144,48144,1993,2020,7049
48195,48195,1993,1999,1389
48208,48208,1993,1995,159
48267,48267,1993,2014,5373
48274,48274,1993,2011,4772
48282,48282,1993,2001,2202
48291,48291,1993,2018,6483
48312,48312,1993,1993,138
48347,48347,1993,2020,7049
48354,48354,1993,1999,1617
48363,48363,1993,1998,1266
48371,48371,1993,2000,1784
48389,48389,1993,2014,5445
48397,48397,1993,2001,2185
48469,48469,1993,1996,682
48485,48485,1993,2006,3336
48486,48486,1993,2020,7049
48506,48506,1998,2020,5664
48514,48514,1993,2008,3989
48523,48523,1993,2020,7050
48531,48531,1993,2018,6350
48550,48550,1993,2001,1104
48557,48557,1993,1994,470
48565,48565,1993,2000,1850
48573,48573,1993,1997,189
48630,48630,1993,1996,403
48637,48637,1993,1999,1303
48653,48653,1993,2020,7051
48696,48696,1993,2005,3168
48697,48697,1993,2010,2702
48709,48709,1993,2000,1899
48725,48725,1993,2020,7051
48769,48769,1993,1994,497
48776,48776,1993,1993,18
48785,48785,1993,1993,170
48806,48806,1993,1998,624
48901,48901,1993,2008,3304
48960,48960,1993,2006,3397
48961,48961,1993,2020,7041
49007,49007,1993,1993,75
49008,49008,1993,1998,966
49015,49015,1993,2020,7051
49031,49031,1993,2001,2077
49032,49032,1993,1996,639
49083,49083,1993,2000,1775
49104,49104,1993,1993,49
49138,49138,1993,2020,6503
49139,49139,1993,1994,24
49154,49154,1993,2020,7051
49189,49189,1993,2000,1849
49197,49197,1993,1996,819
49227,49227,1993,2007,3591
49285,49285,1993,1999,1629
49286,49286,1993,1998,1282
49322,49322,1993,2020,6252
49330,49330,1993,2020,6729
49331,49331,1993,1999,1567
49349,49349,1993,2001,1575
49373,49373,1993,2020,7051
49402,49402,1993,1995,546
49403,49403,1993,1994,409
49429,49429,1993,2020,7051
49437,49437,1993,2000,1990
49438,49438,1993,2003,2387
49488,49488,1993,2020,5903
49496,49496,1993,2001,1902
49534,49534,1993,2006,3247
49576,49576,1993,1996,770
49584,49584,1993,1999,1159
49585,49585,1993,2000,2011
49606,49606,1993,1995,695
49614,49614,1993,2001,2131
49649,49649,1993,1993,27
49656,49656,1993,2020,7051
49680,49680,1993,2020,7051
49701,49701,1993,1996,997
49729,49729,1993,1999,1639
49736,49736,1993,1997,1223
49737,49737,1993,2001,1393
49744,49744,1993,2020,7050
49745,49745,1993,2001,1752
49752,49752,1993,2003,2524
49787,49787,1993,1997,1198
49817,49817,1993,2002,2207
49875,49875,1993,1996,1005
49905,49905,1993,2017,6175
49955,49955,1993,2011,3708
49971,49971,1993,2016,5982
50017,50017,1993,2020,7051
50024,50024,1993,1998,1474
50032,50032,1993,2006,3379
50059,50059,1993,1999,1196
50075,50075,1993,1999,1659
50091,50091,1993,2011,4722
50092,50092,1993,2007,3601
50112,50112,1993,1995,715
50120,50120,1993,1995,385
50156,50156,1993,1995,632
50200,50200,1993,2001,2188
50227,50227,1993,2010,4311
50243,50243,1993,2020,4724
50278,50278,1993,2014,5479
50279,50279,1993,2002,1935
50286,50286,1993,2020,7050
50287,50287,1993,1999,1409
50295,50295,1993,1996,719
50366,50366,1993,1997,803
50374,50374,1993,2003,1403
50382,50382,1993,1996,792
50390,50390,1993,2000,1148
50403,50403,1993,1993,125
50404,50404,1993,1998,1436
50412,50412,1993,1998,646
50446,50446,1993,1997,1075
50462,50462,1993,1999,1490
50497,50497,1993,2002,1184
50498,50498,1993,1995,566
50519,50519,1993,1998,936
50543,50543,1995,2001,766
50550,50550,1993,2020,7027
50577,50577,1993,1996,759
50585,50585,1993,2020,6756
50586,50586,1993,1994,24
50606,50606,1993,2020,7051
50614,50614,1993,2016,5929
50623,50623,1993,2020,6996
50657,50657,1993,1998,1159
50666,50666,1993,2007,3304
50682,50682,1993,1994,394
50702,50702,1993,2020,7050
50788,50788,1993,2019,6594
50789,50789,1993,2020,7048
50876,50876,1993,2020,7050
50877,50877,1993,1995,542
50885,50885,1993,1998,1387
50905,50905,1993,2007,3608
50906,50906,1993,2010,4517
50921,50921,1993,1995,397
50948,50948,1993,2020,7035
50956,50956,1993,1998,1341
50965,50965,1993,1997,1006
50972,50972,1993,2017,6053
51043,51043,1993,2010,4409
51079,51079,1993,1998,663
51086,51086,1993,2020,7051
51087,51087,1993,2013,4490
51131,51131,1993,2020,7051
51190,51190,1993,1999,1679
51254,51254,1993,2000,1905
51263,51263,1993,2020,7043
51318,51318,1993,2004,2783
51369,51369,1993,2020,7051
51377,51377,1993,2011,4718
51393,51393,1993,1997,1166
51414,51414,1993,1999,1518
51423,51423,1993,2020,6809
51457,51457,1993,2012,5004
51510,51510,1993,1996,841
51530,51530,1993,2020,6015
51588,51588,1993,2001,2058
51596,51596,1993,2007,3628
51610,51610,1993,1997,1088
51625,51625,1993,2020,7051
51626,51626,1993,1999,1094
51633,51633,1993,2019,6567
51677,51677,1993,1997,1039
51692,51692,1993,2020,6829
51693,51693,1993,2006,2899
51706,51706,1993,2011,4661
51721,51721,1993,2003,2676
51764,51764,1993,1997,1241
51772,51772,1993,1999,1703
51781,51781,1993,1993,190
51800,51800,1993,2000,1997
51828,51828,1993,1993,164
51829,51829,1993,2018,6325
51845,51845,1993,1993,72
51916,51916,1993,2020,7051
51925,51925,1998,2020,5524
51932,51932,1993,2003,2610
51933,51933,1993,2007,2601
51960,51960,1993,2019,6523
51983,51983,1993,1999,1526
51984,51984,1993,2008,3169
51992,51992,1993,2001,2113
52038,52038,1993,2020,7051
52039,52039,1993,2002,1829
52071,52071,1993,2002,1578
52090,52090,1993,2020,7051
52097,52097,1993,1998,302
52135,52135,1993,1997,968
52214,52214,1993,2012,4112
52230,52230,1993,2020,7049
52231,52231,1993,2009,2728
52250,52250,1993,2020,4481
52258,52258,1993,1993,223
52265,52265,1993,2003,2644
52282,52282,1993,2001,2155
52329,52329,1993,2020,7051
52337,52337,1993,2020,7050
52345,52345,1993,2003,2390
52346,52346,1993,1997,1014
52361,52361,1993,1998,1048
52396,52396,1993,2020,7051
52425,52425,1993,2020,7051
52469,52469,1993,2006,3165
52476,52476,1993,2020,7051
52484,52484,1993,2013,5215
52505,52505,1993,1995,756
52506,52506,1993,1993,40
52548,52548,1993,1995,301
52557,52557,1993,1995,724
52565,52565,1993,2000,1950
52581,52581,1993,1999,1608
52602,52602,1993,1995,692
52679,52679,1993,2020,7050
52687,52687,1993,1994,371
52695,52695,1993,2020,7051
52696,52696,1993,1994,502
52708,52708,1993,2020,7051
52716,52716,1993,2020,7051
52740,52740,1993,2002,1708
52775,52775,1993,2000,1912
52792,52792,1993,2009,4045
52804,52804,1993,2000,1772
52813,52813,1993,2017,6104
52820,52820,1993,1996,325
52821,52821,1993,1999,1694
52840,52840,1993,2007,3567
52847,52847,1993,1996,446
52863,52863,1993,1993,10
52872,52872,1993,2001,1628
52898,52898,1993,2020,7051
52919,52919,1993,2008,4030
52936,52936,1993,2020,7051
52943,52943,1993,1998,1486
52944,52944,1993,1996,825
52978,52978,1993,2020,7051
53015,53015,1993,2010,3659
53050,53050,1993,1996,781
53058,53058,1993,1998,1464
53065,53065,1993,2020,7051
53074,53074,1993,2020,6524
53081,53081,1993,1997,1121
53082,53082,1993,2008,3903
53110,53110,1993,2020,6781
53129,53129,1993,2004,2886
53137,53137,1993,2000,1990
53154,53154,1993,1994,278
53189,53189,1993,2004,1189
53196,53196,1993,2003,2720
53197,53197,1993,2020,7051
53209,53209,1993,1998,1487
53225,53225,1993,2020,7030
53226,53226,1993,1999,557
53268,53268,1993,2000,1809
53293,53293,1993,1997,488
53364,53364,1993,1999,1633
53372,53372,1993,2003,2548
53373,53373,1993,2020,5169
53381,53381,1993,2006,3485
53399,53399,1993,1997,1124
53401,53401,1993,1997,1175
53402,53402,1993,1995,715
53453,53453,1993,2002,937
53479,53479,1993,2006,3463
53480,53480,1993,2014,5459
53495,53495,1993,1999,870
53496,53496,1993,1997,1158
53509,53509,1993,1997,1131
53524,53524,1993,1995,658
53575,53575,1993,2014,5272
53576,53576,1993,1999,1543
53604,53604,1993,2020,6913
53612,53612,1993,2008,3988
53613,53613,1993,2020,7050
53620,53620,1993,1999,1338
53621,53621,1993,1999,1605
53639,53639,1993,2000,1857
53640,53640,1993,2018,6364
53656,53656,1993,2007,2704
53663,53663,1993,2015,5782
53671,53671,1993,1999,973
53720,53720,1993,1998,1452
53727,53727,1993,2013,5085
53751,53751,1993,1998,1486
53786,53786,1993,1999,1660
53787,53787,1993,1993,199
53815,53815,1993,2011,3920
53831,53831,1993,2009,4188
53832,53832,1993,2002,2220
53858,53858,1993,1995,736
53859,53859,1993,2020,6970
53866,53866,1993,2015,5667
53890,53890,1993,2001,1677
53891,53891,1993,1995,756
53938,53938,1993,1999,1767
53946,53946,1993,2005,1270
54009,54009,1993,1993,71
54069,54069,1993,1995,131
54084,54084,1993,2014,4199
54085,54085,1993,1997,879
54093,54093,1993,1997,554
54114,54114,1993,2020,7048
54148,54148,1993,2020,7051
54164,54164,1993,1995,739
54173,54173,1993,1993,251
54181,54181,1993,2010,4415
54199,54199,1993,2020,6846
54228,54228,1993,2020,7014
54244,54244,1993,2020,5033
54245,54245,1993,2006,3216
54253,54253,1993,2020,6699
54279,54279,1993,2008,4005
54287,54287,1993,1999,1637
54296,54296,1993,1999,1611
54324,54324,1993,2000,1954
54340,54340,1993,1996,339
54341,54341,1993,2008,3457
54391,54391,1993,2007,3713
54412,54412,1993,2001,2024
54420,54420,1993,1995,414
54439,54439,1993,2010,3413
54463,54463,1993,2000,1981
54471,54471,1993,1996,972
54543,54543,1993,2000,1826
54578,54578,1993,2018,6225
54579,54579,1993,2011,2759
54594,54594,1993,2020,7051
54624,54624,1998,2008,2651
54631,54631,1993,2009,3878
54674,54674,1993,1995,424
54675,54675,1993,2017,6017
54690,54690,1993,2006,3337
54704,54704,1993,2020,7050
54711,54711,1993,2007,3716
54770,54770,1993,2002,2288
54771,54771,1993,2000,1769
54798,54798,1993,2008,3795
54818,54818,1993,2014,5306
54819,54819,1993,1998,1271
54827,54827,1993,2013,5271
54843,54843,1993,2005,1518
54973,54973,1993,2020,7025
54974,54974,1995,2007,1802
54981,54981,1993,1998,659
55001,55001,1993,2020,7051
55029,55029,1993,2020,6759
55036,55036,1993,2003,1096
55044,55044,1993,2001,1968
55060,55060,1993,2003,2229
55079,55079,1993,1996,880
55108,55108,1993,1999,558
55117,55117,1993,1995,753
55125,55125,1993,2000,1206
55160,55160,1993,2006,2974
55191,55191,1993,2002,2283
55204,55204,1993,1998,1468
55212,55212,1993,2020,7051
55213,55213,1993,2017,6290
55256,55256,1993,1997,1227
55319,55319,1993,2000,1887
55328,55328,1993,2000,1792
55336,55336,1993,2002,1548
55466,55466,1993,2000,1806
55467,55467,1993,2004,1760
55483,55483,1993,1993,133
55490,55490,1993,1998,1393
55511,55511,1993,2020,7051
55546,55546,1993,2011,3724
55554,55554,1993,2003,1429
55589,55589,1993,2004,2000
55597,55597,1993,2020,7050
55634,55634,1993,2020,2801
55678,55678,1993,2020,4681
55731,55731,1993,1995,502
55781,55781,1993,2007,3629
55782,55782,1993,2007,3654
55854,55854,1993,1996,921
55862,55862,1993,2020,3376
55969,55969,1993,1994,392
55976,55976,1993,2020,7050
55984,55984,1993,2020,4363
55985,55985,1993,2001,1184
55993,55993,1993,2020,6573
56040,56040,1993,2013,5257
56063,56063,1993,2011,4659
56101,56101,1993,2000,1585
56119,56119,1993,2000,1799
56143,56143,1993,2007,3686
56179,56179,1993,1996,380
56216,56216,1993,2001,2101
56223,56223,1993,2020,7051
56232,56232,1993,2008,4030
56266,56266,1993,1998,1452
56274,56274,1993,2020,7051
56275,56275,1993,2004,2948
56290,56290,1993,1997,1077
56291,56291,1993,1993,154
56311,56311,1993,1998,674
56312,56312,1993,1993,168
56339,56339,1993,2000,1948
56354,56354,1993,2005,3204
56363,56363,1993,2006,3279
56419,56419,1993,1995,167
56434,56434,1993,1998,1366
56450,56450,1993,1998,1452
56557,56557,1993,2000,1416
56565,56565,1993,2020,7048
56573,56573,1993,2020,7051
56581,56581,1993,2010,4483
56602,56602,1993,2011,3932
56610,56610,1993,2000,1871
56611,56611,1993,2016,5651
56629,56629,1993,1999,1688
56630,56630,1993,2001,2186
56653,56653,1993,2020,6966
56696,56696,1993,2015,5757
56710,56710,1993,2020,3604
56733,56733,1993,2004,1766
56741,56741,1993,2009,4096
56742,56742,1993,1994,305
56777,56777,1993,2013,5026
56784,56784,1993,2007,3721
56813,56813,1993,2005,3032
56822,56822,1993,2020,6824
56856,56856,1993,2020,6799
56936,56936,1993,2020,7049
56937,56937,1993,2010,4470
56945,56945,1993,2020,6150
56952,56952,1993,2007,3651
56960,56960,1993,1996,838
56979,56979,1993,2006,3351
56987,56987,1993,2005,3107
57007,57007,1993,2020,7024
57015,57015,2005,2010,1170
57066,57066,1993,2005,3058
57067,57067,1993,2006,3382
57074,57074,1993,2020,7045
57082,57082,1993,2015,5787
57103,57103,1993,2016,5880
57104,57104,2005,2008,706
57111,57111,1993,1998,1507
57138,57138,1993,1995,283
57146,57146,1993,2000,1985
57154,57154,1993,2020,7051
57155,57155,1993,1995,549
57162,57162,1993,1994,149
57163,57163,1993,1993,17
57171,57171,1993,1994,442
57197,57197,1993,1995,690
57198,57198,1993,1993,64
57250,57250,1993,1994,421
57251,57251,1993,2007,3403
57277,57277,1993,1999,1677
57286,57286,1993,2004,2889
57293,57293,1993,2020,6821
57315,57315,1993,1993,16
57330,57330,1993,2015,5514
57365,57365,1993,2002,2265
57373,57373,1993,1996,683
57381,57381,1993,1998,1398
57410,57410,1993,2008,3906
57437,57437,1993,2008,3810
57446,57446,1993,2010,4224
57489,57489,1993,1994,178
57509,57509,1993,2016,5777
57526,57526,1993,1994,324
57534,57534,1993,2016,5862
57568,57568,1993,2020,7051
57577,57577,1993,1996,896
57584,57584,1993,2005,2939
57592,57592,1993,1999,1711
57648,57648,1993,1997,1246
57656,57656,1993,1999,1267
57665,57665,1993,2020,7051
57673,57673,1993,1995,443
57681,57681,1993,2009,4136
57736,57736,1993,1999,1435
57745,57745,1993,2012,4193
57753,57753,1993,1997,848
57780,57780,1993,2005,1641
57795,57795,1993,1994,312
57808,57808,1993,2020,7051
57809,57809,1993,2020,7051
57817,57817,1993,2020,7050
57832,57832,1993,1994,287
57884,57884,1993,2005,3014
57904,57904,1993,2020,7051
57913,57913,1993,2020,7050
57963,57963,1993,1995,470
57964,57964,1993,1994,196
57999,57999,1993,1999,1530
58026,58026,1993,2002,2486
58043,58043,1993,1999,1643
58077,58077,1993,2002,2474
58078,58078,1993,1999,1201
58085,58085,1993,1995,575
58094,58094,1993,2006,3506
58114,58114,1993,2006,3322
58150,58150,1993,1993,84
58166,58166,1993,1995,615
58173,58173,1993,1999,1692
58181,58181,1993,1995,618
58202,58202,1993,1999,1543
58246,58246,1993,2020,7049
58288,58288,1993,1994,325
58296,58296,1993,1996,1005
58318,58318,1993,2020,7051
58334,58334,1993,2020,7051
58369,58369,1993,1998,779
58376,58376,1993,1999,1546
58393,58393,1993,2000,1937
58405,58405,1993,1996,955
58406,58406,1993,2003,2689
58413,58413,1993,2020,7051
58421,58421,1993,2020,6684
58464,58464,1993,2005,3191
58472,58472,1993,1995,586
58473,58473,1993,2002,2309
58480,58480,1993,1996,1002
58481,58481,1993,1999,1596
58501,58501,1993,2020,7048
58560,58560,1993,2016,5668
58608,58608,1993,2007,3418
58616,58616,1993,1997,1148
58624,58624,1993,1998,1399
58625,58625,1993,2002,2517
58632,58632,1993,1995,558
58640,58640,1993,2009,4037
58641,58641,1993,1999,1217
58675,58675,1993,2020,6749
58683,58683,1993,2020,7051
58704,58704,1993,2001,2094
58748,58748,1993,1998,1260
58755,58755,1993,2011,4550
58756,58756,1993,2010,3892
58771,58771,1993,2020,7034
58772,58772,1993,2001,2012
58799,58799,1993,2001,1445
58800,58800,1993,2007,3648
58819,58819,1993,2020,7051
58827,58827,1993,1998,1451
58836,58836,1993,2020,6300
58886,58886,1993,2002,2359
58975,58975,1993,2020,7051
58990,58990,1993,2007,3766
59010,59010,1993,2020,7050
59045,59045,1993,2020,7051
59053,59053,1993,1999,1623
59089,59089,1993,2019,6636
59110,59110,1993,2004,2449
59118,59118,1993,1993,171
59126,59126,1993,2007,3688
59176,59176,1993,2020,7051
59184,59184,1993,2008,4000
59185,59185,1993,2020,6840
59192,59192,1993,2016,5801
59222,59222,1993,2006,2056
59248,59248,1993,2020,7051
59256,59256,1993,2020,5299
59264,59264,1993,1994,463
59300,59300,1993,2020,7051
59301,59301,1993,2000,1912
59328,59328,1993,2020,7046
59344,59344,1993,2013,3935
59345,59345,1993,2001,2081
59352,59352,1993,1997,1020
59360,59360,1993,1997,1157
59379,59379,1993,2007,3650
59396,59396,1993,2020,7051
59408,59408,1993,2020,7049
59409,59409,1993,1993,19
59424,59424,1993,2006,3135
59432,59432,1993,1998,1280
59440,59440,1993,2008,3959
59459,59459,1993,2020,7051
59467,59467,1993,2018,5753
59483,59483,1993,2020,7049
59504,59504,1993,2020,7050
59547,59547,1993,1999,1552
59555,59555,1993,2020,7051
59600,59600,1993,2020,6666
59619,59619,1993,2020,7051
59627,59627,1993,2020,6374
59628,59628,1993,2020,5897
59643,59643,1993,1999,1711
59686,59686,1993,1996,805
59707,59707,1993,1998,1423
59767,59767,1993,2000,1790
59774,59774,1993,2020,7046
59775,59775,1993,1994,444
59790,59790,1993,1995,449
59839,59839,1993,1994,261
59871,59871,1993,2014,5201
59897,59897,1993,1999,1553
59898,59898,1993,1998,1315
59926,59926,1993,1998,1448
59942,59942,1993,1997,1051
59943,59943,2000,2002,323
60003,60003,1993,1999,985
60038,60038,1993,2020,6247
60046,60046,1993,1997,1191
60055,60055,1993,2001,1884
60063,60063,1993,2003,2540
60090,60090,1993,2002,2468
60097,60097,1993,2020,7050
60098,60098,1993,2020,7046
60142,60142,1993,2005,2755
60169,60169,1993,2000,1937
60177,60177,1993,1993,185
60186,60186,1993,2020,7051
60206,60206,1993,2020,7051
60230,60230,1993,1998,1139
60273,60273,1993,2010,3613
60310,60310,1993,1998,1324
60346,60346,1993,1998,1326
60353,60353,1993,2002,2329
60354,60354,1993,2004,2780
60441,60441,1993,2000,1871
60442,60442,1993,2020,7051
60468,60468,1993,2020,6402
60476,60476,1993,1998,1191
60492,60492,1993,1993,116
60506,60506,1993,2020,7051
60521,60521,1993,1997,1178
60548,60548,1993,2013,5133
60580,60580,1993,2020,7050
60581,60581,1993,2003,2689
60599,60599,1993,2020,7051
60600,60600,1993,1993,69
60601,60601,1993,1994,442
60628,60628,1993,2020,7051
60660,60660,1993,1999,1735
60679,60679,1993,1997,1093
60687,60687,1993,2020,7051
60695,60695,1993,2007,3740
60708,60708,1993,1994,256
60709,60709,2001,2019,4438
60717,60717,1993,1994,163
60733,60733,1993,1995,505
60792,60792,1993,1995,688
60804,60804,1993,1998,1449
60821,60821,1993,1994,314
60871,60871,1993,2020,7050
60898,60898,1993,2020,4447
60899,60899,1993,1996,738
60927,60927,1993,1995,714
60935,60935,1993,1997,1025
60943,60943,1993,2020,7051
60986,60986,1993,2020,7051
61031,61031,1993,1997,965
61049,61049,1993,1998,1324
61058,61058,1993,2001,1837
61065,61065,1993,2005,3162
61081,61081,1993,2000,1797
61111,61111,1993,1998,1294
61137,61137,1993,1994,502
61138,61138,1993,2012,4974
61145,61145,1993,2009,3340
61146,61146,1993,2020,6982
61161,61161,1993,1997,653
61162,61162,1993,1998,158
61188,61188,1993,2020,7051
61209,61209,1993,2015,5035
61217,61217,1993,2001,2163
61218,61218,1993,2009,4231
61233,61233,1993,1998,1363
61241,61241,1993,2020,7051
61242,61242,1993,1995,457
61269,61269,1993,2020,7039
61284,61284,1993,1998,1269
61313,61313,1993,2020,7049
61322,61322,1993,2005,2855
61348,61348,1993,1995,541
61357,61357,1993,1994,303
61372,61372,1993,1993,246
61399,61399,1993,2020,7051
61401,61401,1993,1999,1653
61444,61444,1993,1998,1253
61460,61460,1993,1996,978
61487,61487,1993,2020,6839
61496,61496,1993,2020,6653
61508,61508,1993,2020,2148
61516,61516,1993,2020,7037
61524,61524,1993,2002,2337
61532,61532,1993,2001,1993
61540,61540,1993,2000,1811
61560,61560,1993,1998,1295
61567,61567,1993,2020,7048
61583,61583,1993,2000,1996
61591,61591,1993,1994,396
61620,61620,1993,1995,702
61621,61621,1993,2020,7047
61640,61640,1993,1996,934
61663,61663,1993,2001,2193
61671,61671,1993,1997,1157
61698,61698,1993,2000,1773
61700,61700,1993,2018,5695
61720,61720,1993,1999,1256
61735,61735,1993,2020,7051
61743,61743,1993,2020,7051
61778,61778,1993,2018,6400
61787,61787,1993,2015,5134
61807,61807,1993,2020,7012
61815,61815,1993,2020,6989
61823,61823,1993,1995,560
61832,61832,1993,1999,82
61858,61858,1993,1994,354
61866,61866,1993,1995,663
61882,61882,1993,2000,1847
61938,61938,1993,2014,5350
61946,61946,1993,2020,7051
61955,61955,1993,2016,5722
61990,61990,1993,1996,842
62010,62010,1993,1999,1727
62033,62033,1993,2020,6917
62034,62034,1993,2012,4974
62042,62042,1993,2015,5548
62068,62068,1993,2020,7051
62084,62084,1993,2011,2459
62092,62092,1993,2020,7051
62148,62148,1993,2020,7051
62149,62149,1993,1993,127
62156,62156,1993,2020,6755
62164,62164,1993,1996,882
62180,62180,1993,1993,82
62199,62199,1993,1996,822
62200,62200,1993,2003,2284
62228,62228,1993,2020,6760
62236,62236,1993,1996,757
62252,62252,1993,1998,1508
62253,62253,1993,1995,672
62260,62260,1993,2001,2223
62261,62261,1993,1995,600
62287,62287,1993,2002,2479
62295,62295,1993,2000,1772
62296,62296,1993,2011,4345
62308,62308,1993,2020,7051
62316,62316,1993,1997,1150
62324,62324,1993,2004,2810
62341,62341,1993,2020,7008
62359,62359,1993,2020,7016
62367,62367,1993,2020,6983
62368,62368,1993,2019,4833
62375,62375,1993,1995,503
62376,62376,1993,2019,5206
62383,62383,1993,2015,5728
62384,62384,1993,1997,1095
62391,62391,1993,2020,7051
62405,62405,1993,2002,1041
62420,62420,1993,2012,4866
62440,62440,1993,1994,144
62447,62447,1993,1997,997
62463,62463,1993,1999,1747
62471,62471,1993,1995,420
62498,62498,1993,2020,7034
62500,62500,1993,2007,3675
62519,62519,1993,2009,4276
62527,62527,1993,1996,802
62552,62552,1993,2009,4059
62594,62594,1993,1996,405
62607,62607,1993,2001,2180
62615,62615,1993,1993,162
62616,62616,1993,1999,1617
62631,62631,1993,1995,456
62682,62682,1993,1997,1258
62690,62690,1993,2003,2598
62747,62747,1993,1996,731
62763,62763,1993,2009,2546
62770,62770,1993,2006,3488
62790,62790,1993,2002,2421
62797,62797,1993,2007,3453
62834,62834,1993,2006,3385
62842,62842,1993,1995,696
62843,62843,1993,2001,1913
62851,62851,1993,1996,828
62877,62877,1993,1997,1256
62885,62885,1993,2012,3829
62894,62894,1993,1998,1274
62906,62906,1993,2013,4787
62907,62907,1993,2003,2710
62914,62914,1993,1998,1361
62922,62922,1993,2020,6175
62923,62923,1993,1999,1347
62930,62930,1993,2020,7051
62931,62931,1993,1995,421
62949,62949,1993,2008,3921
62958,62958,1993,2020,3298
62981,62981,1993,1997,1225
63036,63036,1993,1999,1014
63044,63044,1993,2000,1870
63060,63060,1993,2008,3965
63061,63061,1993,1994,411
63079,63079,1993,2019,6002
63088,63088,1993,2000,1972
63096,63096,1993,1999,1703
63125,63125,1993,2020,7050
63132,63132,1993,2020,6953
63159,63159,1993,2017,6047
63220,63220,1993,2001,2025
63239,63239,1993,1997,1059
63240,63240,1993,2004,2908
63247,63247,1993,1993,90
63263,63263,1993,2020,6999
63300,63300,1993,2002,2426
63335,63335,2001,2019,4598
63344,63344,1993,2000,1771
63351,63351,1993,1993,146
63386,63386,1993,1994,483
63395,63395,1993,1998,1151
63467,63467,1993,2020,6911
63483,63483,1993,2000,2017
63503,63503,1993,2012,4909
63511,63511,1993,2002,2320
63546,63546,1993,2020,7013
63547,63547,1993,2003,1701
63554,63554,1993,2001,2262
63562,63562,1993,2008,3907
63590,63590,1993,1998,1321
63597,63597,1993,1997,990
63686,63686,1993,2008,3839
63706,63706,1993,2020,7039
63714,63714,1993,2015,5697
63715,63715,1993,2020,6980
63722,63722,1993,1995,238
63749,63749,1993,1995,244
63765,63765,1993,2020,7051
63773,63773,1993,2020,7051
63781,63781,1993,2020,6896
63810,63810,1993,1993,70
63811,63811,1993,2011,4658
63829,63829,1993,2016,5917
63830,63830,1993,2016,5811
63837,63837,1993,2000,1985
63845,63845,1993,1997,1044
63889,63889,1993,1993,241
63976,63976,1993,2007,3592
63977,63977,1993,2012,5032
63992,63992,1993,1998,965
64004,64004,1993,2005,3052
64012,64012,1993,1998,1294
64013,64013,1993,1993,110
64020,64020,1993,2020,7051
64063,64063,1993,2000,1817
64064,64064,1993,1993,204
64071,64071,1993,2000,1942
64135,64135,1993,2013,5236
64143,64143,1993,1994,384
64144,64144,1993,1996,945
64151,64151,1993,1996,759
64152,64152,1993,2004,2855
64178,64178,1993,1995,640
64186,64186,1993,2020,7050
64194,64194,1993,2020,7051
64195,64195,1993,2008,3647
64215,64215,1993,1996,943
64231,64231,1993,2012,4866
64258,64258,1993,2010,4345
64274,64274,1993,1996,692
64275,64275,1993,2004,2806
64282,64282,1993,2020,7051
64290,64290,1993,2004,3001
64291,64291,1993,1997,1116
64311,64311,1993,2020,7051
64338,64338,1993,1999,1341
64346,64346,1993,1999,1669
64354,64354,1993,1994,433
64362,64362,1993,2009,4016
64390,64390,1993,2020,7051
64397,64397,1993,1994,480
64418,64418,1993,2000,1789
64426,64426,1993,1995,629
64427,64427,1993,1998,1143
64434,64434,1993,1997,1065
64442,64442,1993,2004,2433
64450,64450,1993,2020,7050
64451,64451,1993,2007,3718
64477,64477,1993,2000,1876
64486,64486,1993,2015,5557
64506,64506,1993,1996,676
64514,64514,1993,2001,2034
64515,64515,1993,2004,2888
64531,64531,1993,1999,1638
64557,64557,1993,2016,5861
64565,64565,1993,2008,3902
64582,64582,1993,1995,482
64629,64629,1993,2020,6809
64630,64630,1993,2002,1232
64637,64637,1993,2005,577
64646,64646,1993,2000,1795
64653,64653,1993,2020,7050
64654,64654,1993,1995,287
64689,64689,1993,1993,9
64696,64696,1993,1997,743
64697,64697,1993,2000,1529
64717,64717,1993,1997,1229
64742,64742,2004,2020,4121
64769,64769,1993,1995,668
64785,64785,1993,2020,3898
64805,64805,1993,2020,7051
64806,64806,1993,1995,521
64822,64822,2006,2020,3387
64848,64848,1993,1997,1052
64856,64856,1993,2001,2138
64864,64864,1993,2013,4986
64880,64880,1993,1996,520
64899,64899,1993,2020,4457
64901,64901,1993,2008,3676
64902,64902,1993,1994,372
64929,64929,1993,2020,7032
64936,64936,1993,2020,7051
64961,64961,1993,2020,6763
64979,64979,1993,2000,1924
64995,64995,1993,2020,4562
64996,64996,1993,1999,1416
65008,65008,1993,2020,6840
65015,65015,1993,2003,1489
65024,65024,1993,1999,1662
65032,65032,1993,2000,1986
65058,65058,1993,1998,1283
65066,65066,1993,1998,1359
65067,65067,1993,2008,3776
65074,65074,1993,2000,1835
65082,65082,1993,1994,326
65083,65083,1993,2005,3224
65091,65091,1993,1998,1161
65103,65103,1993,1999,1553
65111,65111,1993,1997,1229
65138,65138,1993,2004,2895
65146,65146,1993,1999,1557
65154,65154,1993,2016,5825
65155,65155,1993,2000,1744
65163,65163,1993,2010,4296
65218,65218,1993,1995,533
65226,65226,1993,2008,3750
65234,65234,1993,1996,489
65269,65269,1993,1995,543
65270,65270,1993,2020,6985
65285,65285,1993,2020,7047
65293,65293,1993,2010,4353
65294,65294,1993,2020,7012
65306,65306,1993,2020,6984
65307,65307,1993,2020,7051
65315,65315,1993,2004,2781
65330,65330,1993,2020,6945
65349,65349,1993,1999,1409
65357,65357,1993,1998,1451
65365,65365,1993,2020,7050
65373,65373,1993,1998,1169
65402,65402,1993,2020,7051
65429,65429,1993,2020,5850
65438,65438,1993,1994,356
65445,65445,1993,1998,1318
65446,65446,1993,1998,1077
65453,65453,1993,2001,2085
65496,65496,1993,2003,2677
65509,65509,1993,2013,5282
65518,65518,2000,2008,2126
65525,65525,1993,2000,1644
65533,65533,1993,2005,3101
65541,65541,1993,2020,7051
65568,65568,1993,2003,2540
65584,65584,1993,2017,4301
65592,65592,1993,1999,1695
65606,65606,1993,1999,1443
65622,65622,1993,1994,245
65648,65648,1993,2009,4253
65656,65656,1993,2006,3368
65665,65665,1993,2020,5402
65672,65672,1993,2005,2130
65700,65700,1993,2020,5902
65702,65702,1993,2005,3072
65752,65752,1993,2020,6795
65760,65760,1993,1997,198
65761,65761,1993,1996,651
65787,65787,1993,2007,3771
65796,65796,1993,1993,30
65808,65808,1993,1999,1192
65816,65816,1993,1993,181
65817,65817,1993,1997,1143
65832,65832,1993,2008,4028
65859,65859,1993,1999,1709
65867,65867,1993,1993,77
65875,65875,1993,2020,7051
65883,65883,1993,2006,3526
65905,65905,1993,1996,809
65912,65912,1993,2008,3743
65920,65920,1993,1996,949
65939,65939,1993,2006,3294
65940,65940,1993,1997,334
65947,65947,1993,2020,7051
65964,65964,1993,2003,2590
66018,66018,1993,1997,1167
66026,66026,1993,1997,1071
66050,66050,1993,2014,5346
66069,66069,1993,1995,687
66077,66077,1993,2006,2677
66078,66078,1993,2007,2957
66085,66085,1993,1994,271
66086,66086,1993,1997,896
66093,66093,1993,2020,7051
66114,66114,1993,2012,4814
66122,66122,1993,2000,1893
66130,66130,1993,2009,4101
66149,66149,1993,1999,1569
66157,66157,1993,2020,6325
66165,66165,1993,1995,707
66173,66173,1993,1994,477
66181,66181,1993,2020,7051
66230,66230,1993,1994,260
66245,66245,1993,2020,7045
66253,66253,1993,2009,3847
66262,66262,1993,1998,329
66288,66288,1993,1999,1734
66296,66296,1993,1999,1714
66297,66297,1993,1993,124
66309,66309,1993,2000,1527
66325,66325,1993,2020,7051
66333,66333,1993,1997,1149
66368,66368,1993,2010,4407
66369,66369,1993,2005,2909
66376,66376,1993,2020,6985
66384,66384,1993,2020,7051
66392,66392,1993,2000,1987
66393,66393,1993,2001,2186
66413,66413,1993,2004,2986
66421,66421,1993,1994,327
66422,66422,1993,1998,1307
66456,66456,1993,1997,1012
66464,66464,1993,1995,636
66472,66472,1993,2005,2857
66501,66501,1993,2005,3133
66545,66545,1993,2002,1366
66553,66553,1993,1997,1061
66587,66587,1993,2006,3334
66595,66595,1993,1994,282
66616,66616,1993,2020,7037
66617,66617,1993,2016,5427
66624,66624,1993,1995,448
66632,66632,1993,1995,710
66640,66640,1993,2000,1639
66659,66659,1993,1993,105
66667,66667,1993,2003,1106
66683,66683,1993,2020,6950
66705,66705,1993,1993,99
66713,66713,1993,2009,4200
66739,66739,1993,2020,6704
66740,66740,1993,1994,432
66747,66747,1993,2012,4674
66771,66771,1993,1993,38
66798,66798,1993,1993,25
66799,66799,1993,2006,3482
66800,66800,1993,2020,7051
66801,66801,1993,1995,737
66828,66828,1993,1996,891
66835,66835,1993,2019,6723
66836,66836,1993,1999,1708
66852,66852,1993,2020,6731
66878,66878,1993,2003,2669
66923,66923,1993,1999,868
66931,66931,1993,1996,867
66967,66967,1993,2005,3115
66990,66990,1993,1994,358
67002,67002,1993,2014,4966
67010,67010,1993,2010,4533
67029,67029,1993,2020,6678
67037,67037,1993,1999,1645
67046,67046,1993,2009,4125
67053,67053,1993,1996,704
67062,67062,1993,1999,836
67088,67088,1993,1999,1699
67096,67096,1993,1996,736
67168,67168,1993,1996,860
67176,67176,1993,2006,3346
67177,67177,1993,2006,3187
67192,67192,1993,1994,206
67193,67193,1993,2013,4871
67213,67213,1993,1998,926
67248,67248,1993,1997,1044
67264,67264,1993,2006,3314
67272,67272,1993,1998,1320
67300,67300,1993,2001,1863
67328,67328,1993,2000,1945
67345,67345,1994,2003,2471
67360,67360,1993,2020,6957
67425,67425,1993,1993,9
67432,67432,1993,2004,2826
67459,67459,1993,2007,3627
67467,67467,1993,2020,7051
67491,67491,1993,2002,2281
67556,67556,1993,1994,107
67563,67563,1993,2002,2322
67564,67564,1993,1995,557
67571,67571,1993,1998,1387
67598,67598,1993,2020,7051
67619,67619,1993,1997,1170
67620,67620,1993,1995,582
67628,67628,1993,1995,575
67652,67652,1993,1998,1280
67678,67678,1993,2004,2656
67679,67679,1993,2001,2084
67707,67707,1993,1994,421
67708,67708,1993,2004,2990
67715,67715,1993,1999,1701
67723,67723,1993,2008,3814
67732,67732,1993,2006,3391
67774,67774,1993,2020,7051
67790,67790,1993,1995,586
67803,67803,1993,1993,17
67838,67838,1993,2020,6714
67847,67847,1993,2020,7001
67854,67854,1993,1996,790
67862,67862,1993,2008,3911
67870,67870,1993,1994,392
67942,67942,1993,2009,2703
67970,67970,1993,1996,568
67985,67985,1993,1994,482
67993,67993,1993,1999,1529
68013,68013,1993,1994,453
68021,68021,1993,2020,7051
68048,68048,1993,1997,1153
68049,68049,1993,2006,3483
68064,68064,1993,1995,647
68065,68065,1993,2005,2713
68072,68072,1993,1995,641
68073,68073,1993,1994,101
68080,68080,1993,1993,52
68101,68101,1993,1996,887
68102,68102,1993,2000,1914
68128,68128,1993,1999,1618
68144,68144,1993,2019,6782
68145,68145,1993,2020,6037
68161,68161,1993,2001,2250
68187,68187,1993,2020,7051
68196,68196,1993,2020,7044
68208,68208,1993,1993,183
68233,68233,1993,2009,3705
68276,68276,2014,2016,608
68291,68291,1993,1993,180
68292,68292,1993,2020,7046
68304,68304,1993,2008,3881
68312,68312,1993,2011,4659
68313,68313,1993,2001,938
68320,68320,1993,2015,3977
68340,68340,1993,2010,4466
68347,68347,1993,2002,2351
68355,68355,1993,1997,1075
68363,68363,1993,1994,433
68364,68364,1993,2003,2565
68398,68398,1993,2003,2587
68401,68401,1993,1997,155
68419,68419,1993,2020,7026
68427,68427,1993,2020,7050
68428,68428,1993,1996,909
68451,68451,1993,2003,2765
68452,68452,1993,1999,1367
68494,68494,1993,2001,2263
68495,68495,1993,2001,917
68515,68515,1993,1995,404
68523,68523,1993,2010,4043
68559,68559,1993,1998,463
68566,68566,1993,1997,1162
68567,68567,1993,1999,1463
68574,68574,1993,1995,520
68582,68582,1993,2001,2077
68583,68583,1993,1999,1601
68591,68591,1993,2017,6045
68603,68603,1993,1993,46
68638,68638,1993,1998,1348
68646,68646,1993,1995,689
68662,68662,1993,1998,1283
68670,68670,1993,1996,632
68697,68697,1993,1999,1632
68718,68718,1993,2016,5443
68726,68726,1993,2001,2080
68742,68742,1993,2010,4371
68743,68743,1993,2001,1886
68786,68786,1993,1998,1237
68814,68814,1993,2002,2377
68815,68815,1993,2009,3673
68823,68823,1993,2006,2335
68830,68830,1993,2020,7042
68849,68849,1993,2007,3562
68857,68857,1993,2016,5909
68866,68866,1993,2020,6707
68910,68910,1993,1996,811
68929,68929,1993,2020,7051
68938,68938,1993,1997,1257
68945,68945,1993,1998,1269
68961,68961,1993,2003,2529
68996,68996,1993,2002,2318
68997,68997,1993,1995,179
69008,69008,1993,1995,530
69032,69032,1993,2020,5382
69033,69033,1993,2000,1978
69040,69040,1993,1996,775
69059,69059,1993,1994,382
69060,69060,1993,1996,741
69067,69067,1993,1997,1211
69075,69075,1993,2006,3377
69084,69084,1993,1995,700
69104,69104,1993,1994,453
69112,69112,1993,1993,184
69147,69147,1993,1996,923
69155,69155,1993,1994,504
69163,69163,1993,2003,2732
69171,69171,1993,1998,1391
69199,69199,1993,2018,6455
69200,69200,1993,2007,3505
69219,69219,1993,2003,1515
69220,69220,1993,1995,541
69235,69235,1993,1993,45
69243,69243,1993,1997,1227
69244,69244,1993,2001,1568
69251,69251,1993,2018,6299
69286,69286,1993,1995,583
69287,69287,1993,1993,43
69294,69294,1993,1995,629
69307,69307,1993,2002,2135
69331,69331,1993,2020,7046
69332,69332,1993,1995,612
69366,69366,1993,2020,7051
69374,69374,1993,1997,1121
69382,69382,1993,2010,4371
69403,69403,1993,2004,2972
69411,69411,1993,2008,3965
69446,69446,1993,2020,7046
69447,69447,1993,1999,1538
69462,69462,1993,1995,549
69471,69471,1993,1999,1702
69489,69489,1993,1996,1003
69518,69518,1993,2005,3142
69519,69519,1993,1994,209
69526,69526,1995,2003,1888
69534,69534,1993,2008,3982
69542,69542,1993,2005,2968
69550,69550,1993,2020,7020
69569,69569,1993,1993,186
69585,69585,1993,1998,1456
69586,69586,1993,2020,6953
69593,69593,1993,2004,2982
69606,69606,1993,2007,3750
69607,69607,1993,2000,1992
69649,69649,1993,2020,7051
69673,69673,1993,1998,1113
69681,69681,1993,2004,2408
69682,69682,1993,2000,1288
69702,69702,1993,1996,991
69761,69761,1993,2020,7033
69796,69796,1993,2020,7051
69809,69809,1993,2000,1952
69877,69877,1993,1993,114
69885,69885,1993,1999,1633
69892,69892,1993,2019,6408
69905,69905,1993,2000,733
69906,69906,1993,2000,1955
69921,69921,1993,1997,1252
69965,69965,1993,1998,1294
69980,69980,1993,2020,7051
69999,69999,1993,2020,7045
70017,70017,1993,1996,765
70018,70018,1993,2001,2232
70026,70026,1993,1997,1095
70033,70033,1993,2020,7051
70076,70076,1993,1994,92
70077,70077,1993,1999,1746
70092,70092,1993,2020,7051
70106,70106,1993,1994,216
70113,70113,1993,2001,1144
70114,70114,1993,1994,443
70121,70121,1993,2020,6836
70148,70148,1993,1996,840
70156,70156,1993,2005,2135
70164,70164,1993,1999,1118
70172,70172,1993,2000,2002
70228,70228,1993,2020,7051
70229,70229,1993,2000,1894
70252,70252,1993,2000,1960
70260,70260,1993,1995,542
70280,70280,1993,1999,1537
70287,70287,1993,1997,1142
70288,70288,1993,2002,2348
70295,70295,1993,2019,6768
70308,70308,1993,2016,5889
70316,70316,1993,2002,2438
70325,70325,1993,1995,498
70332,70332,1993,2019,6698
70340,70340,1993,1994,442
70375,70375,1993,1998,1340
70376,70376,1993,2000,1899
70383,70383,1993,1997,1085
70391,70391,1993,2003,2502
70420,70420,1993,2019,6757
70421,70421,1993,1996,1009
70439,70439,1993,1993,208
70440,70440,1993,1994,324
70447,70447,1993,2004,1354
70455,70455,1993,1994,444
70471,70471,1993,1995,520
70500,70500,1993,2016,5894
70519,70519,1993,2020,7046
70535,70535,1993,1996,937
70536,70536,1993,2015,5759
70578,70578,1993,2020,7050
70594,70594,1993,1996,863
70607,70607,1993,1996,888
70616,70616,1993,2013,5263
70632,70632,1993,2001,2116
70659,70659,1993,2005,3034
70674,70674,1993,2004,2724
70675,70675,1995,1998,794
70682,70682,1993,2007,3687
70691,70691,1993,1999,1585
70703,70703,1993,2020,7051
70704,70704,1993,2020,4931
70762,70762,1993,1997,1175
70770,70770,1993,2002,2273
70789,70789,1993,1994,264
70790,70790,1993,2000,2008
70797,70797,1993,2020,7051
70798,70798,1993,2002,1575
70818,70818,1993,2009,4058
70826,70826,1993,2020,7051
70885,70885,1993,2000,1805
70893,70893,1993,1994,272
70914,70914,1993,1995,634
70923,70923,1993,2013,5222
70930,70930,1993,1997,1257
70949,70949,1993,1994,198
70958,70958,1993,1994,294
70965,70965,1993,2008,4001
70966,70966,1993,1993,131
70981,70981,1993,1993,58
71001,71001,1993,1999,1741
71002,71002,1993,2001,2054
71028,71028,1993,1997,934
71079,71079,1993,2020,7051
71116,71116,1993,2007,3666
71117,71117,1993,1997,1143
71124,71124,1993,2006,3385
71159,71159,1993,2020,7028
71168,71168,1993,1996,651
71175,71175,1993,2020,7051
71176,71176,1993,2020,7051
71191,71191,1993,2017,5930
71220,71220,1993,2000,1931
71271,71271,1993,2020,6954
71298,71298,1993,2020,7051
71299,71299,1993,1996,879
71300,71300,1993,1999,1728
71395,71395,1993,2007,3740
71475,71475,1993,2020,7051
71538,71538,1993,2012,4765
71555,71555,1993,1999,1294
71562,71562,1993,1998,1008
71563,71563,1993,2020,7051
71571,71571,1993,2003,2609
71589,71589,1993,2007,3620
71598,71598,1993,2005,891
71685,71685,1993,2010,4447
71686,71686,1993,2004,2979
71722,71722,1993,2020,7051
71765,71765,1993,1997,1115
71782,71782,1993,2010,4416
71810,71810,1993,2020,7051
71811,71811,1993,1993,84
71837,71837,1993,2019,6293
71862,71862,1993,2020,6999
71888,71888,1993,1995,524
71909,71909,1993,2006,3492
71934,71934,1993,1994,426
71942,71942,1993,2017,5525
71984,71984,1993,2000,1843
71985,71985,1993,2020,7047
71992,71992,1993,1996,843
72005,72005,1993,2013,5082
72072,72072,1993,2000,1787
72100,72100,1993,1998,1358
72119,72119,1993,2020,5895
72128,72128,1993,2011,4624
72135,72135,1993,2004,2486
72231,72231,1993,2020,7051
72232,72232,1993,2013,4703
72274,72274,1993,1993,88
72291,72291,1993,1997,458
72304,72304,1993,2020,7049
72338,72338,1993,2020,6914
72478,72478,1993,1994,319
72486,72486,1993,2012,4932
72494,72494,1993,2015,5579
72514,72514,1993,1995,685
72523,72523,1993,1999,1748
72557,72557,1993,1997,1051
72603,72603,1993,1998,1278
72611,72611,1993,2020,6078
72661,72661,1993,2006,3486
72688,72688,1993,1997,1093
72696,72696,1993,2018,6324
72710,72710,1993,2003,2684
72725,72725,1993,1997,1189
72726,72726,1993,2020,7050
72733,72733,1993,2007,3751
72741,72741,1993,2007,2491
72768,72768,1993,1997,1199
72769,72769,1993,1994,441
72776,72776,1993,2020,7051
72813,72813,1993,2020,7051
72864,72864,1993,2020,7049
72961,72961,1993,2006,3375
72980,72980,1993,2020,7007
72988,72988,1993,1993,43
72996,72996,1993,2020,6927
73075,73075,1993,1998,1464
73083,73083,1993,1997,1142
73091,73091,1995,1999,336
73112,73112,1993,1996,861
73139,73139,1993,2020,7051
73171,73171,1993,1995,547
73198,73198,1993,1999,1527
73219,73219,1993,2020,7051
73278,73278,1996,2001,878
73294,73294,1993,1999,1571
73315,73315,1993,1998,1214
73358,73358,1993,1996,798
73366,73366,1993,1994,328
73411,73411,1993,1994,422
73438,73438,1993,1998,1283
73497,73497,1993,1994,152
73614,73614,1993,2000,2008
73681,73681,1993,2014,5306
73700,73700,1993,1995,89
73753,73753,1993,1996,768
73796,73796,1993,2003,2411
73809,73809,1993,2015,5659
73817,73817,2005,2015,2218
73913,73913,1993,1994,269
73940,73940,1993,2007,3531
73948,73948,1993,1998,1081
73956,73956,1993,2001,2065
74086,74086,1993,2004,2798
74123,74123,1993,1993,195
74203,74203,1993,2005,3244
74230,74230,1993,1999,1669
74246,74246,1993,2010,3135
74393,74393,1993,2003,1399
74406,74406,1993,2017,6116
74481,74481,1993,2000,1758
74500,74500,1993,2020,6041
74529,74529,2004,2009,1164
74561,74561,1993,1999,1555
74580,74580,1993,2005,3210
74617,74617,1993,1997,1178
74625,74625,1993,1993,43
74740,74740,1993,2020,6307
74828,74828,1993,1996,608
74836,74836,1993,2020,4704
74895,74895,1993,2001,1933
74908,74908,1993,2020,6280
74932,74932,1993,2015,5488
74975,74975,1993,1998,1493
75002,75002,1993,1996,915
75030,75030,1993,1999,1557
75032,75032,1993,2019,6549
75033,75033,1993,2020,7050
75034,75034,1993,2020,7051
75035,75035,1993,2004,2412
75036,75036,1993,2011,4586
75037,75037,1993,2007,3506
75038,75038,1993,1999,1119
75039,75039,1993,2020,7042
75040,75040,1993,2002,2390
75041,75041,1993,2020,7051
75045,75045,1993,1998,1355
75047,75047,1993,2020,6993
75049,75049,1993,2020,7051
75053,75053,1993,1996,991
75055,75055,1993,2000,1941
75056,75056,1993,1996,843
75057,75057,1993,2002,1759
75058,75058,1993,2007,3768
75060,75060,1993,2020,7051
75063,75063,1993,1993,48
75064,75064,1993,2020,7051
75065,75065,1993,2020,7051
75066,75066,1993,2007,3580
75068,75068,1993,1997,1220
75069,75069,1993,2020,4058
75070,75070,1993,2020,7050
75071,75071,1993,2004,1781
75072,75072,1993,2001,2121
75073,75073,1993,1997,454
75074,75074,1993,1994,177
75075,75075,1993,2020,7051
75076,75076,1993,2012,4936
75077,75077,1993,2006,3481
75078,75078,1993,2004,2890
75082,75082,1993,2020,7051
75083,75083,1993,2007,3638
75084,75084,1993,1996,512
75087,75087,1993,1998,1352
75088,75088,1993,2000,1958
75089,75089,1993,1997,1018
75091,75091,1993,1994,336
75092,75092,1993,2006,3341
75094,75094,1993,2000,1976
75095,75095,1993,1996,886
75096,75096,1993,1996,466
75099,75099,1993,2000,1665
75100,75100,1993,2020,7051
75101,75101,1993,2011,4710
75102,75102,1993,1995,694
75103,75103,1993,2001,2117
75104,75104,1993,2020,7026
75105,75105,1993,2016,5865
75106,75106,1993,1998,1406
75107,75107,1993,2020,7009
75108,75108,1993,1997,872
75109,75109,1993,1998,1507
75110,75110,1993,2010,4123
75111,75111,1993,1998,1366
75113,75113,1993,2020,7013
75114,75114,1993,1998,1321
75142,75142,1993,2012,4766
75149,75149,1993,1997,1012
75150,75150,1993,2008,3334
75151,75151,1993,1996,882
75152,75152,1993,2020,7051
75153,75153,1993,1998,1141
75154,75154,1993,2020,7050
75157,75157,1993,2020,7051
75159,75159,1993,2012,2786
75162,75162,1993,2009,4048
75165,75165,1993,1996,765
75167,75167,1993,2001,2153
75168,75168,1993,2020,7051
75170,75170,1993,1993,191
75171,75171,1993,1996,490
75172,75172,1993,2005,3215
75173,75173,1993,1996,738
75174,75174,1993,2003,2546
75175,75175,1993,2020,7051
75176,75176,1993,2007,2631
75178,75178,1993,2000,1856
75179,75179,1993,1999,1705
75180,75180,1993,2000,1853
75181,75181,1993,2006,3320
75182,75182,1993,2020,7051
75183,75183,1993,2020,7051
75184,75184,1993,1993,189
75186,75186,1993,2020,7051
75188,75188,1993,2007,3628
75189,75189,1993,1999,1580
75191,75191,1993,1996,954
75192,75192,1993,1993,129
75193,75193,1993,1998,1385
75194,75194,1993,1999,1584
75196,75196,1993,1999,1261
75198,75198,1993,1996,954
75212,75212,1993,2006,3269
75215,75215,1993,2016,5961
75216,75216,1993,2009,4189
75222,75222,1993,2016,5959
75224,75224,1993,2017,6087
75225,75225,1993,1998,1507
75226,75226,1993,2009,4141
75227,75227,1993,2001,2203
75228,75228,1993,2006,3291
75232,75232,1993,2002,2377
75233,75233,1993,2020,7042
75235,75235,1993,2004,2828
75236,75236,1993,2000,1644
75237,75237,1993,1995,522
75238,75238,1993,1999,1186
75239,75239,1993,2020,7051
75240,75240,1993,2020,7046
75241,75241,1993,2020,7051
75242,75242,1993,1994,177
75243,75243,1993,2005,3061
75244,75244,1993,2005,2402
75245,75245,1993,2000,2012
75246,75246,1993,1997,1262
75251,75251,1993,1998,1320
75252,75252,1993,2006,3380
75254,75254,1993,1998,1507
75256,75256,1993,1995,504
75257,75257,1993,2013,5267
75258,75258,1993,1994,342
75259,75259,1993,2004,2975
75260,75260,1993,2020,7051
75261,75261,1993,2020,6801
75262,75262,1993,2006,3491
75263,75263,1993,2020,7051
75264,75264,1993,2005,3156
75266,75266,1993,2002,2160
75268,75268,1993,2020,7051
75269,75269,1993,2020,7048
75270,75270,1993,1998,1249
75272,75272,1993,2017,5328
75273,75273,1993,2000,1999
75274,75274,1993,2020,7051
75275,75275,1993,2018,6305
75277,75277,1993,2000,2012
75278,75278,1993,2020,7051
75279,75279,1993,1998,1507
75280,75280,1993,2007,3607
75282,75282,1993,1998,1425
75284,75284,1993,2012,3374
75285,75285,1993,2020,7051
75286,75286,1993,2005,2666
75288,75288,1993,2002,2415
75289,75289,1993,2000,1971
75290,75290,1993,2007,3759
75292,75292,1993,2001,2106
75293,75293,1993,1999,1553
75294,75294,1993,2002,2352
75295,75295,1993,2002,2329
75296,75296,1993,2009,4142
75297,75297,1993,2016,6006
75298,75298,1993,2001,2123
75301,75301,1993,2007,3637
75302,75302,1993,1997,924
75304,75304,1993,1998,1389
75305,75305,1993,1996,715
75306,75306,1993,2020,7007
75307,75307,1993,1996,648
75308,75308,1993,2007,3540
75309,75309,1993,1998,1273
75310,75310,1993,2003,2341
75312,75312,1993,1998,1278
75313,75313,1993,2020,7051
75315,75315,1993,1994,491
75316,75316,1993,2019,6736
75317,75317,1993,2011,4699
75318,75318,1993,2000,1810
75320,75320,1993,2020,7050
75322,75322,1993,2008,3961
75323,75323,1993,2007,3540
75324,75324,1993,1998,1506
75325,75325,1993,1998,1425
75326,75326,1993,2016,5789
75327,75327,1993,2011,3682
75328,75328,1993,2003,2492
75330,75330,1993,2000,1178
75331,75331,1993,2020,7051
75333,75333,1993,2006,3337
75334,75334,1993,2013,5258
75335,75335,1993,1997,1223
75336,75336,1993,2020,7051
75341,75341,1993,2020,7048
75342,75342,1993,2020,7028
75343,75343,1993,1999,819
75345,75345,1993,1999,1548
75346,75346,1993,2020,7051
75347,75347,1993,1995,625
75348,75348,1993,1997,1169
75349,75349,1993,2003,2612
75350,75350,1993,2005,3163
75351,75351,1993,2005,3209
75354,75354,1993,2020,7051
75355,75355,1993,2016,5966
75356,75356,1993,1997,1248
75357,75357,1993,2001,2065
75359,75359,1993,1997,1137
75360,75360,1993,1996,979
75362,75362,1993,1996,456
75363,75363,1993,1998,1370
75365,75365,1993,2005,3217
75367,75367,1993,2020,7051
75368,75368,1993,1997,1208
75369,75369,1993,1999,300
75375,75375,1993,1999,351
75376,75376,1993,2007,3685
75377,75377,1993,1998,1136
75381,75381,1993,2020,7050
75382,75382,1993,2003,2403
75383,75383,1993,2011,4658
75384,75384,1993,2000,2007
75385,75385,1993,2001,2083
75386,75386,1999,2007,1880
75387,75387,1993,2006,2462
75388,75388,1993,2000,1580
75390,75390,1993,1999,1668
75391,75391,1993,2005,2803
75392,75392,1993,2020,7050
75393,75393,1993,2005,2749
75397,75397,1993,1994,271
75398,75398,1993,2000,1371
75399,75399,1993,1998,1507
75400,75400,1993,2000,1917
75401,75401,1993,2020,7051
75402,75402,1993,1994,474
75403,75403,1993,1995,728
75405,75405,1993,2020,7036
75407,75407,1993,1998,1386
75410,75410,1993,1996,312
75411,75411,1993,2020,7051
75412,75412,1993,1998,1332
75413,75413,1993,2007,3645
75414,75414,1993,2008,3915
75415,75415,1993,2020,7036
75416,75416,1993,2020,7045
75417,75417,1993,2001,1698
75418,75418,1993,2020,7051
75419,75419,1993,1996,815
75422,75422,1993,1996,919
75423,75423,1993,1999,1553
75427,75427,1993,2002,2435
75428,75428,1993,1996,434
75429,75429,1993,2017,6158
75430,75430,1993,2005,2809
75432,75432,1993,2014,5318
75433,75433,1993,2008,3014
75434,75434,1993,2012,4980
75435,75435,1993,2010,2710
75439,75439,1993,1995,745
75440,75440,1993,1998,1381
75443,75443,1993,2018,6513
75444,75444,1993,2007,3771
75445,75445,1993,2001,2050
75446,75446,1993,2005,3168
75447,75447,1993,2015,5503
75448,75448,1993,1997,1242
75449,75449,1993,1998,1274
75450,75450,1993,1994,258
75453,75453,1993,1998,1507
75454,75454,1993,2013,3426
75455,75455,1993,2020,7051
75456,75456,1993,2007,3659
75458,75458,1993,1998,1507
75459,75459,1993,2020,7051
75460,75460,1993,2020,6841
75461,75461,1993,2020,7051
75462,75462,1993,2000,1803
75464,75464,1993,1996,900
75465,75465,1993,2020,7039
75466,75466,1993,2020,7039
75467,75467,1993,1995,634
75469,75469,1993,2000,1984
75470,75470,1993,2020,6810
75472,75472,1993,1996,606
75473,75473,1993,1998,1256
75474,75474,1993,1996,1009
75475,75475,1993,2020,7046
75477,75477,1993,2004,2890
75478,75478,1993,2001,2104
75479,75479,1993,1997,1024
75480,75480,1993,1998,1353
75481,75481,1993,1995,602
75482,75482,1993,1999,1666
75483,75483,1993,2001,2047
75485,75485,1993,1996,596
75487,75487,1993,1993,222
75488,75488,1993,2001,1363
75489,75489,1993,2017,6217
75490,75490,1993,1999,1703
75491,75491,1993,2006,3334
75493,75493,1993,1998,515
75494,75494,1993,2007,2828
75500,75500,1993,1997,1236
75501,75501,1993,1996,712
75502,75502,1993,1995,653
75503,75503,1993,2009,3487
75504,75504,1993,1995,527
75505,75505,1993,2003,2287
75508,75508,1993,1996,838
75509,75509,1993,2017,5722
75510,75510,1993,2020,7047
75514,75514,1993,1998,969
75517,75517,1993,2020,5969
75521,75521,1993,1994,160
75522,75522,1993,1993,112
75523,75523,1993,1997,1238
75524,75524,1993,2006,1068
75526,75526,1993,2018,6135
75527,75527,1993,2015,5711
75528,75528,1993,1998,1445
75529,75529,1993,1996,509
75531,75531,1993,1994,425
75536,75536,1993,1994,70
75540,75540,1993,1994,247
75545,75545,1993,2008,3785
75546,75546,1993,1993,128
75548,75548,1993,2001,2081
75549,75549,1998,2006,1893
75550,75550,1993,2011,4451
75551,75551,1993,1999,1153
75553,75553,1993,1997,1226
75554,75554,1993,2007,3600
75556,75556,1993,2020,5093
75557,75557,1993,2000,1772
75558,75558,1993,2006,3519
75560,75560,1993,1999,1593
75561,75561,1993,1996,626
75562,75562,1993,1993,6
75563,75563,1993,2003,2438
75566,75566,1993,2002,547
75569,75569,1993,1999,1491
75571,75571,1993,1996,850
75573,75573,1993,2020,7049
75575,75575,1993,1994,101
75577,75577,1993,2015,5784
75578,75578,1993,2020,7042
75579,75579,1993,1998,1362
75580,75580,1993,2002,2447
75581,75581,1993,2007,2243
75583,75583,1993,1994,323
75585,75585,1993,2004,2668
75586,75586,1993,1995,621
75588,75588,1993,1994,207
75589,75589,1993,1993,32
75590,75590,1993,1996,775
75591,75591,1993,2020,7045
75592,75592,1993,2016,5825
75593,75593,1993,1997,872
75594,75594,1993,2007,3671
75595,75595,1993,1993,234
75596,75596,1993,2015,5698
75597,75597,1993,2001,2190
75600,75600,1993,2016,5966
75602,75602,1993,1997,1184
75603,75603,1993,2020,7051
75604,75604,1993,2000,2003
75605,75605,1993,2020,6810
75606,75606,1993,2004,2572
75607,75607,1993,2020,7049
75608,75608,1993,2000,1935
75609,75609,1993,2005,3059
75610,75610,1993,2002,2513
75613,75613,1993,1996,846
75614,75614,1993,1998,1485
75615,75615,1993,1997,1159
75616,75616,1993,2006,3136
75617,75617,1993,1994,327
75618,75618,1993,1993,190
75619,75619,1993,1993,34
75621,75621,1993,2001,2230
75622,75622,1993,2020,7051
75623,75623,1993,2020,7043
75625,75625,1993,2006,3315
75626,75626,1993,1999,1603
75627,75627,1993,1997,696
75629,75629,1993,2007,3276
75630,75630,1993,2008,3807
75631,75631,1993,2011,4718
75632,75632,1993,2011,4576
75633,75633,1993,2007,3687
75635,75635,1993,1994,371
75640,75640,1993,2011,4572
75641,75641,1993,2016,6025
75642,75642,1993,2020,7051
75643,75643,1993,1996,857
75645,75645,1993,1997,1049
75646,75646,1993,2015,5590
75647,75647,1993,1999,1632
75648,75648,1993,2000,2016
75649,75649,1993,2020,7049
75650,75650,1993,2020,6156
75651,75651,1993,1999,1622
75652,75652,1993,2020,7049
75653,75653,1993,1993,39
75654,75654,1993,2020,7050
75655,75655,1993,2001,2077
75656,75656,1993,1996,764
75657,75657,1993,2000,1570
75658,75658,1993,1993,27
75659,75659,1993,2003,2303
75660,75660,1993,2001,2190
75670,75670,1993,1998,500
75672,75672,1993,2020,4992
75673,75673,1993,2000,1076
75675,75675,1993,2001,2259
75683,75683,1993,1997,1155
75684,75684,1993,2004,2654
75685,75685,1993,1999,1130
75688,75688,1993,1993,206
75690,75690,1993,1995,71
75694,75694,1993,2020,7050
75696,75696,1993,2009,4135
75697,75697,1993,1998,998
75699,75699,1993,1995,479
75700,75700,1993,1998,1272
75702,75702,1993,1996,448
75704,75704,1993,1998,1258
75705,75705,1993,1995,701
75706,75706,1993,2003,2472
75710,75710,1993,1998,1387
75713,75713,1993,2002,2149
75714,75714,1993,2020,5776
75721,75721,1993,2007,3178
75725,75725,1993,1994,489
75727,75727,1993,1997,1122
75728,75728,1993,1998,1304
75729,75729,1994,2007,3108
75730,75730,1993,2012,4993
75731,75731,1993,1998,894
75733,75733,1993,2011,2884
75734,75734,1993,2017,6127
75736,75736,1993,1993,149
75739,75739,1993,2001,1972
75740,75740,1993,2009,3774
75741,75741,1993,1993,48
75743,75743,1993,1993,157
75744,75744,1993,1998,1188
75747,75747,1993,1998,1295
75748,75748,1993,1997,1132
75750,75750,1993,1994,442
75754,75754,1993,2020,3166
75755,75755,1993,2012,4798
75758,75758,1993,1998,1326
75759,75759,1993,1999,1306
75760,75760,1993,2002,1511
75763,75763,1993,1996,807
75764,75764,1993,2009,2197
75765,75765,1993,1998,1265
75766,75766,1993,1998,691
75768,75768,1993,1996,654
75773,75773,1993,2013,2795
75776,75776,1993,1998,1292
75777,75777,1993,1993,48
75778,75778,1993,1995,530
75779,75779,1993,1995,686
75781,75781,1993,1998,1476
75785,75785,1993,1996,880
75787,75787,1993,1994,149
75788,75788,1993,1994,459
75789,75789,1993,2010,4410
75792,75792,1993,1994,503
75793,75793,1993,1999,1673
75794,75794,1993,1997,1146
75795,75795,1993,1999,1334
75797,75797,1993,1993,223
75799,75799,1993,2013,5050
75800,75800,1993,1996,982
75801,75801,1993,2002,2233
75803,75803,1993,1998,1465
75805,75805,1993,1998,1425
75806,75806,1993,2002,2337
75807,75807,1993,2005,3263
75808,75808,1993,2000,1886
75809,75809,1993,2020,7045
75810,75810,1993,2015,5712
75811,75811,1993,2020,6974
75814,75814,1993,2001,2088
75815,75815,1993,2002,2274
75817,75817,1993,1997,1123
75818,75818,1993,1999,1659
75819,75819,1993,2020,7051
75820,75820,1993,1996,442
75822,75822,1993,2002,2374
75823,75823,1993,2003,2554
75825,75825,1993,2020,7051
75826,75826,1993,2005,3151
75827,75827,1993,2008,3812
75828,75828,1993,2020,7047
75831,75831,1993,2020,7049
75832,75832,1993,1995,707
75833,75833,1993,1999,1666
75834,75834,1993,2003,2574
75835,75835,1993,2002,2226
75836,75836,1993,1997,1262
75837,75837,1993,2020,7051
75838,75838,1993,2003,2633
75840,75840,1993,2020,7048
75841,75841,1993,2014,5391
75842,75842,1993,2015,5645
75843,75843,1993,2004,2847
75844,75844,1993,2020,7045
75845,75845,1993,2005,3076
75846,75846,1993,2020,6781
75848,75848,1993,1994,431
75849,75849,1993,1999,1738
75850,75850,1993,1997,1157
75851,75851,1993,2004,2955
75852,75852,1993,1993,10
75853,75853,1993,2020,7050
75854,75854,1993,2020,7049
75856,75856,1993,2010,4067
75857,75857,1993,2007,3714
75858,75858,1993,2010,4470
75859,75859,1993,1999,1570
75860,75860,1993,2020,7050
75861,75861,1993,2008,3950
75862,75862,1993,1996,697
75864,75864,1993,2000,991
75865,75865,1993,1995,714
75866,75866,1993,2006,3414
75869,75869,1993,1995,637
75870,75870,1993,1998,916
75872,75872,1993,1993,23
75873,75873,1993,2000,1816
75875,75875,1993,1998,1367
75876,75876,1993,1994,352
75877,75877,1993,1995,148
75878,75878,1993,1998,1510
75880,75880,1993,1999,1533
75881,75881,1993,2007,3626
75883,75883,1993,1998,1212
75884,75884,1993,2016,5859
75885,75885,1993,2020,7050
75886,75886,1993,1998,1496
75887,75887,1993,2017,6277
75888,75888,1993,2006,3437
75890,75890,1993,1997,390
75891,75891,1993,1993,25
75892,75892,1993,2006,3285
75893,75893,1993,1997,1063
75894,75894,1993,1997,1206
75895,75895,1993,2002,1164
75897,75897,1993,2011,2985
75899,75899,1993,2000,1803
75900,75900,1993,2007,3527
75901,75901,1993,2000,1808
75902,75902,1993,2009,4169
75904,75904,1993,1997,1234
75905,75905,1993,2020,6776
75906,75906,1993,2020,6639
75907,75907,1993,1994,334
75908,75908,1993,1995,352
75911,75911,1993,1996,579
75912,75912,1993,2020,7050
75913,75913,1993,1998,1266
75914,75914,1993,1997,1104
75915,75915,1993,1993,139
75918,75918,1993,1995,478
75920,75920,1993,1996,635
75923,75923,1993,1997,825
75925,75925,1993,2007,3681
75926,75926,1993,2000,1404
75928,75928,1993,2002,1917
75929,75929,1993,1999,1761
75930,75930,1993,2012,4720
75931,75931,1993,1993,180
75933,75933,1993,1994,482
75934,75934,1993,1995,586
75936,75936,1993,2002,2354
75937,75937,1993,2017,6157
75938,75938,1993,2020,7051
75939,75939,1993,1998,1218
75940,75940,1993,1998,1262
75941,75941,1993,2014,5296
75942,75942,1993,1997,1114
75943,75943,1993,1994,364
75945,75945,1993,2001,2133
75946,75946,1993,2000,1769
75950,75950,1993,2000,1808
75951,75951,1993,2001,1781
75954,75954,1993,1996,861
75957,75957,1993,2001,1897
75961,75961,1993,1994,347
75962,75962,1993,2009,3706
75964,75964,1993,1995,517
75966,75966,1993,1995,432
75967,75967,1997,2000,721
75968,75968,1993,2002,2204
75971,75971,1993,1998,1290
75972,75972,1993,1995,516
75974,75974,1993,1998,653
75976,75976,1993,2020,7028
75979,75979,1993,1994,185
75985,75985,1993,2020,5202
75986,75986,1993,2000,1893
75989,75989,1993,1994,369
75993,75993,1993,2007,3712
75998,75998,1993,2008,3673
76000,76000,1993,2009,4276
76001,76001,1993,1996,765
76003,76003,1993,1997,1042
76005,76005,1993,1995,345
76008,76008,1993,2009,4209
76011,76011,1993,1998,1321
76013,76013,1993,2012,3585
76015,76015,1993,1993,152
76016,76016,1993,2000,1599
76017,76017,1993,1997,1221
76018,76018,1993,1994,385
76020,76020,1993,2015,5501
76021,76021,1993,1993,74
76022,76022,1993,2000,1871
76023,76023,1993,2009,4270
76024,76024,1993,1995,606
76025,76025,1993,2000,1786
76026,76026,1993,1994,377
76027,76027,1993,1998,1347
76030,76030,1993,1993,11
76034,76034,1993,1994,245
76035,76035,1993,1994,349
76037,76037,1993,2011,4230
76038,76038,1993,2020,3200
76039,76039,1993,1993,43
76040,76040,1993,2000,364
76041,76041,1993,2000,1990
76044,76044,1993,1993,205
76045,76045,1993,2000,1618
76047,76047,1993,1995,431
76048,76048,1993,1995,530
76050,76050,1993,2002,1845
76052,76052,1993,2020,6240
76055,76055,1993,2001,1677
76060,76060,1993,2011,4039
76061,76061,1993,1994,37
76062,76062,1993,1994,355
76063,76063,1993,1999,1654
76066,76066,1993,1994,279
76070,76070,1993,1997,1198
76072,76072,1993,1995,626
76074,76074,1993,1996,962
76075,76075,1993,1999,1734
76076,76076,1993,2020,7047
76077,76077,1993,1993,13
76078,76078,1993,1998,1117
76079,76079,1993,2001,2040
76080,76080,1993,1999,1679
76081,76081,1993,2020,7048
76082,76082,1993,2020,7051
76083,76083,1993,2020,7042
76084,76084,1993,1998,1499
76085,76085,1993,2007,3567
76086,76086,1993,1999,1681
76087,76087,1993,2009,4082
76088,76088,1993,2009,4236
76089,76089,1993,2003,2525
76090,76090,1993,2008,3794
76091,76091,1993,2012,4828
76094,76094,1993,1995,692
76095,76095,1993,2020,7048
76096,76096,1993,2000,1783
76097,76097,1993,1995,710
76098,76098,1993,1999,1669
76099,76099,1993,2012,4767
76100,76100,1996,2015,4859
76101,76101,1993,2005,3068
76102,76102,1993,1994,251
76104,76104,1993,1998,1426
76105,76105,1993,1997,1169
76106,76106,1993,1999,1358
76107,76107,1993,2000,1129
76108,76108,1993,1994,359
76109,76109,1993,1993,26
76110,76110,1993,2008,3865
76111,76111,1993,2002,2409
76113,76113,1993,1995,566
76114,76114,1993,1999,1594
76115,76115,1993,1999,1685
76116,76116,1993,1999,1534
76117,76117,1993,2018,5871
76118,76118,1993,2020,7044
76119,76119,1993,2020,7051
76121,76121,1993,2016,5966
76122,76122,1993,2000,1934
76123,76123,1993,2020,7051
76125,76125,1993,2000,1888
76127,76127,1993,2020,7050
76128,76128,1993,2020,7049
76129,76129,1993,2010,4347
76131,76131,1993,1999,1529
76132,76132,1993,1995,625
76133,76133,1993,1999,1740
76134,76134,1993,1997,1226
76135,76135,1993,2020,7051
76136,76136,1993,2020,7051
76138,76138,1993,2017,6112
76139,76139,1993,2015,5563
76140,76140,1993,1994,283
76141,76141,1993,1996,964
76142,76142,1993,1997,1132
76143,76143,1993,1998,1504
76144,76144,1993,2005,3249
76145,76145,1993,2006,3478
76146,76146,1993,1999,1569
76147,76147,1993,2000,1828
76148,76148,1993,2015,5661
76149,76149,1993,2015,5559
76150,76150,1993,1998,1342
76152,76152,1993,1998,1507
76156,76156,1993,2001,2197
76157,76157,1993,1994,286
76158,76158,1993,1999,1600
76159,76159,1993,2000,1187
76162,76162,1993,1996,926
76164,76164,1993,1993,20
76165,76165,1993,2005,3204
76166,76166,1993,2005,3250
76167,76167,1993,1994,249
76168,76168,1993,1995,629
76169,76169,1993,1999,1562
76170,76170,1993,1997,1095
76171,76171,1993,2006,3497
76172,76172,1993,1995,406
76173,76173,1993,1997,1024
76174,76174,1993,1996,807
76175,76175,1993,1994,383
76176,76176,1993,1994,411
76177,76177,1993,2004,2797
76178,76178,1993,1997,1198
76179,76179,1993,1993,215
76181,76181,1993,2004,2883
76182,76182,1993,2014,5360
76183,76183,1993,1995,509
76184,76184,1993,2013,4421
76185,76185,1993,2020,7037
76186,76186,1993,1994,429
76188,76188,1993,1996,856
76189,76189,1993,1996,812
76190,76190,1993,1995,544
76191,76191,1993,1999,1581
76192,76192,1993,1993,146
76194,76194,1993,2004,2784
76195,76195,1993,2013,5082
76196,76196,1993,1997,371
76197,76197,1993,2004,2514
76198,76198,1993,1996,604
76199,76199,1993,1999,1645
76200,76200,1993,1999,974
76201,76201,1993,2020,7049
76202,76202,1993,2015,4863
76204,76204,1993,1993,14
76205,76205,1993,1999,1578
76206,76206,1993,1995,667
76207,76207,1993,2017,6086
76208,76208,1993,2000,1693
76209,76209,1996,2009,3234
76210,76210,1993,2000,1805
76211,76211,1993,1993,94
76212,76212,1993,1996,776
76213,76213,1993,1994,435
76214,76214,1993,2007,3602
76215,76215,1993,2020,6919
76217,76217,1993,2015,5541
76218,76218,1993,2011,4569
76219,76219,1993,2012,4827
76220,76220,1993,2016,5966
76221,76221,1993,2020,7050
76222,76222,1993,2003,2562
76223,76223,1993,2012,4869
76224,76224,1993,2020,7037
76226,76226,1993,2020,7051
76227,76227,1993,1993,224
76228,76228,1993,2008,3610
76229,76229,1993,1993,90
76230,76230,1993,2020,7049
76231,76231,1993,2002,2323
76232,76232,1993,1999,1388
76234,76234,1993,2013,5270
76235,76235,1993,1994,370
76236,76236,1993,2001,2102
76238,76238,1993,2004,2863
76239,76239,1993,2004,2895
76240,76240,1993,2010,4361
76242,76242,1993,2009,4062
76243,76243,1993,2007,3719
76244,76244,1993,2018,6361
76245,76245,1993,1995,524
76246,76246,1993,2018,6372
76247,76247,1993,1999,1459
76248,76248,1993,1997,1072
76249,76249,1993,1998,672
76250,76250,1993,1994,227
76251,76251,1993,2001,2059
76252,76252,1993,2006,2046
76253,76253,1993,1995,648
76254,76254,1993,2007,1363
76255,76255,1993,1996,765
76256,76256,1993,1995,616
76257,76257,1993,2000,1891
76258,76258,1993,1996,842
76259,76259,1993,2005,3093
76261,76261,1993,2020,6939
76262,76262,1993,1994,196
76263,76263,1993,1998,1369
76264,76264,1993,2004,2490
76265,76265,1993,2008,3981
76266,76266,1993,2020,6757
76267,76267,1993,2001,2096
76268,76268,1993,2003,2589
76270,76270,1993,1997,1028
76271,76271,1993,1997,1151
76272,76272,1993,2006,3292
76273,76273,1993,2020,6984
76274,76274,1993,2020,6897
76275,76275,1993,1995,680
76276,76276,1993,2007,2142
76278,76278,1993,1997,1019
76279,76279,1993,2020,7034
76280,76280,1993,1994,243
76281,76281,1993,2000,1854
76282,76282,1993,2020,7039
76283,76283,1993,1995,668
76286,76286,1993,1999,1398
76289,76289,1993,1999,1493
76290,76290,1993,2003,2643
76291,76291,1993,1998,1418
76294,76294,1993,1997,557
76295,76295,1993,2001,2115
76298,76298,1993,2001,1716
76299,76299,1993,2005,2490
76300,76300,1993,1995,630
76301,76301,1993,1995,126
76302,76302,1993,2005,2864
76303,76303,1993,1994,332
76306,76306,1993,2004,2993
76308,76308,1993,2005,2000
76309,76309,1993,1998,1461
76310,76310,1993,2012,3998
76312,76312,1993,1994,149
76314,76314,1993,2005,2736
76317,76317,1993,2006,3518
76318,76318,1993,1999,1472
76321,76321,1993,1997,368
76322,76322,1993,2008,4001
76323,76323,1993,1996,420
76326,76326,1993,1993,26
76329,76329,1993,1995,690
76330,76330,1993,2019,4703
76331,76331,1993,2013,4887
76332,76332,1993,1996,809
76333,76333,1993,1994,337
76335,76335,1993,1995,560
76336,76336,1993,2009,4179
76337,76337,1993,1994,342
76338,76338,1993,1994,57
76339,76339,1993,1995,128
76340,76340,1993,2005,3010
76342,76342,1993,1998,1456
76344,76344,1993,1994,174
76345,76345,1993,1996,635
76349,76349,1993,1993,26
76351,76351,1993,1993,134
76353,76353,1993,1994,354
76354,76354,1993,2002,2262
76355,76355,1993,2013,2251
76359,76359,1993,2013,2779
76360,76360,1993,2020,6150
76361,76361,1993,2001,1480
76362,76362,1993,2000,1967
76363,76363,1993,2001,1505
76366,76366,1993,2006,2950
76367,76367,1993,2010,4429
76368,76368,1993,1998,1310
76369,76369,1993,1997,1192
76370,76370,1993,1998,767
76371,76371,1993,2009,4207
76372,76372,1993,2011,4162
76373,76373,1993,1994,377
76374,76374,1993,2009,4082
76376,76376,1993,1993,165
76377,76377,1993,1994,353
76378,76378,1993,1993,32
76380,76380,1993,1996,271
76382,76382,1993,1996,281
76383,76383,1993,2015,5408
76384,76384,1993,1994,332
76385,76385,1993,2006,3380
76386,76386,1993,1994,309
76387,76387,1993,1995,587
76390,76390,2007,2010,635
76391,76391,1993,2012,5020
76392,76392,1993,2020,7041
76393,76393,1993,1994,360
76397,76397,1993,1995,669
76398,76398,1993,2020,3086
76400,76400,1993,2002,2033
76402,76402,1993,2001,1690
76403,76403,1993,1999,1518
76404,76404,1993,1995,662
76405,76405,1993,2004,2301
76407,76407,1993,1999,1663
76408,76408,1993,2000,1712
76409,76409,1993,2000,1066
76410,76410,1993,2000,1886
76413,76413,1993,1994,321
76415,76415,1993,2016,4182
76416,76416,1993,1995,520
76417,76417,1993,1999,1183
76420,76420,1993,1999,1467
76421,76421,1993,2006,835
76422,76422,1993,2001,1463
76424,76424,1993,2000,1040
76425,76425,1993,2000,1003
76427,76427,1993,1994,328
76428,76428,1993,2007,3487
76429,76429,1993,1993,168
76430,76430,1993,2000,1915
76431,76431,1993,1995,194
76432,76432,1993,1995,591
76433,76433,1993,1994,298
76435,76435,1993,2012,3096
76437,76437,1993,1994,273
76438,76438,1993,1995,389
76439,76439,1993,1993,169
76441,76441,1993,1997,434
76442,76442,1993,1995,645
76443,76443,1993,2005,2709
76445,76445,1993,2005,1479
76446,76446,1993,1993,31
76447,76447,1993,1998,1078
76448,76448,1993,2005,3130
76450,76450,1993,1998,1327
76453,76453,1993,1997,1256
76454,76454,1993,2001,1285
76456,76456,1993,2001,2115
76457,76457,1993,2002,2435
76458,76458,1993,1999,1501
76459,76459,1993,1997,892
76460,76460,1993,1995,645
76461,76461,1993,2020,4930
76462,76462,1993,2001,1766
76463,76463,1993,1995,126
76465,76465,2006,2010,982
76471,76471,1993,1999,1074
76472,76472,1993,1998,1358
76474,76474,1993,1998,1471
76475,76475,1993,1998,1378
76476,76476,1993,1999,1579
76477,76477,1993,2018,6396
76478,76478,1993,2020,7048
76480,76480,1993,1996,828
76481,76481,1993,2000,1683
76482,76482,1993,1996,1000
76483,76483,1993,1998,584
76489,76489,1993,2013,4966
76490,76490,1993,1994,78
76491,76491,1993,1994,264
76492,76492,1993,1999,1563
76493,76493,1993,2011,4562
76494,76494,1993,2014,5388
76496,76496,1993,2013,5081
76497,76497,1993,2001,2126
76498,76498,1993,1998,1274
76499,76499,1993,1994,268
76500,76500,1993,1996,784
76501,76501,1993,2004,2254
76502,76502,1993,2001,760
76503,76503,1993,1993,182
76504,76504,1993,2020,6674
76505,76505,1993,2001,2090
76506,76506,1993,1996,857
76507,76507,1993,2009,4128
76509,76509,1993,2016,5859
76510,76510,1993,2001,2073
76512,76512,1993,2000,2013
76513,76513,1993,2005,3199
76515,76515,1993,2020,6968
76518,76518,1993,1996,926
76519,76519,1993,1993,179
76520,76520,1993,2001,2090
76523,76523,1993,1996,269
76526,76526,1993,2003,2385
76529,76529,1993,2020,6773
76531,76531,1993,1993,5
76532,76532,1993,2015,5202
76535,76535,1993,1997,1076
76538,76538,1993,1995,721
76539,76539,1993,1993,74
76542,76542,1993,2002,2324
76543,76543,1993,2000,1914
76544,76544,1993,2020,6379
76545,76545,1993,1994,409
76546,76546,1993,1995,632
76547,76547,1993,1998,1491
76548,76548,1993,2002,2386
76549,76549,1993,2000,1791
76550,76550,1993,1993,17
76551,76551,1993,1993,7
76552,76552,1993,1996,803
76553,76553,1993,2014,4991
76555,76555,1993,1993,192
76556,76556,1993,1998,891
76557,76557,1993,2005,3275
76558,76558,1993,2020,7051
76561,76561,1993,1998,1382
76563,76563,1993,1999,1616
76564,76564,1993,2000,1871
76565,76565,1993,2014,5304
76566,76566,1993,1998,1302
76568,76568,1993,2018,6523
76569,76569,1993,1998,1480
76570,76570,1993,2009,4230
76571,76571,1993,2014,5502
76572,76572,1993,2020,7048
76573,76573,1993,2020,7049
76574,76574,1993,1997,998
76576,76576,1993,1995,578
76577,76577,1993,2008,998
76578,76578,1993,1996,888
76579,76579,1993,1993,217
76580,76580,1993,1997,906
76581,76581,1993,1997,1105
76582,76582,1993,2020,6878
76584,76584,1993,2016,5855
76585,76585,1993,1994,368
76586,76586,1993,2020,6882
76587,76587,1993,2003,2456
76588,76588,1993,1994,490
76589,76589,1993,1994,317
76590,76590,1993,1993,19
76591,76591,1993,2020,7051
76592,76592,1993,2020,5523
76593,76593,1993,1997,1134
76594,76594,1993,2001,2005
76595,76595,1993,2016,5966
76596,76596,1993,1996,849
76597,76597,1993,2000,2006
76598,76598,1993,2006,3440
76599,76599,1993,1994,426
76600,76600,1993,1996,782
76601,76601,1993,1996,851
76602,76602,1993,2020,7018
76603,76603,1993,1996,888
76605,76605,1993,2020,7051
76606,76606,1993,1998,1501
76607,76607,1993,1997,1188
76608,76608,1993,1995,595
76609,76609,1993,2001,2040
76610,76610,1993,1994,337
76611,76611,1993,1995,693
76613,76613,1993,2020,7051
76614,76614,1993,2020,7050
76615,76615,1993,1997,1160
76616,76616,1993,2007,3689
76617,76617,1993,1996,917
76618,76618,1993,1996,943
76619,76619,1993,2013,5122
76620,76620,1993,1999,1638
76621,76621,1993,1997,1087
76622,76622,1993,2010,3849
76623,76623,1993,2006,3220
76624,76624,1993,2016,5796
76625,76625,1993,2011,4729
76626,76626,1993,1999,1761
76627,76627,1993,2004,2925
76628,76628,1993,1994,451
76629,76629,1993,1996,749
76630,76630,1993,1996,882
76632,76632,1993,1998,1109
76633,76633,1993,1995,704
76634,76634,1993,1997,1026
76635,76635,1993,1996,1010
76636,76636,1993,2012,4804
76637,76637,1993,1996,931
76638,76638,1993,2014,5355
76639,76639,1993,2019,6716
76640,76640,1993,1996,795
76641,76641,1993,2014,5396
76642,76642,1993,2013,5081
76644,76644,1993,2020,7051
76645,76645,1993,1996,881
76646,76646,1993,1994,271
76649,76649,1993,1995,548
76651,76651,1993,1999,1675
76652,76652,1993,1995,729
76653,76653,1993,2008,3985
76654,76654,1993,1995,702
76655,76655,1993,2020,7050
76656,76656,1993,2007,3638
76657,76657,1993,1998,1282
76658,76658,1993,1995,308
76660,76660,1993,1999,1532
76661,76661,1993,2020,7047
76662,76662,1993,2000,1779
76664,76664,1993,2001,2206
76665,76665,1993,1995,612
76666,76666,1993,1998,1314
76667,76667,1993,1997,1147
76668,76668,1993,1996,929
76669,76669,1993,1994,391
76670,76670,1993,2006,3091
76671,76671,1993,2015,5701
76672,76672,1993,2020,4071
76673,76673,1993,2011,4634
76674,76674,1993,2000,1937
76675,76675,1993,2016,5859
76676,76676,1993,2003,2559
76677,76677,1993,2002,2327
76678,76678,1993,1996,951
76679,76679,1993,1994,420
76680,76680,1993,1995,568
76681,76681,1993,1998,1029
76683,76683,1993,1999,1761
76684,76684,1993,2020,6922
76685,76685,1993,1995,618
76686,76686,1993,2020,6784
76687,76687,1993,2004,2525
76688,76688,1993,1996,989
76689,76689,1993,1993,96
76691,76691,1993,2004,2962
76692,76692,1993,1999,1507
76693,76693,1993,2007,3543
76694,76694,1993,1994,355
76695,76695,1993,2017,6178
76696,76696,1993,1995,690
76697,76697,1993,2016,5845
76698,76698,1993,1998,1462
76699,76699,1993,2009,4032
76700,76700,1993,1995,599
76701,76701,1993,2003,2473
76702,76702,1993,2007,3638
76703,76703,1993,2000,1887
76704,76704,1993,1999,1603
76705,76705,1993,1999,1505
76706,76706,1993,2009,4197
76707,76707,1993,1998,1515
76708,76708,1993,2020,7044
76709,76709,1993,2020,7050
76710,76710,1993,2010,4453
76711,76711,1993,2020,7027
76712,76712,1993,2020,7051
76713,76713,1993,2004,2608
76714,76714,1993,2011,4637
76715,76715,1993,1996,849
76716,76716,1993,2002,2294
76717,76717,1993,2003,2516
76718,76718,1993,1998,1396
76720,76720,1993,2006,3306
76721,76721,1993,2020,6967
76722,76722,1993,2020,7016
76723,76723,1993,1995,655
76724,76724,1993,2002,1961
76725,76725,1993,1993,13
76728,76728,1993,1995,419
76729,76729,1993,1995,576
76730,76730,1993,1997,918
76732,76732,1993,2020,7049
76733,76733,1993,2003,2703
76734,76734,1993,2002,2366
76736,76736,1993,2020,7045
76737,76737,1993,1998,1393
76738,76738,1993,1998,1466
76739,76739,1993,1999,1714
76740,76740,1993,2003,2521
76741,76741,1993,1997,1014
76742,76742,1993,1994,494
76743,76743,1993,1999,1120
76744,76744,1993,2020,7046
76745,76745,1993,2004,2953
76746,76746,1993,1999,1637
76747,76747,1993,2000,1759
76748,76748,1993,1994,364
76749,76749,1993,1996,995
76750,76750,1993,2020,6902
76752,76752,1993,2020,7050
76753,76753,1993,1995,660
76754,76754,1993,1998,1429
76755,76755,1993,2003,2498
76756,76756,1993,1999,1481
76757,76757,1993,2010,4497
76758,76758,1993,2002,2329
76759,76759,1993,1998,1333
76760,76760,1993,2012,4916
76761,76761,1993,1995,668
76762,76762,1993,1999,1597
76763,76763,1993,1998,1414
76764,76764,1993,2007,3622
76765,76765,1993,1999,1714
76766,76766,1993,1993,231
76767,76767,1993,1997,1070
76768,76768,1993,2000,1906
76769,76769,1993,2007,3511
76771,76771,1993,1995,471
76772,76772,1993,2001,1871
76773,76773,1993,1998,1346
76774,76774,1993,2003,2661
76775,76775,1993,1996,425
76776,76776,1993,2000,2008
76777,76777,1993,1994,373
76779,76779,1993,2004,2915
76780,76780,1993,2003,2593
76781,76781,1993,1998,1503
76782,76782,1993,1997,953
76783,76783,1993,1995,590
76784,76784,1993,1994,460
76785,76785,1993,2003,2452
76787,76787,1993,1995,649
76788,76788,1993,2020,7035
76789,76789,1993,2004,2970
76790,76790,1993,1999,1458
76791,76791,1993,2003,2271
76792,76792,1993,2010,4426
76793,76793,1993,2003,2622
76795,76795,1993,2020,7050
76796,76796,1993,2008,3983
76797,76797,1993,2004,2888
76798,76798,1993,2020,6992
76799,76799,1993,2002,2322
76801,76801,1993,1999,1182
76802,76802,1993,1999,1282
76803,76803,1993,2000,1850
76804,76804,1993,2020,7051
76805,76805,1993,1997,1137
76806,76806,1993,1994,450
76807,76807,1993,2005,2203
76808,76808,1993,1993,148
76809,76809,1993,1999,1543
76816,76816,1993,2002,2197
76818,76818,1993,2016,5859
76819,76819,1993,1998,1507
76820,76820,1993,2006,3513
76821,76821,1993,1997,1109
76822,76822,1993,1995,498
76824,76824,1993,1995,609
76825,76825,1993,1996,502
76826,76826,1993,1997,1111
76827,76827,1993,1998,992
76828,76828,1993,1993,210
76829,76829,1993,1998,1384
76830,76830,1993,2005,2834
76832,76832,1993,2000,1783
76833,76833,1993,1997,1023
76834,76834,1993,1997,1107
76835,76835,1993,1994,472
76836,76836,1993,1994,437
76837,76837,1993,2020,7051
76838,76838,1993,2020,7032
76839,76839,1993,2020,6806
76840,76840,1993,1999,1310
76841,76841,1993,2020,7042
76842,76842,1993,2003,2730
76843,76843,1993,2012,4814
76844,76844,1993,1999,1074
76845,76845,1993,2009,4230
76846,76846,1993,2009,4006
76847,76847,1993,2017,6231
76848,76848,1993,1998,1468
76849,76849,1993,1995,497
76851,76851,1993,1995,691
76852,76852,1993,1996,582
76854,76854,1993,1994,308
76855,76855,1993,1998,1275
76856,76856,1993,2020,7030
76858,76858,1993,2020,6873
76859,76859,1993,1998,1365
76860,76860,1993,2002,2352
76861,76861,1993,1993,1
76862,76862,1993,1998,1146
76863,76863,1993,2002,2292
76865,76865,1993,1993,58
76867,76867,1993,1994,184
76868,76868,1993,2020,7029
76869,76869,1993,2020,4821
76871,76871,1993,1997,745
76872,76872,1993,1994,279
76873,76873,1993,2001,1655
76875,76875,1993,1997,1192
76876,76876,1993,1994,146
76877,76877,1993,2000,1238
76878,76878,1993,1994,343
76879,76879,1993,2015,5498
76880,76880,1993,2006,3283
76881,76881,1993,1995,546
76882,76882,1993,1996,919
76883,76883,1993,1999,1270
76884,76884,1993,1993,107
76885,76885,1993,1995,507
76887,76887,1993,2008,4009
76888,76888,1993,2020,6529
76889,76889,1993,2001,2064
76890,76890,1993,1997,1015
76891,76891,1993,1995,435
76892,76892,1993,2020,6743
76893,76893,1993,1998,1417
76895,76895,1993,1993,143
76896,76896,1993,1995,706
76897,76897,1993,1994,376
76898,76898,2006,2006,166
76899,76899,1993,1999,1547
76900,76900,1993,2001,2194
76901,76901,1993,1994,392
76902,76902,1993,1994,390
76904,76904,1993,2009,3375
76905,76905,1993,1996,327
76906,76906,1993,1998,1127
76907,76907,1993,1995,353
76908,76908,1993,2020,4248
76909,76909,1993,1997,1007
76910,76910,1993,2003,2522
76912,76912,1993,1995,521
76913,76913,1993,1993,10
76914,76914,1993,1998,1409
76915,76915,1993,1998,1497
76916,76916,1993,2000,1772
76917,76917,1993,1995,588
76919,76919,1993,1999,1496
76920,76920,1993,1997,1113
76921,76921,1993,1994,261
76922,76922,1993,1993,6
76923,76923,1993,1994,272
76924,76924,1993,1994,151
76927,76927,1993,2020,5090
76928,76928,2020,2020,42
76930,76930,1993,1993,76
76931,76931,1993,2007,3411
76932,76932,1993,2020,6288
76934,76934,1993,2020,6754
76935,76935,1993,1994,354
76936,76936,1993,1993,25
76937,76937,1993,2005,2495
76938,76938,1993,2003,2605
76939,76939,1993,1998,1112
76940,76940,1993,1999,1529
76941,76941,1993,1994,402
76942,76942,1993,1996,782
76943,76943,1993,2007,3339
76944,76944,1993,1994,382
76945,76945,1993,2012,4479
76946,76946,1993,2020,6064
76947,76947,1993,2002,2317
76948,76948,1993,2020,7017
76949,76949,1993,1995,489
76950,76950,2014,2016,430
76951,76951,1993,2002,1911
76952,76952,1993,1996,760
76955,76955,1993,2000,1775
76957,76957,1993,1993,118
76958,76958,1993,2017,2922
76959,76959,1993,2000,1029
76960,76960,1993,2012,2832
76961,76961,1993,2020,7047
76962,76962,1993,1998,1275
76963,76963,1993,2020,6998
76964,76964,1993,1999,1502
76965,76965,1993,1993,3
76966,76966,1993,2009,2750
76967,76967,1993,1997,1179
76968,76968,1993,1998,1061
76969,76969,1993,2002,1846
76970,76970,1993,1996,721
76971,76971,1993,1994,426
76972,76972,1993,1999,1657
76973,76973,1993,1998,556
76974,76974,1993,1994,61
76975,76975,1993,2004,2984
76976,76976,1993,1998,1001
76977,76977,1993,2001,1930
76978,76978,1993,2017,5969
76979,76979,1993,2001,2092
76980,76980,1993,2013,5010
76981,76981,1993,1997,1097
76982,76982,1993,1996,498
76983,76983,1993,1994,388
76984,76984,1993,1993,71
76985,76985,1993,1994,78
76986,76986,1993,1997,1076
76987,76987,1993,1995,710
76988,76988,1993,2002,1865
76990,76990,1993,2010,4395
76991,76991,1993,1993,174
76993,76993,1993,1998,1224
76994,76994,1993,1996,910
76995,76995,1993,2003,2639
76996,76996,1993,1993,165
76998,76998,1993,2000,1662
76999,76999,1993,2012,5031
77000,77000,1993,2003,2509
77001,77001,1993,1994,496
77002,77002,1993,1997,1181
77004,77004,1993,2014,5187
77006,77006,1993,2009,3530
77007,77007,1993,2020,7050
77008,77008,1993,1998,1247
77010,77010,1993,2008,3945
77011,77011,1993,2014,5359
77012,77012,1993,2020,4937
77013,77013,1993,1994,88
77015,77015,1993,2005,3240
77016,77016,1993,1996,853
77018,77018,1993,2008,4002
77019,77019,1993,1995,486
77020,77020,1993,1999,1539
77021,77021,1993,2000,1728
77022,77022,1993,1997,1045
77023,77023,1993,1994,402
77024,77024,1993,1998,1292
77025,77025,1993,2000,1908
77026,77026,1993,2006,3292
77027,77027,1993,1997,1040
77028,77028,1993,1998,1515
77029,77029,1993,2002,2010
77030,77030,1993,1998,1423
77032,77032,1993,2007,3541
77034,77034,1993,1996,552
77035,77035,1993,1998,1437
77036,77036,1993,1995,563
77037,77037,1993,2020,6668
77038,77038,1993,2000,1902
77039,77039,1993,2003,2637
77040,77040,1993,2003,2431
77041,77041,1993,1997,611
77042,77042,1993,2007,3623
77043,77043,1993,2014,5532
77044,77044,1993,1994,460
77045,77045,1993,2013,5281
77046,77046,1993,1996,964
77047,77047,1993,1997,1255
77048,77048,1993,1995,596
77049,77049,1993,1997,1123
77052,77052,1993,2004,2989
77053,77053,1993,2011,4632
77055,77055,1993,1998,1253
77056,77056,1993,2000,1945
77057,77057,1993,2020,7051
77058,77058,1993,2000,1931
77059,77059,1993,2001,2256
77061,77061,1993,1998,1380
77062,77062,1993,1997,1199
77063,77063,1993,2007,3772
77064,77064,1993,2001,2162
77065,77065,1993,2000,1985
77066,77066,1993,2019,6582
77067,77067,1993,2009,4229
77069,77069,1993,2020,7044
77070,77070,1993,1995,509
77071,77071,1993,2020,7029
77072,77072,1993,1995,508
77073,77073,1993,2020,6775
77074,77074,1993,2006,3321
77075,77075,1993,1998,1414
77077,77077,1993,2005,3273
77078,77078,1993,2020,7050
77079,77079,1993,1997,1235
77080,77080,1993,2001,2129
77081,77081,1993,2005,3261
77082,77082,1993,2017,2856
77083,77083,1993,1994,363
77085,77085,1993,1997,1172
77086,77086,1993,2009,3890
77087,77087,1993,2011,4414
77088,77088,1993,2001,2141
77089,77089,1993,1996,882
77090,77090,1993,2020,6811
77091,77091,1993,1998,1465
77092,77092,1993,1996,874
77094,77094,1993,1998,1430
77095,77095,1993,2006,3390
77096,77096,1993,1998,1507
77097,77097,1993,2009,4134
77098,77098,1993,1999,1597
77099,77099,1993,2007,3535
77100,77100,1993,1995,503
77101,77101,1993,2001,1667
77102,77102,1993,1996,830
77103,77103,1993,2008,4004
77104,77104,1993,1994,447
77106,77106,1993,2005,3118
77107,77107,1993,1995,623
77108,77108,1993,1998,1483
77109,77109,1993,1995,522
77110,77110,1993,1995,628
77111,77111,1993,1996,793
77112,77112,1993,1998,1325
77113,77113,1993,1995,604
77114,77114,1993,2020,7035
77116,77116,1993,2014,5396
77117,77117,1993,2020,7051
77118,77118,1993,1997,1106
77119,77119,1993,1997,1195
77120,77120,1993,2020,7049
77122,77122,1993,1994,476
77123,77123,1993,1996,898
77124,77124,1993,2020,7028
77125,77125,1993,2007,3431
77126,77126,1993,2013,5082
77128,77128,1993,1995,752
77129,77129,1993,2020,7051
77131,77131,1993,2020,7051
77132,77132,1993,2005,3232
77133,77133,1993,2005,3153
77134,77134,1993,2005,3141
77135,77135,1993,2005,3196
77136,77136,1993,2012,4728
77142,77142,1993,1999,1565
77143,77143,1993,2003,1333
77144,77144,1993,1997,983
77145,77145,1993,2002,2029
77146,77146,1993,1996,789
77147,77147,1993,2014,5398
77149,77149,1993,2014,5504
77150,77150,1993,2006,3488
77151,77151,1993,1995,581
77152,77152,1993,2020,7051
77153,77153,1993,2013,5121
77154,77154,1993,2016,5965
77155,77155,1993,2013,3325
77157,77157,1993,2020,7051
77158,77158,1993,2012,4897
77159,77159,1993,2003,2502
77161,77161,1993,1997,1193
77162,77162,1993,2001,2235
77163,77163,1993,2009,4240
77165,77165,1993,2020,6930
77166,77166,1993,1994,326
77167,77167,1993,1996,864
77168,77168,1993,1993,105
77169,77169,1993,2002,2428
77170,77170,1993,1999,1579
77171,77171,1993,2009,4139
77173,77173,1993,2015,4440
77174,77174,1993,1996,613
77175,77175,1993,2020,7050
77176,77176,1993,1993,97
77177,77177,1993,1993,38
77178,77178,1993,2020,7048
77179,77179,1993,2000,1813
77180,77180,1993,2008,3855
77181,77181,1993,2011,4366
77182,77182,1993,2020,7049
77183,77183,1993,1998,1474
77184,77184,1993,2008,3364
77185,77185,1993,1997,1245
77186,77186,1993,2017,5760
77187,77187,1993,1997,759
77188,77188,1993,1996,865
77189,77189,1993,1999,1574
77190,77190,1993,1997,978
77191,77191,1993,2020,7026
77192,77192,1993,1996,844
77193,77193,1993,1996,975
77194,77194,1993,1996,970
77195,77195,1993,1996,800
77196,77196,1993,1997,1062
77197,77197,1993,1994,448
77198,77198,1993,1995,546
77199,77199,1993,1994,209
77200,77200,1993,2002,2042
77202,77202,1993,2020,4988
77203,77203,1993,1998,1285
77204,77204,1993,2004,2714
77205,77205,1993,2018,6335
77206,77206,1993,1996,906
77207,77207,1993,2008,3795
77208,77208,1993,2020,5622
77209,77209,1993,1995,728
77210,77210,1993,2002,1848
77211,77211,1993,1995,609
77212,77212,1993,1995,235
77213,77213,1993,1996,971
77214,77214,1993,1998,1335
77215,77215,1993,1994,373
77216,77216,1993,1994,74
77217,77217,1993,2020,4489
77218,77218,1993,1999,1533
77219,77219,1993,2002,2200
77221,77221,1993,1996,445
77222,77222,1993,2000,1959
77223,77223,1993,2001,1801
77224,77224,1993,1995,400
77226,77226,1993,1999,1495
77227,77227,1993,1996,734
77228,77228,1993,1997,1048
77229,77229,1993,1995,732
77230,77230,1993,2003,2596
77231,77231,1993,1993,22
77233,77233,1993,1998,1433
77234,77234,1993,1996,443
77235,77235,1993,2020,7027
77236,77236,1993,2020,5591
77237,77237,1993,2001,2102
77238,77238,1993,2003,2238
77239,77239,1993,2020,6693
77240,77240,1993,2005,2494
77241,77241,1993,1995,551
77242,77242,1993,1996,891
77245,77245,1993,1994,359
77246,77246,1993,1993,122
77247,77247,1993,2001,2085
77248,77248,1993,2000,1739
77249,77249,1993,1999,1686
77250,77250,1993,1993,77
77253,77253,1993,1994,258
77254,77254,1993,2005,3158
77255,77255,1993,2001,2112
77256,77256,1993,2018,5405
77257,77257,1993,2006,3359
77258,77258,1993,1996,215
77259,77259,1993,2020,6469
77260,77260,1993,1995,658
77261,77261,1993,2004,2753
77262,77262,1993,2011,4419
77263,77263,1993,2005,2574
77264,77264,1993,2012,4934
77265,77265,1993,2001,2063
77266,77266,1993,2000,1992
77267,77267,1993,2001,1707
77268,77268,1993,2000,1929
77269,77269,1993,2000,1414
77270,77270,1993,1999,1552
77271,77271,1993,2017,6192
77272,77272,1993,1994,373
77273,77273,1993,1998,1377
77274,77274,1993,2020,7044
77275,77275,1993,2001,1483
77276,77276,1993,2000,1931
77277,77277,1993,1997,1104
77278,77278,1993,2000,1636
77279,77279,1993,2018,6429
77280,77280,1993,1994,424
77281,77281,1993,2017,6206
77282,77282,1993,2020,6850
77283,77283,1993,1997,1077
77284,77284,1993,2005,3175
77285,77285,1993,1996,900
77286,77286,1993,1997,1002
77288,77288,1993,1994,474
77289,77289,1993,2012,4994
77291,77291,1993,2002,2319
77292,77292,1993,2020,7048
77293,77293,1993,1999,1515
77294,77294,1993,2003,2646
77295,77295,1993,1994,332
77296,77296,1993,1999,1523
77297,77297,1993,2000,1830
77298,77298,1993,1996,931
77299,77299,1993,1993,41
77300,77300,1993,2020,7051
77301,77301,1993,1995,668
77302,77302,1993,2016,5887
77303,77303,1993,1994,432
77304,77304,1993,1994,378
77306,77306,1993,1996,899
77307,77307,1993,1997,1210
77309,77309,1993,2020,7049
77310,77310,1993,2001,2052
77311,77311,1993,2001,2236
77312,77312,1993,1999,1724
77313,77313,1993,2010,4519
77314,77314,1993,1998,1507
77315,77315,1993,2012,4967
77316,77316,1993,2020,7036
77317,77317,1993,1996,765
77318,77318,1993,2009,4196
77319,77319,1993,1996,788
77320,77320,1993,1995,726
77321,77321,1993,1999,1593
77322,77322,1993,1995,638
77323,77323,1993,2000,1850
77324,77324,1993,2007,2820
77325,77325,1993,2000,1984
77326,77326,1993,2005,1807
77327,77327,1993,2015,4936
77328,77328,1993,1997,1003
77329,77329,1993,1994,427
77330,77330,1993,1998,1290
77331,77331,1993,1995,713
77332,77332,1993,2002,2465
77333,77333,1993,1996,830
77334,77334,1993,2005,2443
77335,77335,1993,1998,1340
77336,77336,1993,1998,767
77337,77337,1993,1994,267
77338,77338,1993,2020,7051
77339,77339,1993,2005,3122
77340,77340,1993,2016,5100
77341,77341,1993,1996,772
77343,77343,1993,1999,1255
77344,77344,1993,1996,794
77345,77345,1993,1993,77
77346,77346,1993,1995,418
77347,77347,1993,2010,4387
77348,77348,1993,1998,1400
77349,77349,1993,1994,282
77350,77350,1993,1999,1272
77351,77351,1993,1999,1704
77352,77352,1993,1998,1497
77353,77353,1993,1999,1649
77354,77354,1993,2020,7050
77355,77355,1993,1995,558
77356,77356,1993,2004,2788
77357,77357,1993,2020,7049
77358,77358,1993,1995,550
77360,77360,1993,1995,628
77361,77361,1993,1999,1670
77362,77362,1993,2008,3837
77363,77363,1993,1999,1695
77364,77364,1993,1997,1058
77366,77366,1993,2020,7051
77367,77367,1993,1999,1652
77368,77368,1993,2000,1771
77369,77369,1993,2020,6998
77370,77370,1993,1994,282
77371,77371,1993,2001,2040
77372,77372,1993,1998,1463
77373,77373,1993,1996,946
77376,77376,1993,2000,1460
77377,77377,1993,2020,7004
77378,77378,1993,2003,2427
77379,77379,1993,2020,6466
77380,77380,1993,1995,756
77382,77382,1993,1998,1330
77383,77383,1993,1996,690
77384,77384,1993,2002,2343
77385,77385,1993,1996,825
77386,77386,1993,1998,766
77387,77387,1993,2000,1943
77388,77388,1993,1999,1630
77389,77389,1993,2001,2207
77390,77390,1993,1999,1280
77392,77392,1993,2007,3689
77393,77393,1993,2020,5920
77395,77395,1993,1993,84
77396,77396,1993,1996,692
77397,77397,1993,1996,948
77398,77398,1993,2000,1883
77400,77400,1993,1997,532
77401,77401,1993,2000,1887
77402,77402,1993,1995,595
77403,77403,1993,2007,3558
77405,77405,1993,2006,3513
77406,77406,1993,1995,519
77407,77407,1993,1995,567
77409,77409,1993,1999,1355
77410,77410,1993,1997,1080
77411,77411,1993,1998,1225
77413,77413,1993,2017,6240
77414,77414,1993,1994,78
77415,77415,1993,2020,6983
77416,77416,1993,1999,1704
77417,77417,1993,1998,1317
77418,77418,1993,2018,6405
77419,77419,1993,1994,382
77420,77420,1993,2019,6698
77421,77421,1993,2012,4939
77422,77422,1993,1994,422
77423,77423,1993,1995,655
77424,77424,1993,1995,500
77425,77425,1993,2020,6907
77426,77426,1993,2007,3669
77427,77427,1993,2005,3065
77428,77428,1993,2002,2150
77429,77429,1993,1994,271
77430,77430,1993,1993,2
77431,77431,1993,1998,1266
77433,77433,1993,2007,3133
77434,77434,1993,2000,1917
77435,77435,1993,2004,2735
77437,77437,1993,2020,7040
77438,77438,1993,2002,2342
77440,77440,1993,2003,2536
77441,77441,1993,1999,1547
77442,77442,1993,2001,2060
77443,77443,1993,2011,4345
77444,77444,1993,1995,454
77445,77445,1993,1993,83
77446,77446,1993,2000,1945
77447,77447,1993,2020,7049
77448,77448,1993,2007,3712
77449,77449,1993,1994,288
77450,77450,1993,2000,1674
77451,77451,1993,2001,2068
77452,77452,1993,1994,449
77453,77453,1993,2020,7050
77454,77454,1993,2002,2502
77456,77456,1993,1999,1474
77457,77457,1993,1995,716
77458,77458,1993,2020,7050
77459,77459,1993,1994,256
77460,77460,1993,2020,7051
77461,77461,1993,2014,5311
77462,77462,1993,2020,7051
77463,77463,1993,2000,1780
77464,77464,1993,2002,2274
77465,77465,1993,2001,2236
77466,77466,1993,2020,7050
77467,77467,1993,2020,7030
77468,77468,1993,2015,5692
77469,77469,1993,2020,7047
77470,77470,1993,2020,7051
77472,77472,1993,2007,3713
77473,77473,1993,1999,1646
77474,77474,1993,1999,1656
77475,77475,1993,2006,2265
77476,77476,1993,1995,582
77477,77477,1993,1999,1222
77478,77478,1993,2019,6575
77480,77480,1993,1995,646
77481,77481,1993,2012,4886
77482,77482,1993,1993,96
77483,77483,1996,2000,1032
77485,77485,1993,1999,1121
77486,77486,1993,2019,6689
77487,77487,1993,1994,373
77488,77488,1993,2020,6119
77489,77489,1993,2005,3073
77490,77490,1993,2004,2831
77491,77491,1993,1994,390
77492,77492,1993,1993,51
77493,77493,1993,1998,1493
77494,77494,1993,1999,1612
77495,77495,1993,2008,3591
77496,77496,1993,2020,7051
77497,77497,1993,1997,1182
77499,77499,1993,1993,239
77500,77500,1993,1996,481
77501,77501,1993,2020,7044
77502,77502,1993,2009,4223
77503,77503,1993,1997,1112
77504,77504,1993,2008,3580
77505,77505,1993,2020,6967
77506,77506,1993,1995,347
77507,77507,1993,2016,5113
77508,77508,1993,1998,1420
77509,77509,1993,2003,2740
77510,77510,1993,1995,624
77511,77511,1993,1998,1198
77512,77512,1993,2006,3298
77513,77513,1993,1999,937
77514,77514,1993,1997,1035
77515,77515,1993,2020,7050
77516,77516,1993,2020,6943
77517,77517,1993,2007,3612
77518,77518,1993,1998,1346
77519,77519,1993,2020,7048
77520,77520,1994,2020,6733
77521,77521,1993,2013,4784
77522,77522,1993,1997,540
77523,77523,1993,1999,1740
77524,77524,1993,1995,691
77525,77525,1993,1998,1416
77526,77526,1993,2020,6269
77527,77527,1993,1996,673
77528,77528,1993,2020,6933
77529,77529,1993,1995,645
77530,77530,1993,2020,6959
77531,77531,1993,1996,949
77532,77532,1993,1996,780
77534,77534,1993,1997,1227
77536,77536,1993,1996,874
77537,77537,1993,1995,601
77538,77538,1993,1995,753
77539,77539,1993,1997,1072
77540,77540,1993,1996,717
77541,77541,1993,2002,2247
77542,77542,1993,2001,2134
77543,77543,1993,1994,346
77544,77544,1993,1999,1724
77545,77545,1993,2016,5916
77546,77546,1993,2007,3709
77547,77547,1993,1998,1475
77548,77548,1993,2020,7051
77549,77549,1993,2004,3008
77550,77550,1993,1997,1181
77551,77551,1993,1994,290
77552,77552,1993,2003,1805
77553,77553,1993,2006,2925
77554,77554,1993,1998,844
77555,77555,1993,2006,3400
77560,77560,1993,2009,4177
77561,77561,1993,1995,407
77562,77562,1993,1994,139
77563,77563,1993,1998,1332
77564,77564,1993,1996,767
77568,77568,1993,2008,3987
77569,77569,1993,2020,3140
77570,77570,1993,2020,6234
77571,77571,1993,1994,271
77572,77572,1993,2001,2139
77573,77573,1993,2020,7051
77574,77574,1993,1995,609
77575,77575,1993,2011,3505
77576,77576,1993,2009,4249
77577,77577,1993,1995,631
77579,77579,1993,2004,2917
77580,77580,1993,1998,1253
77581,77581,1993,2002,2433
77582,77582,1993,2012,4917
77584,77584,1993,2020,7035
77585,77585,1993,2012,3684
77587,77587,1993,2001,2032
77588,77588,1993,2000,1817
77589,77589,1993,2007,3493
77590,77590,1993,2012,4862
77591,77591,1993,2020,7017
77592,77592,1993,2005,3225
77593,77593,1993,1998,1226
77595,77595,1993,2020,7050
77596,77596,1993,2001,2025
77597,77597,1993,1999,1514
77599,77599,1993,2016,5770
77600,77600,1993,1998,1283
77601,77601,1993,1997,1185
77602,77602,1993,2000,1933
77603,77603,1993,2000,1807
77604,77604,1993,2016,5828
77605,77605,1993,2020,7051
77606,77606,1993,2020,7051
77607,77607,1993,2020,7031
77608,77608,1993,2007,3745
77609,77609,1993,2020,7051
77610,77610,1993,2020,6454
77611,77611,1993,1997,1143
77612,77612,1993,1995,476
77613,77613,1993,1998,1226
77614,77614,1993,1994,421
77615,77615,1993,1993,177
77616,77616,1993,1995,544
77617,77617,1993,2002,2347
77618,77618,1993,1999,1704
77619,77619,1993,2000,1832
77620,77620,1993,1996,609
77621,77621,1993,1993,125
77622,77622,1993,1996,794
77624,77624,1993,2020,3519
77625,77625,1993,2000,1894
77626,77626,1993,1998,1065
77627,77627,1993,2004,2667
77628,77628,1993,2010,4054
77629,77629,1993,2020,6695
77630,77630,1993,2018,6333
77632,77632,1993,1998,1277
77633,77633,1993,2009,4249
77634,77634,1993,1997,1134
77635,77635,1993,1995,521
77636,77636,1993,2001,1515
77637,77637,1993,2020,7051
77638,77638,1993,2020,7051
77639,77639,1993,2005,3049
77641,77641,1993,1997,1113
77642,77642,1993,2003,2289
77643,77643,1993,2020,6986
77644,77644,1993,2000,1770
77646,77646,1993,2001,2237
77647,77647,1993,2001,2263
77648,77648,1993,1997,1198
77649,77649,1993,2020,7051
77651,77651,1993,1995,536
77652,77652,1993,1999,1522
77653,77653,1993,2002,2347
77654,77654,1993,1993,219
77655,77655,1993,1995,446
77656,77656,1993,1999,1298
77657,77657,1993,2000,1905
77659,77659,1993,2020,7050
77660,77660,1993,2020,6854
77661,77661,1993,2020,7040
77662,77662,1993,2007,3634
77663,77663,1993,2001,2070
77664,77664,1993,1994,277
77665,77665,1993,1996,893
77667,77667,1993,2007,3709
77668,77668,1993,2018,6533
77669,77669,1993,2018,6405
77670,77670,1993,1998,1227
77671,77671,1993,2001,2059
77672,77672,1993,1994,259
77673,77673,1993,2010,3967
77675,77675,1993,2002,2244
77676,77676,1993,1999,1423
77677,77677,1993,2001,2036
77678,77678,1993,2003,2586
77679,77679,1993,2020,7036
77681,77681,1993,1999,1496
77683,77683,1993,2013,3887
77684,77684,1993,1997,1121
77685,77685,1993,2007,2616
77686,77686,1993,1994,314
77687,77687,1993,2000,1716
77688,77688,1993,2003,2694
77689,77689,1993,2000,1980
77690,77690,1993,1999,1744
77691,77691,1993,2018,6511
77692,77692,1993,2020,6983
77693,77693,1993,2020,6838
77694,77694,1993,2007,3694
77695,77695,1993,1996,814
77696,77696,1993,1998,1027
77697,77697,1993,1996,888
77698,77698,1993,1997,1064
77699,77699,1993,2020,6965
77700,77700,1993,1997,1026
77701,77701,1993,2007,3699
77702,77702,1993,2020,7050
77703,77703,1993,1997,713
77704,77704,1993,1998,1056
77705,77705,1993,1999,1741
77708,77708,1993,2001,2267
77710,77710,1993,2001,2045
77712,77712,1993,1999,1634
77713,77713,1993,2002,2393
77714,77714,1993,1997,1202
77719,77719,1993,2000,1892
77722,77722,1993,2014,5362
77723,77723,1993,1994,388
77725,77725,1993,1994,427
77729,77729,1993,2020,5742
77730,77730,1993,2020,7051
77733,77733,1993,2013,4611
77735,77735,1993,2020,7030
77739,77739,1993,1994,236
77740,77740,1993,1997,1177
77741,77741,1993,1995,666
77753,77753,1993,1997,1262
77755,77755,1993,1995,371
77756,77756,1993,2001,1055
77757,77757,1993,2001,2028
77758,77758,1993,2003,2342
77759,77759,1993,2007,2580
77760,77760,1993,1997,606
77761,77761,1993,1995,341
77763,77763,1993,2020,6722
77764,77764,1993,2001,1967
77765,77765,1993,1998,576
77766,77766,1993,1996,474
77767,77767,1993,2008,3715
77768,77768,1993,2018,6505
77769,77769,1993,2006,3464
77770,77770,1993,1997,1093
77771,77771,1993,1994,264
77772,77772,1993,1994,365
77773,77773,1993,2001,2058
77774,77774,1993,2000,1783
77775,77775,1993,2004,2314
77776,77776,1993,2020,7051
77777,77777,1993,1997,1209
77778,77778,1993,2009,2701
77779,77779,1993,1998,1273
77780,77780,1993,2020,6879
77781,77781,1993,2008,3028
77782,77782,1993,1999,1653
77783,77783,1993,2011,4730
77784,77784,1993,1999,1577
77785,77785,1993,2020,7038
77786,77786,1993,1995,692
77787,77787,1993,2012,4863
77789,77789,1993,2000,1771
77790,77790,1993,2020,6511
77791,77791,1993,2000,1336
77792,77792,1993,1998,480
77793,77793,1993,1996,888
77794,77794,1993,1997,1060
77795,77795,1993,1996,844
77796,77796,1993,1994,449
77798,77798,1993,2012,3511
77799,77799,1993,1999,1434
77800,77800,1993,1993,175
77801,77801,1993,1997,652
77802,77802,1993,1998,1149
77803,77803,1993,2006,3440
77804,77804,1993,2017,6216
77805,77805,1993,2000,1808
77806,77806,1993,2020,7051
77807,77807,1993,2016,5966
77808,77808,1993,2020,7043
77809,77809,1993,2007,3629
77811,77811,1993,1996,985
77812,77812,1993,1994,199
77813,77813,1993,1995,617
77814,77814,1993,1995,673
77815,77815,1993,2001,2020
77816,77816,1993,2018,6375
77817,77817,1993,2017,6128
77818,77818,1993,2020,7051
77819,77819,1993,2007,3595
77820,77820,1993,2000,1634
77821,77821,1993,1994,347
77822,77822,1993,2000,1878
77823,77823,1993,2014,5517
77824,77824,1993,1995,582
77827,77827,1993,2014,5459
77828,77828,1993,2008,1912
77829,77829,1993,2001,2043
77830,77830,1993,2014,5273
77831,77831,1993,1999,1519
77832,77832,1993,1997,1232
77833,77833,1993,1997,1106
77834,77834,1993,1995,511
77835,77835,1993,2001,2003
77836,77836,1993,1995,521
77837,77837,1993,2004,2882
77838,77838,1993,2004,2603
77839,77839,1993,2005,2639
77840,77840,1993,1997,1166
77841,77841,1993,1995,648
77842,77842,1993,2000,1406
77843,77843,1993,2000,1752
77844,77844,1993,2003,2252
77845,77845,1993,2000,1881
77846,77846,1993,1995,537
77847,77847,1993,1996,863
77848,77848,1993,1995,534
77849,77849,1993,1996,960
77850,77850,1993,1999,1621
77851,77851,1993,1999,1459
77852,77852,1993,1994,422
77853,77853,1993,1994,384
77854,77854,1993,2002,2461
77855,77855,1993,2013,5183
77856,77856,1993,1997,1047
77857,77857,1993,2020,7051
77858,77858,1993,1996,853
77859,77859,1993,1998,1270
77860,77860,1993,2020,7050
77861,77861,1993,1997,1086
77862,77862,1993,2018,6291
77863,77863,1993,1995,576
77864,77864,1993,1993,31
77865,77865,1993,2010,2459
77866,77866,1993,1995,632
77867,77867,1993,1998,727
77868,77868,1993,2020,6981
77870,77870,1993,1997,979
77871,77871,1993,1994,291
77872,77872,1993,2000,1625
77873,77873,1993,2001,2219
77874,77874,1993,1999,1766
77875,77875,1993,2001,2131
77876,77876,1993,2001,2243
77878,77878,1993,2020,7051
77879,77879,1993,1997,1074
77880,77880,1993,2004,2965
77881,77881,1993,2007,3590
77882,77882,1993,1997,1192
77883,77883,1993,1999,1402
77884,77884,1993,1998,1204
77886,77886,1993,1997,958
77887,77887,1993,2005,3022
77888,77888,1993,1994,359
77889,77889,1993,2020,6292
77890,77890,1993,1995,384
77891,77891,1993,1997,1025
77892,77892,1993,2016,5512
77893,77893,1993,2009,4060
77894,77894,1993,1993,124
77895,77895,1993,2020,6841
77896,77896,1993,1994,432
77897,77897,1993,2017,6125
77898,77898,1993,2011,3696
77899,77899,1993,1998,1511
77900,77900,1993,2020,6968
77901,77901,1993,1997,1023
77902,77902,1993,2020,7049
77903,77903,1993,1997,1151
77904,77904,1993,1995,668
77905,77905,1993,2008,4001
77907,77907,1993,2008,3966
77908,77908,1993,2008,4015
77909,77909,1993,2008,3998
77910,77910,1993,2020,7048
77911,77911,1993,1994,399
77912,77912,1993,1994,404
77913,77913,1993,1998,1417
77915,77915,1993,2003,2659
77916,77916,1993,2004,1538
77917,77917,1993,2020,7050
77918,77918,1993,2020,7046
77919,77919,1993,2001,2225
77920,77920,1993,2020,7044
77921,77921,1993,1999,1756
77923,77923,1993,1998,1507
77924,77924,1993,1998,1430
77925,77925,1993,2020,7051
77926,77926,1993,2006,3364
77927,77927,1993,1998,1277
77928,77928,1993,2020,7038
77929,77929,1993,2002,1982
77930,77930,1993,1995,632
77931,77931,1993,2002,2320
77932,77932,1993,1999,1321
77933,77933,1993,1996,745
77962,77962,1993,1998,830
77964,77964,1993,2002,2399
77967,77967,1993,2009,4139
77968,77968,1993,1998,1422
77969,77969,1993,1998,1456
77970,77970,1993,1994,117
77971,77971,1993,2019,6684
77972,77972,1993,1995,544
77973,77973,1993,2020,5442
77974,77974,1993,1995,497
77975,77975,1993,1998,1172
77976,77976,1993,2011,4560
77977,77977,1993,1996,908
77978,77978,1993,1998,1257
77979,77979,1993,2001,2149
77980,77980,1995,1998,712
77982,77982,1993,2012,4800
77983,77983,1993,1996,727
77984,77984,1993,2006,2560
77985,77985,1993,1999,1695
77986,77986,1993,1999,604
77987,77987,1993,1998,1443
77988,77988,1993,1999,1526
77989,77989,1993,2001,2104
77990,77990,1993,2002,2131
77991,77991,1993,1997,1123
77992,77992,1993,2000,2012
77993,77993,1993,2005,3226
77995,77995,2000,2007,1816
77997,77997,1993,2002,2338
77998,77998,1993,2006,3293
77999,77999,1993,2005,3126
78000,78000,1993,1994,93
78001,78001,1993,2020,6546
78002,78002,1993,2020,7049
78003,78003,1993,2020,3063
78004,78004,1993,1997,223
78005,78005,1993,1996,944
78006,78006,1993,1995,719
78007,78007,1993,1995,639
78008,78008,1993,2011,4626
78009,78009,1993,2011,4563
78010,78010,1993,1997,1116
78011,78011,1993,2008,3976
78012,78012,1993,2018,6319
78013,78013,1993,1997,1241
78014,78014,1993,2002,2493
78015,78015,1993,2020,7050
78016,78016,1993,1994,422
78017,78017,1993,1993,138
78018,78018,1993,2020,6884
78019,78019,1993,1997,1104
78021,78021,1993,1997,1135
78022,78022,1993,2000,1881
78023,78023,1993,1998,1462
78024,78024,1993,1995,510
78025,78025,1993,1995,579
78026,78026,1993,1997,1014
78027,78027,1993,1993,245
78029,78029,1993,2000,1924
78030,78030,1993,1996,864
78031,78031,1993,2002,1611
78032,78032,1993,2001,2027
78033,78033,1993,2015,5732
78034,78034,1993,2020,7051
78035,78035,1993,1996,408
78037,78037,1993,2007,3595
78038,78038,1993,2020,7051
78039,78039,1993,1998,1492
78040,78040,1993,2010,4357
78041,78041,1993,2000,1743
78042,78042,1993,2002,1907
78043,78043,1993,2001,2163
78044,78044,1993,2020,7051
78045,78045,1993,2020,7051
78048,78048,1993,1994,248
78049,78049,1993,2010,4411
78050,78050,1993,2015,5775
78051,78051,1993,2014,5422
78053,78053,1993,1996,770
78054,78054,1993,2020,6865
78055,78055,1993,1995,594
78056,78056,1993,2020,7048
78057,78057,1993,2020,7023
78058,78058,1993,1997,1027
78059,78059,1993,2020,7029
78060,78060,1993,2015,5588
78061,78061,1993,2020,7007
78062,78062,1993,2014,5262
78063,78063,1993,1995,701
78064,78064,1993,1997,1083
78065,78065,1993,2007,3522
78066,78066,1993,2020,4145
78067,78067,1993,1993,102
78068,78068,1993,2018,6024
78069,78069,1993,1996,807
78070,78070,1993,1994,489
78071,78071,1993,2020,6954
78072,78072,1993,1999,518
78073,78073,1993,2012,4992
78074,78074,1993,1999,1694
78075,78075,1993,2000,1883
78077,78077,1993,2020,7031
78078,78078,1993,1997,1046
78079,78079,1993,1999,1409
78080,78080,1993,1995,597
78081,78081,1993,2020,6843
78082,78082,1993,2014,4357
78083,78083,1993,2005,3026
78084,78084,1993,2003,2363
78085,78085,1993,1995,564
78086,78086,1993,2008,3812
78088,78088,1993,2002,2507
78089,78089,1993,2020,7048
78090,78090,1993,1997,1113
78091,78091,1993,2020,4237
78092,78092,1993,1993,120
78093,78093,1993,2007,3472
78094,78094,1993,2007,3363
78095,78095,1993,1997,1149
78096,78096,1993,1994,482
78097,78097,1993,1996,769
78098,78098,1993,1994,370
78099,78099,1993,1996,850
78100,78100,1993,1998,1378
78101,78101,1993,1998,1218
78102,78102,1993,2001,2162
78103,78103,1993,2003,2502
78104,78104,1993,1995,745
78105,78105,1993,1997,917
78106,78106,1993,2007,3531
78107,78107,1993,2020,6889
78109,78109,1993,2012,4769
78110,78110,1993,2002,2287
78111,78111,1993,1995,623
78112,78112,1993,2006,3322
78113,78113,1993,2000,1888
78114,78114,1993,1995,516
78116,78116,1993,1999,1639
78117,78117,1993,2003,2671
78119,78119,1993,1998,978
78120,78120,1994,2001,1925
78121,78121,1993,1996,384
78122,78122,1993,1995,600
78123,78123,1993,1996,662
78131,78131,1993,1994,122
78133,78133,1993,1997,799
78134,78134,1993,2000,1905
78135,78135,1993,1994,212
78136,78136,1993,1999,1400
78137,78137,1993,2020,6921
78139,78139,1993,2014,5529
78140,78140,1993,1999,1577
78145,78145,1993,2008,3762
78146,78146,1993,2002,2164
78147,78147,1993,2014,5465
78148,78148,1993,1996,579
78150,78150,1993,2000,1503
78151,78151,1993,1996,738
78152,78152,1993,1996,777
78154,78154,1993,1995,336
78155,78155,1993,2005,3219
78156,78156,1993,2020,7036
78157,78157,1993,2009,3932
78158,78158,1993,1997,447
78161,78161,1993,2001,1896
78163,78163,1993,1997,1132
78164,78164,1993,1996,661
78165,78165,1993,1994,455
78166,78166,1993,1995,295
78168,78168,1993,2016,5791
78170,78170,1993,2020,7027
78171,78171,1993,1995,467
78172,78172,1993,2019,6538
78176,78176,1993,1997,1050
78177,78177,1993,1997,1037
78179,78179,1993,2017,4995
78180,78180,1993,2000,1787
78184,78184,1993,2000,1833
78186,78186,1993,2018,6197
78187,78187,1993,1995,692
78188,78188,1993,1995,645
78189,78189,1993,2020,7018
78192,78192,1993,1994,470
78193,78193,1993,2013,5151
78194,78194,1993,1998,1485
78195,78195,1993,2013,4205
78197,78197,1993,2010,4503
78198,78198,1993,2004,2810
78200,78200,1993,2013,5261
78201,78201,1993,2019,5430
78202,78202,1993,1994,285
78203,78203,1993,1994,487
78207,78207,1993,1997,1015
78208,78208,1993,2012,4791
78209,78209,1993,2010,4357
78210,78210,1993,2011,4627
78211,78211,1993,2020,4082
78213,78213,1993,2020,7035
78214,78214,1993,2004,2908
78215,78215,1993,1997,1174
78216,78216,1993,2018,6101
78217,78217,1993,2018,6215
78219,78219,1993,2008,3912
78220,78220,1993,1996,762
78221,78221,1993,2007,3764
78222,78222,1993,1997,686
78223,78223,1993,2020,7051
78231,78231,1993,2015,4290
78236,78236,2011,2020,2353
78242,78242,1993,1996,920
78243,78243,1993,1995,70
78248,78248,1993,1993,175
78257,78257,1996,1998,408
78263,78263,1993,2004,2895
78268,78268,1993,2001,2020
78271,78271,1993,1998,1403
78300,78300,1993,1998,664
78307,78307,1993,1994,368
78308,78308,1993,1994,201
78309,78309,1993,1994,157
78336,78336,1993,1996,517
78349,78349,1993,2008,3556
78350,78350,1993,1995,148
78361,78361,1993,2006,3449
78365,78365,1993,1998,1398
78383,78383,1993,1998,1026
78387,78387,1993,1999,1240
78388,78388,1993,2009,3179
78395,78395,1993,2003,2486
78404,78404,1993,1999,605
78405,78405,1996,2020,6267
78411,78411,1993,1998,1244
78418,78418,1993,2020,6863
78425,78425,1993,1997,1135
78432,78432,1993,2010,4099
78436,78436,1993,2011,4270
78447,78447,1993,2020,5713
78448,78448,1993,2007,3711
78451,78451,1993,2020,6757
78452,78452,1993,1997,1048
78454,78454,1993,1993,6
78462,78462,1993,1994,464
78465,78465,1993,1995,76
78467,78467,1993,1996,557
78468,78468,1993,2002,2335
78473,78473,1993,1997,1001
78481,78481,1993,1998,1429
78495,78495,1993,2006,3488
78503,78503,1993,1997,1130
78527,78527,1993,2019,6571
78530,78530,1993,1997,1156
78535,78535,1993,1999,573
78537,78537,1993,2003,2498
78558,78558,1993,1997,1179
78560,78560,1993,2005,3054
78561,78561,1993,2002,1646
78568,78568,1993,1995,729
78569,78569,1993,2020,6627
78582,78582,1993,2006,2645
78584,78584,1993,1994,60
78586,78586,1993,1999,971
78594,78594,1993,2001,1297
78595,78595,1993,1996,953
78597,78597,1993,1996,490
78599,78599,1993,2008,2558
78620,78620,1993,2000,768
78622,78622,1993,2002,2250
78629,78629,1993,2020,6338
78630,78630,1993,1999,1387
78632,78632,1993,1994,294
78638,78638,1993,2008,3791
78645,78645,1994,2001,1665
78646,78646,1993,1994,275
78647,78647,1993,1993,55
78652,78652,1993,1996,697
78661,78661,1993,1997,1246
78662,78662,1993,1994,113
78664,78664,1993,2020,6899
78666,78666,1993,1997,1034
78668,78668,1993,1998,1315
78671,78671,1993,2001,1942
78675,78675,1993,2001,1147
78687,78687,1993,1998,1471
78688,78688,1993,2019,6702
78689,78689,1993,2000,1897
78690,78690,1993,2010,4442
78691,78691,1993,1994,377
78692,78692,1993,1993,173
78693,78693,1993,2020,6565
78694,78694,1993,2009,4023
78695,78695,1993,1999,1468
78698,78698,1993,2008,3143
78701,78701,1993,2017,6150
78703,78703,1993,1998,1066
78704,78704,1993,1997,1082
78705,78705,1993,2020,6318
78711,78711,1993,2000,1867
78712,78712,1993,2008,3878
78713,78713,1993,2000,1803
78717,78717,1993,2007,3755
78718,78718,1993,2002,2127
78720,78720,1993,1994,439
78721,78721,1993,2005,3152
78723,78723,1993,1999,376
78724,78724,1993,1997,329
78725,78725,1993,1995,600
78726,78726,1993,1995,572
78729,78729,1993,2000,1799
78733,78733,1993,1997,1139
78734,78734,1993,1995,618
78736,78736,1993,1997,1001
78737,78737,1993,1994,277
78741,78741,1993,2012,3820
78743,78743,1993,2003,2455
78744,78744,1993,1995,329
78745,78745,1993,2007,2824
78746,78746,1993,1996,1008
78749,78749,1993,2020,6452
78751,78751,1993,2005,2538
78752,78752,1993,2005,2369
78753,78753,1993,2000,1919
78754,78754,1993,1998,1477
78756,78756,1993,2020,7027
78758,78758,1993,2006,3113
78759,78759,1993,2020,6677
78760,78760,1993,1998,1447
78763,78763,1993,2020,7050
78764,78764,1993,1998,913
78765,78765,1993,1997,184
78766,78766,1993,1999,1532
78767,78767,1993,1999,1347
78769,78769,1993,2003,1811
78771,78771,1993,1998,1232
78772,78772,1993,1994,373
78774,78774,1993,1996,762
78775,78775,1993,2007,3693
78776,78776,1993,1994,286
78777,78777,1993,1998,1291
78780,78780,1993,2003,2682
78783,78783,1993,1998,1505
78785,78785,1993,1996,928
78786,78786,1993,2003,2568
78787,78787,1993,1996,989
78788,78788,1993,1997,1254
78789,78789,1993,1996,785
78790,78790,1993,1995,573
78791,78791,1993,2000,1920
78792,78792,1993,1994,418
78793,78793,1993,1994,352
78794,78794,1993,1999,1751
78795,78795,1993,1997,1017
78796,78796,1993,1996,884
78797,78797,1993,1997,946
78798,78798,1993,2013,5036
78799,78799,1993,1996,931
78801,78801,1993,2013,4992
78803,78803,1993,1995,522
78804,78804,1993,2010,4450
78806,78806,1993,2000,1998
78807,78807,1993,2002,2481
78810,78810,1993,2009,4229
78811,78811,1993,2014,5487
78812,78812,1993,2004,2851
78813,78813,1993,1994,428
78814,78814,1993,1996,792
78815,78815,1993,2009,4203
78816,78816,1993,2012,4724
78817,78817,1993,1999,1580
78818,78818,1993,2007,3568
78819,78819,1993,1995,543
78820,78820,1993,1995,708
78821,78821,1993,1995,573
78822,78822,1993,2001,1899
78823,78823,1993,1996,341
78824,78824,1993,1999,621
78825,78825,1993,1999,1654
78826,78826,1993,2001,1633
78827,78827,1993,1993,40
78828,78828,1993,1994,381
78829,78829,1993,2020,7011
78830,78830,1993,2006,2652
78831,78831,1993,1997,1205
78832,78832,1993,2001,467
78833,78833,1993,1996,230
78834,78834,1993,1995,100
78835,78835,1993,1995,501
78836,78836,1993,2011,4630
78837,78837,1993,2003,2456
78838,78838,1993,1997,1249
78839,78839,1993,1999,1518
78840,78840,1993,2020,7034
78841,78841,1993,2020,4506
78842,78842,1993,1997,284
78843,78843,1993,1995,492
78844,78844,1993,2007,3272
78845,78845,1993,1994,263
78846,78846,1993,2005,2450
78847,78847,1993,2003,2082
78848,78848,1993,1996,458
78850,78850,1993,2002,2304
78851,78851,1993,2000,1928
78852,78852,1993,2020,7037
78854,78854,1993,2020,6956
78855,78855,1993,2013,5135
78856,78856,1993,2005,3196
78857,78857,1993,1994,425
78858,78858,1993,2010,4494
78859,78859,1993,1996,965
78860,78860,1993,1999,1626
78862,78862,1993,2004,3006
78863,78863,1993,1996,835
78864,78864,1993,1995,588
78866,78866,1993,1994,193
78867,78867,1993,2005,3180
78868,78868,1993,2008,3711
78869,78869,1993,2011,3061
78870,78870,1993,1995,175
78871,78871,1993,2005,742
78872,78872,1993,2001,2140
78873,78873,1993,1998,1261
78875,78875,1993,2020,7014
78876,78876,1993,2020,7013
78877,78877,1993,2020,6881
78879,78879,1993,2000,1952
78881,78881,1993,2015,5488
78882,78882,1993,1994,88
78883,78883,1993,1998,1022
78884,78884,1993,1996,299
78885,78885,1993,1995,547
78886,78886,1993,1997,230
78887,78887,1993,1995,699
78889,78889,1993,2011,4707
78890,78890,1993,2001,2154
78891,78891,1993,2003,2320
78892,78892,1993,2020,5308
78893,78893,1993,1994,369
78894,78894,1993,2008,3901
78895,78895,1993,1998,1408
78897,78897,1993,1998,1261
78898,78898,1993,1997,1033
78899,78899,1993,1995,528
78900,78900,1993,2020,6929
78901,78901,1993,1997,1030
78902,78902,1993,1999,990
78903,78903,1993,2020,6541
78904,78904,1993,1999,1653
78905,78905,1993,1998,1306
78906,78906,1993,2003,2332
78907,78907,1993,1995,510
78908,78908,1993,2020,6961
78910,78910,1993,2012,4975
78911,78911,1993,1998,1256
78912,78912,1993,2006,3311
78913,78913,1993,1997,1029
78914,78914,1993,2005,3032
78915,78915,1993,2020,7018
78916,78916,1993,2020,6855
78918,78918,1993,1995,551
78919,78919,1993,1994,432
78920,78920,1993,2001,1929
78921,78921,1993,1993,1
78922,78922,1993,2007,1476
78923,78923,1993,1999,1178
78924,78924,1993,2003,2205
78927,78927,1993,2020,7029
78928,78928,1993,1999,1605
78931,78931,1993,2006,3381
78932,78932,1993,2015,5561
78934,78934,1993,1995,669
78935,78935,1993,2002,2479
78936,78936,1993,2020,7017
78937,78937,1993,2000,1764
78938,78938,1993,2005,3217
78939,78939,1993,1998,1470
78940,78940,1993,1998,1473
78942,78942,1993,2016,5824
78943,78943,1993,2020,6513
78944,78944,1993,2020,6986
78945,78945,1993,2011,4299
78946,78946,1993,1997,1078
78947,78947,1993,2020,7013
78948,78948,1993,2001,1534
78949,78949,1993,2003,2565
78950,78950,1993,2020,6797
78951,78951,1993,1996,909
78952,78952,1993,1998,1317
78953,78953,1993,2011,4435
78954,78954,1993,2000,1701
78955,78955,1993,2020,6802
78956,78956,1993,2005,3129
78957,78957,1993,2002,2129
78958,78958,1993,1994,414
78959,78959,1993,2007,3567
78960,78960,2012,2020,2165
78961,78961,1993,1995,357
78962,78962,1993,1995,405
78963,78963,1993,2020,6993
78964,78964,1993,1996,771
78965,78965,1993,2002,2346
78967,78967,1993,1995,477
78968,78968,1993,1997,1158
78969,78969,1993,1997,283
78970,78970,1993,2006,3390
78971,78971,1993,2020,6985
78972,78972,1993,2010,4444
78973,78973,1993,1996,141
78974,78974,1993,1998,1165
78975,78975,1993,2020,7001
78977,78977,1993,2016,5784
78978,78978,1993,1998,1303
78979,78979,1993,1999,972
78980,78980,1993,1999,1671
78981,78981,1993,2020,7002
78982,78982,1993,2003,1301
78983,78983,1993,1997,667
78985,78985,1993,2020,6898
78986,78986,1993,2000,1535
78987,78987,1993,2020,6993
78988,78988,1993,2020,2097
78989,78989,1993,1994,255
78990,78990,1993,2019,6381
78991,78991,1993,1995,659
78993,78993,1993,1998,1023
78994,78994,1993,1996,869
78995,78995,1993,1994,348
78996,78996,1993,1997,1122
78997,78997,1993,1994,115
78998,78998,1993,1999,1625
78999,78999,1993,2016,5774
79000,79000,1993,1999,1654
79001,79001,1993,1996,638
79002,79002,1993,1999,1599
79003,79003,1993,1998,1260
79005,79005,1993,2005,3163
79006,79006,1993,2020,6937
79007,79007,1993,2020,6995
79008,79008,1993,2004,2622
79009,79009,1993,2003,2535
79010,79010,1993,2004,2722
79011,79011,1993,1996,925
79013,79013,1993,2020,6327
79014,79014,1993,1996,409
79015,79015,1993,1997,1047
79016,79016,1993,2002,2361
79017,79017,1993,1998,1219
79018,79018,1993,1995,463
79019,79019,1993,2020,5273
79020,79020,1993,2002,1738
79021,79021,1993,2000,1892
79022,79022,1993,2020,6994
79023,79023,1993,2000,1861
79024,79024,1993,1999,1714
79025,79025,1993,2018,6189
79026,79026,1993,2020,6850
79027,79027,1993,2000,1845
79028,79028,1993,1999,1505
79029,79029,1993,2005,2112
79030,79030,1993,1999,1505
79031,79031,1993,2004,2268
79032,79032,1993,1994,435
79033,79033,1993,2020,6855
79034,79034,1993,2014,5405
79035,79035,1993,1998,1428
79036,79036,1993,2020,6997
79037,79037,1993,2020,6999
79038,79038,1993,2012,4813
79039,79039,1993,2020,6952
79040,79040,1993,1995,438
79041,79041,1993,1993,124
79042,79042,1993,1999,1594
79043,79043,1993,1997,1102
79045,79045,1993,1994,377
79046,79046,1993,1994,416
79048,79048,1993,2020,6984
79049,79049,1993,2020,6875
79050,79050,1993,1995,466
79051,79051,1993,2014,5254
79052,79052,1993,2020,6981
79053,79053,1993,2000,1923
79054,79054,1993,1999,1331
79057,79057,1993,2020,6993
79058,79058,1993,1996,950
79059,79059,1993,2003,1794
79061,79061,1993,1996,848
79062,79062,1993,2002,2256
79064,79064,1993,2001,1962
79065,79065,1993,2020,6892
79066,79066,1993,2020,5520
79068,79068,1993,1994,371
79069,79069,1993,2005,3175
79070,79070,1993,1994,269
79072,79072,1993,2020,6696
79073,79073,1993,2002,1663
79074,79074,1993,1997,1023
79075,79075,1993,2001,2054
79076,79076,1993,1995,545
79077,79077,1993,2002,1377
79078,79078,1993,2001,2079
79079,79079,1993,1996,660
79080,79080,1993,2012,3536
79081,79081,1993,1996,834
79082,79082,1993,1996,430
79083,79083,1993,1996,681
79084,79084,1993,1998,1391
79085,79085,1993,2001,1940
79086,79086,1993,1999,1388
79087,79087,1993,2005,1601
79088,79088,1993,2002,2252
79089,79089,1993,2020,6979
79091,79091,1993,1998,779
79092,79092,1993,1997,571
79093,79093,1993,2002,2255
79094,79094,1993,2020,6960
79095,79095,1993,2001,1938
79096,79096,1993,1998,1249
79097,79097,1993,2000,1692
79099,79099,1993,1997,1092
79100,79100,1993,2007,2999
79101,79101,1993,2001,1882
79102,79102,1993,1997,960
79103,79103,1993,2020,6969
79104,79104,1993,1996,747
79105,79105,1993,2000,1891
79107,79107,1993,2000,1813
79108,79108,1993,2020,6976
79109,79109,1993,2001,904
79110,79110,1993,1998,988
79111,79111,1993,1998,1182
79112,79112,1993,1994,300
79113,79113,1993,2004,2203
79114,79114,1993,1996,677
79115,79115,1993,1998,1215
79116,79116,1993,2020,6532
79117,79117,1993,1999,1432
79118,79118,1993,2004,2518
79119,79119,1993,1996,896
79120,79120,1993,1997,793
79121,79121,1993,2009,4088
79122,79122,1993,2020,6675
79123,79123,1993,2003,1169
79124,79124,1993,2003,2549
79129,79129,1993,2020,6760
79130,79130,1993,1999,1520
79131,79131,1993,2019,5467
79132,79132,1993,2007,3541
79133,79133,1993,2020,6967
79134,79134,1993,2009,4079
79136,79136,1993,2003,2677
79137,79137,1993,1999,1509
79138,79138,1993,2016,5885
79139,79139,1993,2020,6982
79140,79140,1993,2006,3220
79141,79141,1993,1994,430
79142,79142,1993,1996,239
79144,79144,1993,2000,1854
79145,79145,1993,2020,6970
79146,79146,1993,2005,2648
79147,79147,1993,2001,2045
79148,79148,1993,2007,3515
79149,79149,1993,2004,2858
79150,79150,1993,2020,6916
79151,79151,1993,1997,1109
79152,79152,1993,2003,2511
79153,79153,1993,2002,2145
79154,79154,1993,1996,752
79155,79155,1993,1995,454
79156,79156,1993,2008,3353
79157,79157,1993,2007,3613
79158,79158,1993,1997,1033
79159,79159,1993,2017,5931
79160,79160,1993,1998,1373
79161,79161,1993,2000,1726
79162,79162,1993,1999,1485
79163,79163,1993,2000,1839
79164,79164,1993,2008,3854
79165,79165,1993,1995,438
79166,79166,1993,2020,6081
79167,79167,1993,2007,3331
79168,79168,1993,2001,1936
79169,79169,1993,1996,580
79171,79171,1993,2003,2455
79172,79172,1993,2002,2359
79173,79173,1993,2002,1751
79174,79174,1993,1995,497
79175,79175,1993,1998,1278
79176,79176,1993,2003,2099
79177,79177,1993,1995,640
79179,79179,1993,1996,913
79180,79180,1993,1994,293
79181,79181,1993,2002,2033
79182,79182,1993,1995,407
79183,79183,1993,2004,2735
79184,79184,1993,2003,2454
79185,79185,1993,1999,1267
79187,79187,1993,1996,662
79188,79188,1993,2002,2142
79189,79189,1993,2006,2890
79190,79190,1993,2003,2619
79191,79191,1993,2001,1880
79192,79192,1993,2007,3641
79193,79193,1993,2003,2429
79195,79195,1993,2018,6337
79196,79196,1993,1999,991
79197,79197,1993,2003,2542
79198,79198,1993,2020,6953
79199,79199,1993,2002,1423
79200,79200,1993,2004,1756
79201,79201,1993,2000,1706
79202,79202,1993,1996,707
79204,79204,1993,2005,2920
79205,79205,1993,2000,1879
79206,79206,1993,1994,347
79207,79207,1993,2001,1979
79208,79208,1993,1997,1013
79209,79209,1993,2007,3249
79210,79210,1993,2020,6958
79211,79211,1993,2000,1683
79212,79212,1993,2010,4282
79213,79213,1993,2020,6847
79214,79214,1993,1997,916
79215,79215,1993,2000,1658
79216,79216,1993,2000,1685
79217,79217,1993,2000,1657
79218,79218,1993,1997,925
79219,79219,1993,1995,546
79220,79220,1993,1997,1072
79221,79221,1993,2012,4559
79222,79222,1993,2020,5815
79224,79224,1993,1995,538
79225,79225,1993,2019,6581
79226,79226,1993,2019,6617
79227,79227,1993,1994,326
79228,79228,1993,2007,3525
79229,79229,1993,2020,6952
79230,79230,1993,2013,5178
79232,79232,1993,2003,2599
79233,79233,1993,2020,6949
79234,79234,1993,2009,3870
79235,79235,1993,2020,6927
79236,79236,1993,2020,6934
79237,79237,1993,2020,6948
79238,79238,1993,2020,6948
79239,79239,1993,1999,1625
79240,79240,1993,2012,3636
79241,79241,1993,2012,3270
79242,79242,1993,2012,3245
79243,79243,1993,2010,2766
79244,79244,1993,2019,6526
79245,79245,1993,1999,1423
79246,79246,1993,1998,1301
79247,79247,1993,2010,4165
79248,79248,1993,2020,6861
79249,79249,1993,2020,6502
79250,79250,1993,1998,1452
79251,79251,1993,2010,3821
79252,79252,1993,2007,3563
79253,79253,1993,2001,1662
79254,79254,1993,2007,3334
79255,79255,1995,2007,2883
79256,79256,1993,1999,1542
79257,79257,1993,2000,1864
79259,79259,1993,2011,4490
79260,79260,1993,2002,2240
79261,79261,1993,2001,1854
79262,79262,1993,2009,3960
79263,79263,1993,2001,1521
79264,79264,1993,2000,1800
79265,79265,1993,2020,6928
79267,79267,1993,2013,2084
79268,79268,1993,1998,1330
79269,79269,1993,1998,1097
79270,79270,1993,1994,334
79271,79271,1993,2001,1863
79272,79272,1993,2001,1981
79273,79273,1993,1994,219
79274,79274,1993,1995,671
79275,79275,1993,1997,1102
79276,79276,1993,1999,1240
79277,79277,1993,1994,132
79278,79278,1993,1996,630
79279,79279,1993,1999,534
79280,79280,1993,2019,3714
79281,79281,1993,1995,547
79283,79283,1993,2006,3189
79284,79284,1993,1999,566
79285,79285,1993,1995,418
79286,79286,1993,1996,347
79287,79287,1993,1996,622
79288,79288,1993,1998,1111
79289,79289,1993,2004,2906
79290,79290,1993,1998,1299
79291,79291,1993,1998,1158
79292,79292,1993,1996,725
79293,79293,1993,2000,462
79294,79294,1993,1999,1646
79295,79295,1993,1994,127
79296,79296,1993,1997,1110
79297,79297,1993,1999,1434
79298,79298,1993,2000,1763
79299,79299,1993,2020,6940
79300,79300,1993,2001,1974
79301,79301,1993,1999,1509
79302,79302,1993,1996,811
79303,79303,1993,2019,6491
79304,79304,1993,1999,1421
79305,79305,1993,2000,1781
79306,79306,1993,1997,757
79307,79307,1993,2020,6604
79308,79308,1993,1999,1558
79309,79309,1993,2003,2623
79310,79310,1993,2000,1694
79312,79312,1993,1996,863
79313,79313,1993,2017,3708
79314,79314,1993,1996,748
79315,79315,1993,2020,6756
79316,79316,1993,2000,1796
79321,79321,1993,1999,845
79322,79322,1993,2020,5751
79323,79323,1993,2020,6945
79324,79324,1993,1995,514
79325,79325,1993,2014,5280
79326,79326,1993,2009,3957
79327,79327,1993,2004,2580
79328,79328,1993,2008,3758
79329,79329,1993,2016,5918
79330,79330,1993,2001,1990
79331,79331,1993,2006,3237
79332,79332,1993,2002,2384
79333,79333,1993,1994,380
79334,79334,1993,2001,1832
79335,79335,1993,2000,1873
79336,79336,1993,2020,6605
79337,79337,1993,2000,1672
79338,79338,1993,2020,7050
79339,79339,1993,2005,2790
79340,79340,1993,2014,5010
79341,79341,1993,2014,5197
79342,79342,1993,1995,354
79343,79343,1993,1995,378
79344,79344,1993,1995,336
79345,79345,1993,1995,338
79347,79347,1993,2006,3356
79348,79348,1993,1995,450
79349,79349,1993,1996,694
79350,79350,1993,1995,387
79351,79351,1993,2008,3894
79352,79352,1993,1999,1263
79353,79353,1993,1995,410
79354,79354,1993,1998,1515
79355,79355,1993,1997,762
79356,79356,1993,2020,6897
79357,79357,1993,2005,3057
79358,79358,1993,2012,4452
79359,79359,1993,2001,1781
79360,79360,1993,2020,6813
79361,79361,1993,2005,2404
79362,79362,1993,2020,6916
79363,79363,1993,2020,6944
79364,79364,1993,2003,2458
79365,79365,1993,2010,2071
79366,79366,1993,2005,3074
79367,79367,1993,1999,1445
79368,79368,1993,2000,556
79369,79369,1993,1994,223
79370,79370,1993,1997,859
79371,79371,1993,1999,1417
79372,79372,1993,1996,272
79373,79373,1993,2000,1592
79374,79374,1993,2000,1735
79375,79375,1993,2008,1755
79376,79376,1993,2002,2214
79377,79377,1993,1997,1097
79378,79378,1993,1998,1244
79379,79379,1993,2000,1880
79380,79380,1993,1995,131
79381,79381,1993,2000,1571
79382,79382,1995,2020,6247
79383,79383,1993,1997,290
79384,79384,1993,1995,435
79385,79385,1993,2001,1960
79386,79386,1993,1994,255
79387,79387,1993,1997,1082
79388,79388,1993,1998,1098
79390,79390,1993,2010,4160
79391,79391,1993,2000,1821
79392,79392,1993,2005,2965
79393,79393,1993,2008,3571
79394,79394,1993,1998,864
79395,79395,1993,1994,269
79396,79396,1993,2000,1675
79398,79398,1993,1996,460
79399,79399,1993,2018,5963
79400,79400,1993,2001,1945
79401,79401,1993,1997,949
79402,79402,1993,1997,1047
79403,79403,1993,1996,827
79404,79404,1993,2002,1463
79405,79405,1993,1998,1317
79406,79406,1993,2002,2158
79407,79407,1993,2007,3428
79408,79408,1993,1998,978
79409,79409,1993,1998,1265
79410,79410,1993,1999,1466
79411,79411,1993,2015,5445
79412,79412,1993,1995,209
79413,79413,1993,1998,1160
79414,79414,1993,2001,1997
79415,79415,1993,1996,842
79416,79416,1993,1998,1237
79417,79417,1993,2011,4397
79418,79418,1993,1998,1160
79419,79419,1993,1997,953
79420,79420,1993,2005,2452
79421,79421,1993,1998,779
79422,79422,1993,1997,950
79423,79423,1993,1999,1146
79424,79424,1993,1997,1120
79425,79425,1993,1999,1065
79426,79426,1993,1993,78
79427,79427,1993,2009,3531
79428,79428,1993,2005,2993
79429,79429,1993,1998,1191
79433,79433,1993,2001,1798
79435,79435,1993,1999,1433
79436,79436,1993,2013,4340
79437,79437,1993,1997,1064
79438,79438,1993,1999,1509
79439,79439,1993,1996,645
79440,79440,1993,1996,700
79441,79441,1993,1996,806
79442,79442,1993,2020,6016
79443,79443,1993,2002,1336
79444,79444,1993,2020,6900
79445,79445,1993,2002,2224
79446,79446,1993,2013,5122
79447,79447,1993,2020,6915
79448,79448,1993,2020,6902
79449,79449,1993,2016,5887
79450,79450,1993,2006,3159
79452,79452,1993,2020,6911
79453,79453,1993,2007,3469
79454,79454,1993,2013,4981
79455,79455,1993,1998,1176
79456,79456,1993,2020,6743
79457,79457,1993,2020,6007
79458,79458,1993,1994,341
79459,79459,1993,1994,284
79460,79460,1993,1994,335
79461,79461,1993,2020,6908
79462,79462,1993,1996,803
79464,79464,1993,2020,6905
79466,79466,1993,1996,816
79467,79467,1993,2010,4343
79468,79468,1993,1997,1072
79469,79469,1993,1997,1037
79470,79470,1993,1996,651
79471,79471,1993,1996,576
79472,79472,1993,2015,5498
79473,79473,1993,1995,468
79474,79474,1993,2020,6628
79475,79475,1993,1995,432
79476,79476,1993,1995,495
79477,79477,1993,2011,4303
79478,79478,1993,2002,2294
79479,79479,1993,1998,848
79480,79480,1993,2003,2273
79481,79481,1993,1996,691
79482,79482,1993,1998,1074
79483,79483,1993,1997,1052
79484,79484,1993,1996,619
79486,79486,1993,2000,1655
79488,79488,1993,1997,871
79489,79489,1993,1999,934
79490,79490,1993,2020,5711
79491,79491,1993,2020,6437
79492,79492,1993,1999,723
79494,79494,1993,1998,1050
79495,79495,1993,1997,642
79496,79496,1993,1997,909
79497,79497,1993,2005,3062
79498,79498,1993,1996,765
79499,79499,1993,2020,6830
79500,79500,1993,2008,3677
79501,79501,1993,1997,970
79502,79502,1993,2010,4314
79503,79503,1993,1999,1506
79504,79504,1993,2003,2435
79505,79505,1993,2006,3243
79507,79507,1993,2020,6529
79508,79508,1995,1997,533
79509,79509,1993,1998,1265
79510,79510,1993,1995,509
79511,79511,1993,2000,1705
79512,79512,1993,2005,1568
79513,79513,1993,1997,965
79515,79515,1993,2001,1151
79516,79516,1993,2016,5798
79517,79517,1993,2008,3706
79518,79518,1993,2008,3755
79519,79519,1993,2012,1807
79520,79520,1993,1995,474
79521,79521,1993,2000,1765
79523,79523,1993,2004,2826
79524,79524,1993,2003,2498
79525,79525,1993,2006,3328
79526,79526,1993,2000,1776
79527,79527,1993,1995,482
79528,79528,1993,2009,4013
79529,79529,1993,2011,3502
79530,79530,1993,1998,1232
79531,79531,1993,2001,1515
79532,79532,1993,2003,2385
79533,79533,1993,1998,1279
79534,79534,1993,1998,1226
79535,79535,1993,2000,1796
79536,79536,1993,2008,3450
79538,79538,1993,1998,700
79539,79539,1993,1996,311
79540,79540,1993,2000,1624
79541,79541,1993,1997,899
79542,79542,1993,2007,3451
79543,79543,1993,1994,253
79544,79544,1993,1997,711
79545,79545,1993,2020,6895
79546,79546,1993,2003,2591
79547,79547,1993,2020,6896
79548,79548,1993,2003,2389
79550,79550,1993,1996,780
79551,79551,1993,1999,1409
79552,79552,1993,1995,343
79553,79553,1993,1995,434
79554,79554,1993,1994,306
79555,79555,1993,2000,1560
79556,79556,1993,1997,879
79558,79558,1993,2020,6891
79559,79559,1993,2006,3179
79560,79560,1993,2008,3847
79561,79561,1993,2020,6884
79562,79562,1993,2000,1716
79563,79563,1993,2001,1832
79564,79564,1993,2019,6429
79566,79566,1993,1995,336
79567,79567,1993,1998,1121
79568,79568,1993,2009,3918
79569,79569,1993,1995,409
79570,79570,1993,1995,257
79571,79571,1993,2020,5795
79572,79572,1993,1996,593
79573,79573,1993,2020,5080
79574,79574,1993,1998,1196
79575,79575,1993,1995,420
79576,79576,1993,1996,588
79577,79577,1993,2005,3085
79578,79578,1993,1999,1421
79579,79579,1993,1994,264
79580,79580,1993,2012,3685
79582,79582,1993,1999,1178
79583,79583,1993,1998,1283
79584,79584,1993,2012,3348
79585,79585,1993,2003,1549
79586,79586,1993,2020,6745
79587,79587,1993,1999,1478
79588,79588,1993,2016,5574
79589,79589,1993,1997,975
79590,79590,1993,1995,391
79591,79591,1993,2005,2806
79592,79592,1993,2000,1811
79593,79593,1993,1998,1135
79594,79594,1993,1996,756
79595,79595,1993,2003,2327
79596,79596,1993,1995,367
79597,79597,1993,1997,997
79598,79598,1993,1998,1244
79599,79599,1993,1997,845
79601,79601,1993,2003,2113
79603,79603,1993,1996,699
79604,79604,1993,1996,756
79605,79605,1993,1999,1466
79606,79606,1993,2000,1606
79607,79607,1993,2009,3788
79608,79608,1993,1998,272
79609,79609,1993,1996,186
79610,79610,1993,2004,1406
79611,79611,1993,2020,6749
79612,79612,1993,2008,3709
79614,79614,1993,1995,332
79615,79615,1993,2001,1682
79616,79616,1993,2000,1712
79617,79617,1993,2008,3608
79618,79618,1993,2020,6659
79619,79619,1993,1996,782
79620,79620,1993,1997,777
79621,79621,1993,1998,1151
79622,79622,1993,1999,1346
79623,79623,1993,1998,1164
79624,79624,1993,1998,1289
79625,79625,1993,1996,699
79626,79626,1993,1996,480
79627,79627,1993,2001,517
79628,79628,1993,2017,5953
79629,79629,1993,1999,1442
79630,79630,1993,1999,593
79631,79631,1997,2002,1132
79633,79633,1993,1997,639
79634,79634,1993,2007,3372
79635,79635,1993,1999,1507
79636,79636,1993,2020,6530
79637,79637,1993,2020,7051
79639,79639,1993,1998,976
79640,79640,1993,2001,1833
79641,79641,1993,2010,4300
79642,79642,1993,2003,2497
79643,79643,1993,2014,5279
79644,79644,1993,2020,6874
79646,79646,1993,2020,6868
79647,79647,1993,1994,240
79648,79648,1993,1999,1290
79649,79649,1993,1997,410
79650,79650,1993,2001,1476
79651,79651,1993,1994,250
79652,79652,1993,1996,343
79654,79654,1993,2013,5039
79655,79655,1993,2001,1918
79656,79656,1993,1998,1302
79657,79657,1993,1998,1280
79658,79658,1993,1998,1322
79659,79659,1993,2003,2488
79660,79660,1993,2017,5984
79661,79661,1993,1995,309
79662,79662,1993,2003,2422
79663,79663,1993,2020,6826
79664,79664,1993,1997,1016
79665,79665,1993,2020,6867
79666,79666,1993,2020,6050
79667,79667,1993,2019,6509
79668,79668,1993,2020,6862
79669,79669,1993,1995,561
79670,79670,1993,2005,2913
79671,79671,1993,2016,5671
79672,79672,1993,2014,5186
79673,79673,1993,1996,821
79674,79674,1993,2002,2130
79675,79675,1993,2003,2504
79676,79676,1993,2009,3876
79677,79677,1993,2002,1932
79678,79678,1993,2020,6786
79679,79679,1993,1998,827
79680,79680,1993,1996,670
79681,79681,1993,1995,356
79682,79682,1993,2007,2874
79683,79683,1993,2008,3735
79684,79684,1993,2002,2113
79685,79685,1993,2000,1563
79686,79686,1993,2020,6813
79687,79687,1993,1996,609
79689,79689,1993,2020,5206
79690,79690,1993,1996,741
79691,79691,1993,2004,2195
79692,79692,1993,1998,308
79693,79693,1993,2003,833
79694,79694,1993,1997,648
79695,79695,1993,2004,2647
79697,79697,1993,1997,1022
79698,79698,1993,2020,6859
79699,79699,1993,1996,586
79700,79700,1993,1999,1435
79701,79701,1995,1998,758
79702,79702,1997,2020,5837
79703,79703,1993,2009,3819
79704,79704,1993,2009,2701
79705,79705,1993,1995,434
79706,79706,1993,2000,1737
79707,79707,1993,2000,1769
79708,79708,1993,1998,1143
79709,79709,1993,1998,1350
79710,79710,1993,2003,2388
79711,79711,1993,1998,877
79712,79712,1993,2013,4837
79713,79713,1993,2000,1691
79714,79714,1993,2000,1414
79715,79715,1993,2002,1931
79716,79716,1993,2002,1998
79718,79718,1993,2006,3063
79719,79719,1993,1996,537
79720,79720,1993,1996,674
79721,79721,1993,2009,3689
79722,79722,1993,1997,807
79723,79723,1993,2002,1772
79724,79724,1993,2015,5544
79725,79725,1993,2006,2763
79726,79726,1993,2005,2584
79727,79727,1993,1997,842
79728,79728,1993,2004,2129
79729,79729,1993,1998,1193
79730,79730,1993,2016,5634
79731,79731,1993,2020,5930
79732,79732,1993,2007,2483
79733,79733,1993,1996,903
79734,79734,1993,2020,5931
79735,79735,1993,1995,410
79736,79736,1993,1996,306
79738,79738,1993,1999,1144
79739,79739,1993,1997,847
79740,79740,1993,2009,4060
79742,79742,1993,2005,2851
79743,79743,1993,1998,978
79744,79744,1993,1997,820
79745,79745,1993,2003,2399
79746,79746,1993,2000,1162
79747,79747,1993,2020,6107
79750,79750,1993,1998,1285
79751,79751,1993,2000,1769
79752,79752,1993,1996,615
79753,79753,1993,2000,1789
79754,79754,1993,2000,1584
79755,79755,1993,2000,1719
79756,79756,1993,2020,6831
79757,79757,1993,1997,870
79758,79758,1993,2020,6851
79760,79760,1993,1998,1420
79761,79761,1993,1995,440
79762,79762,1993,1997,953
79763,79763,1993,1998,1129
79764,79764,1993,1998,1163
79765,79765,1993,2009,4010
79766,79766,1993,1999,1376
79767,79767,1993,2020,6847
79769,79769,1993,2016,5752
79770,79770,1993,2020,6846
79771,79771,1993,1996,627
79772,79772,1993,1996,541
79773,79773,1993,1997,458
79774,79774,1993,2006,2534
79775,79775,1993,1995,209
79776,79776,1993,2020,6960
79777,79777,1993,2020,6801
79778,79778,1993,2004,2760
79779,79779,1993,1995,487
79780,79780,1993,2002,2089
79781,79781,1993,1997,862
79782,79782,1993,2020,6833
79783,79783,1993,1999,1353
79784,79784,1993,1998,1238
79785,79785,1993,2020,6819
79786,79786,1993,2003,1497
79787,79787,1993,1998,1252
79788,79788,1993,2010,4110
79789,79789,1993,1998,899
79790,79790,1993,2019,6423
79791,79791,1993,2020,6631
79793,79793,1993,1997,832
79794,79794,1993,2001,1976
79795,79795,1993,2013,4944
79796,79796,1993,2017,6007
79797,79797,1993,2015,4386
79798,79798,1993,2001,1807
79799,79799,1993,2014,5117
79800,79800,1993,1998,1068
79801,79801,1993,2005,2871
79802,79802,1993,2014,5006
79803,79803,1993,1995,388
79804,79804,1993,1998,1283
79806,79806,1993,1995,317
79807,79807,1993,2001,1848
79808,79808,1993,2004,2672
79809,79809,1993,1996,555
79810,79810,1993,1996,285
79811,79811,1993,1998,1071
79812,79812,1993,1997,868
79814,79814,1993,1997,302
79815,79815,1993,2001,1974
79816,79816,1993,1998,1237
79817,79817,1993,1998,1132
79818,79818,1993,1999,1531
79819,79819,1993,2006,2971
79820,79820,1993,2002,2211
79822,79822,1993,1998,1156
79823,79823,1993,2001,1865
79824,79824,1993,2020,6515
79825,79825,1993,1995,475
79826,79826,1993,1996,434
79827,79827,1993,2002,2028
79828,79828,1993,2010,4090
79829,79829,1993,1998,1204
79830,79830,1993,1998,1046
79831,79831,1993,2000,1625
79832,79832,1993,1995,335
79833,79833,1993,1997,924
79834,79834,1993,1995,483
79835,79835,1993,1996,482
79836,79836,1993,2004,2645
79837,79837,1993,1997,798
79838,79838,1993,1998,1049
79839,79839,1993,2020,6834
79840,79840,1993,1998,1236
79841,79841,1993,2020,6792
79842,79842,1993,1996,641
79843,79843,1993,1995,276
79844,79844,1993,2001,728
79845,79845,1993,2005,2459
79846,79846,1993,2010,3987
79847,79847,1993,2011,4339
79848,79848,1993,1999,1633
79850,79850,1993,2009,3842
79851,79851,1993,2020,6132
79852,79852,1993,1998,1181
79853,79853,1993,2015,4734
79854,79854,1993,1995,392
79855,79855,1993,1998,1037
79856,79856,1993,1994,316
79857,79857,1993,2020,6780
79858,79858,1993,1998,766
79859,79859,1993,2020,6816
79860,79860,1993,2007,3372
79861,79861,1993,2000,1454
79862,79862,1993,2020,6822
79863,79863,1993,2000,1564
79864,79864,1993,2020,5644
79865,79865,1993,1999,1469
79866,79866,1993,2020,6776
79867,79867,1993,2003,825
79868,79868,1993,2000,1569
79869,79869,1993,1995,451
79870,79870,1993,1995,370
79871,79871,1993,1995,374
79873,79873,1993,2004,2276
79874,79874,1993,1995,344
79875,79875,1993,2000,1561
79876,79876,1993,1996,768
79877,79877,1993,2001,1981
79878,79878,1993,2020,6831
79879,79879,1993,2020,6801
79880,79880,1993,1996,719
79881,79881,1993,2020,6822
79882,79882,1993,2000,1675
79883,79883,1993,1995,275
79884,79884,1993,2017,5988
79885,79885,1993,2020,4169
79886,79886,1993,1997,1040
79887,79887,1993,1997,852
79888,79888,1993,1998,1187
79890,79890,1993,2004,2520
79891,79891,1993,2018,6091
79893,79893,1993,2015,5471
79894,79894,1993,1998,1150
79895,79895,1993,2020,6823
79896,79896,1993,2000,1662
79897,79897,1993,2003,2496
79898,79898,1993,2012,4550
79899,79899,1993,1998,1385
79900,79900,1993,1997,819
79902,79902,1993,2001,1878
79903,79903,1993,2020,6682
79904,79904,1993,1999,1460
79905,79905,1993,1998,1164
79906,79906,1993,2020,6836
79907,79907,1993,2017,5918
79908,79908,1993,2001,1979
79909,79909,1993,2020,6802
79910,79910,1993,2005,2800
79912,79912,1993,2012,4723
79913,79913,1993,1995,359
79914,79914,1993,2020,6543
79915,79915,1993,2019,6347
79916,79916,1993,2000,1641
79917,79917,1993,2001,1867
79918,79918,1993,2020,6829
79919,79919,1993,2001,1924
79921,79921,1993,2000,1779
79922,79922,1993,2012,4710
79923,79923,1993,2013,4828
79924,79924,1994,1994,208
79925,79925,1993,1995,315
79926,79926,1993,2012,4687
79927,79927,1993,2006,3055
79928,79928,1993,1993,1
79929,79929,1993,1999,1295
79930,79930,1993,1999,772
79931,79931,1993,2000,1442
79932,79932,1993,2001,1962
79933,79933,1993,2001,1802
79934,79934,1993,1999,1476
79935,79935,1993,2006,3212
79937,79937,1993,1994,3
79938,79938,1993,1995,376
79939,79939,1993,1996,599
79940,79940,1993,1999,1461
79941,79941,1993,1998,1229
79942,79942,1993,1998,1190
79943,79943,1993,2004,2639
79944,79944,1993,2005,1968
79945,79945,1993,1998,1066
79946,79946,1993,1998,782
79947,79947,1993,1997,727
79948,79948,1993,1998,988
79949,79949,1993,1998,1016
79950,79950,1993,2005,2897
79951,79951,1993,1999,1364
79954,79954,1993,2000,1442
79955,79955,1994,1994,232
79956,79956,1993,2008,3631
79957,79957,1993,1995,463
79958,79958,1993,2001,1991
79959,79959,1993,1995,266
79960,79960,1993,2003,2397
79961,79961,1993,1996,465
79962,79962,1993,2002,2039
79963,79963,1993,2000,779
79964,79964,1993,2003,2008
79965,79965,1993,2012,2605
79966,79966,1993,1996,408
79967,79967,1993,1996,609
79968,79968,1993,1995,330
79969,79969,1994,2008,2579
79970,79970,1993,1996,676
79971,79971,1993,2005,2969
79972,79972,1994,1996,652
79973,79973,1993,2007,3487
79974,79974,1993,1999,1311
79975,79975,1993,1999,1177
79976,79976,2001,2007,1360
79977,79977,1993,2012,4697
79978,79978,1993,1996,594
79980,79980,1993,1997,883
79981,79981,1993,2000,1493
79982,79982,1993,1997,908
79983,79983,1993,1995,385
79984,79984,1993,1995,287
79985,79985,1993,1996,414
79986,79986,1993,1998,255
79988,79988,1993,2000,1103
79989,79989,1993,1994,120
79990,79990,1993,1999,1298
79991,79991,1993,2005,3015
79992,79992,1994,1995,287
79993,79993,1993,2000,1258
79994,79994,1993,2009,3365
79996,79996,1994,2020,4882
79997,79997,1993,1999,1186
79998,79998,1993,1998,1148
79999,79999,1993,1999,1227
80000,80000,1993,2010,3928
80001,80001,1993,2016,5512
80002,80002,1993,2004,1270
80003,80003,1993,1998,1014
80004,80004,1993,2012,4552
80006,80006,1993,2001,1990
80007,80007,1993,2017,5728
80008,80008,1993,2020,6809
80009,80009,1993,1997,830
80010,80010,1993,2004,2075
80011,80011,1993,1996,774
80012,80012,1993,2015,5521
80013,80013,1993,1999,1451
80014,80014,1993,2020,6740
80015,80015,1993,1995,343
80017,80017,1993,1997,897
80018,80018,1993,1994,215
80019,80019,1993,2018,6210
80020,80020,1993,2002,2077
80021,80021,1993,1994,356
80022,80022,1993,1995,392
80023,80023,1993,2009,4028
80024,80024,1994,2002,887
80025,80025,1993,2004,2505
80026,80026,1993,1999,1372
80027,80027,1993,1998,1140
80028,80028,1993,2002,2152
80029,80029,1993,2004,2449
80030,80030,1993,2003,2358
80031,80031,1993,2004,1826
80032,80032,1993,2013,4826
80033,80033,1994,1996,179
80034,80034,1993,2020,6803
80035,80035,1993,1995,80
80036,80036,1993,2002,2027
80037,80037,1993,2007,3442
80038,80038,1993,1998,678
80039,80039,1993,2000,1634
80041,80041,1993,1995,321
80042,80042,1993,1999,1301
80043,80043,1993,1999,1329
80044,80044,1994,2002,1814
80045,80045,1994,1998,403
80046,80046,1993,2003,2333
80047,80047,1994,1998,1134
80049,80049,1993,2014,5296
80050,80050,1993,2020,6129
80051,80051,1993,1995,271
80052,80052,1993,1995,392
80053,80053,1993,1995,434
80054,80054,1993,2020,5787
80055,80055,1993,2005,2885
80057,80057,1993,1999,1391
80058,80058,1993,1998,1010
80059,80059,1993,1995,276
80060,80060,1993,1995,281
80061,80061,1993,1995,435
80062,80062,1993,2002,1691
80063,80063,1993,2002,1944
80064,80064,1993,1999,1034
80065,80065,1993,1999,1235
80068,80068,1993,1998,656
80069,80069,1993,2020,4164
80070,80070,1993,2020,6366
80071,80071,1993,2000,1126
80072,80072,1993,2020,7044
80073,80073,1993,2006,3214
80074,80074,1993,1998,1190
80075,80075,1993,2006,3075
80076,80076,1993,2002,2203
80077,80077,1993,1997,970
80078,80078,1993,2003,2358
80079,80079,1994,2015,5507
80080,80080,1994,2020,6797
80081,80081,1993,2018,6120
80082,80082,1993,2004,2704
80083,80083,1993,1996,573
80084,80084,1993,2001,1939
80085,80085,1993,1998,1109
80086,80086,1993,1998,1160
80087,80087,1993,2012,4010
80088,80088,1993,1999,1318
80089,80089,1993,2020,6810
80090,80090,1993,2003,2285
80091,80091,1993,1995,367
80092,80092,1993,1999,1390
80093,80093,1993,1998,1264
80094,80094,1993,1999,1402
80095,80095,1993,2001,1878
80096,80096,1993,2016,5787
80097,80097,1993,1998,1066
80098,80098,1993,2006,2814
80099,80099,1993,1993,61
80100,80100,1993,2020,6796
80102,80102,1993,2020,6813
80103,80103,1993,2000,1444
80104,80104,1993,2001,1685
80105,80105,1993,2000,1604
80106,80106,1993,1999,1069
80107,80107,1993,1995,457
80108,80108,1993,1998,1096
80109,80109,1993,1995,390
80110,80110,1994,1998,500
80111,80111,1994,1998,995
80112,80112,1994,2017,5630
80113,80113,1994,2018,6052
80114,80114,1994,2020,6726
80115,80115,1994,2003,2246
80116,80116,1994,1996,661
80117,80117,1994,1997,907
80118,80118,1994,1995,303
80119,80119,1994,2000,1433
80121,80121,1994,2007,3125
80122,80122,1994,2005,2479
80123,80123,1994,1996,653
80124,80124,1994,1998,443
80125,80125,1994,1997,243
80126,80126,1994,2002,1965
80127,80127,1994,2004,2686
80128,80128,1993,2020,7044
80129,80129,1994,2001,1508
80130,80130,1994,2006,3154
80131,80131,1994,2000,1602
80132,80132,1994,1999,1169
80133,80133,1994,1995,175
80134,80134,1994,1998,1005
80135,80135,1994,2011,4426
80137,80137,1994,1998,829
80138,80138,1994,2001,842
80139,80139,1994,1999,895
80140,80140,1994,2001,1733
80141,80141,1994,1997,672
80142,80142,1994,2003,2404
80143,80143,1994,1997,590
80145,80145,1994,2000,1567
80146,80146,1994,1999,1352
80147,80147,1994,1999,1128
80148,80148,1994,1994,201
80149,80149,1994,1999,1002
80150,80150,1994,1997,945
80151,80151,1994,2004,1293
80153,80153,1994,2001,1989
80154,80154,1994,1999,827
80155,80155,1994,2000,1570
80156,80156,1994,2000,1290
80157,80157,1994,1996,643
80158,80158,1994,1997,150
80159,80159,1994,2014,4007
80160,80160,1994,1998,1033
80161,80161,1994,1998,964
80162,80162,1994,1995,44
80163,80163,1994,2001,1677
80164,80164,1994,1999,1333
80165,80165,1994,2013,4877
80166,80166,1994,2001,1750
80167,80167,1994,2020,6781
80168,80168,1994,2020,3742
80169,80169,1994,2020,6208
80170,80170,1994,2004,2485
80171,80171,1994,2004,2430
80172,80172,1994,1998,1129
80173,80173,1994,2005,2336
80174,80174,1994,1996,434
80175,80175,1994,1996,534
80176,80176,1994,2000,1498
80177,80177,1994,1997,959
80178,80178,1994,2005,2945
80179,80179,1993,2020,6412
80180,80180,1994,2015,5283
80181,80181,1994,2001,1658
80182,80182,1994,2002,2135
80183,80183,1994,2020,6778
80184,80184,1994,1999,1468
80185,80185,1994,2020,6779
80186,80186,1994,2007,3441
80188,80188,1994,1996,589
80189,80189,1994,1997,861
80190,80190,1994,2006,3006
80191,80191,1994,2020,6750
80192,80192,1994,1998,993
80193,80193,1994,2020,6746
80196,80196,1994,2011,4443
80197,80197,1994,2003,2205
80198,80198,1994,1995,414
80199,80199,1994,1999,1238
80200,80200,1994,2020,6766
80201,80201,1994,1998,1188
80202,80202,1994,1998,1205
80203,80203,1994,1998,1125
80204,80204,1994,2020,6753
80205,80205,1994,2002,2044
80206,80206,1994,2020,6763
80207,80207,1994,2004,2497
80209,80209,1994,2001,1898
80210,80210,1994,2020,6757
80211,80211,1994,2004,2645
80212,80212,1994,2005,2781
80213,80213,1994,2000,1529
80214,80214,1994,1998,1019
80215,80215,1994,1996,632
80217,80217,1994,2000,1691
80220,80220,1994,2000,1638
80221,80221,1994,1997,825
80222,80222,1994,1996,516
80223,80223,1994,2020,6404
80225,80225,1994,1998,1067
80226,80226,1994,1998,972
80227,80227,1994,1996,182
80228,80228,1994,1997,803
80229,80229,1994,1995,250
80230,80230,1995,1998,816
80231,80231,1994,1998,1167
80233,80233,1994,2020,6692
80234,80234,1994,1995,435
80235,80235,1994,1999,1461
80236,80236,1994,2020,6752
80237,80237,1994,2019,6485
80238,80238,1994,1998,1189
80239,80239,1994,2008,3403
80240,80240,1994,1998,1069
80241,80241,1994,2007,3442
80242,80242,1994,2005,2904
80243,80243,1994,2003,1571
80244,80244,1994,1999,1257
80245,80245,1994,2009,3819
80246,80246,1994,1998,982
80247,80247,1994,1994,60
80248,80248,1994,2001,1779
80249,80249,1994,2004,2503
80250,80250,1994,1995,434
80251,80251,1994,1995,246
80252,80252,1994,2007,3318
80253,80253,1994,1998,1202
80254,80254,1994,2020,6634
80255,80255,1994,2000,1485
80256,80256,1994,2004,2407
80257,80257,1994,2009,3834
80258,80258,1994,2009,3273
80260,80260,1994,1998,1066
80261,80261,1994,1995,290
80262,80262,1994,1999,1342
80263,80263,1994,1997,634
80264,80264,1994,2000,1057
80265,80265,1994,2001,1685
80266,80266,1994,2016,5652
80268,80268,1994,2001,1815
80269,80269,1994,1995,255
80270,80270,1994,1996,646
80271,80271,1994,1997,782
80272,80272,1994,1997,775
80273,80273,1994,1998,1117
80274,80274,1994,2020,6541
80276,80276,1994,2020,6091
80278,80278,1994,1998,558
80279,80279,1994,2011,4260
80280,80280,1994,2001,1229
80281,80281,1994,1999,1295
80282,80282,1994,1997,798
80284,80284,1994,2000,1413
80285,80285,1994,1999,1229
80286,80286,1994,2020,6719
80287,80287,1994,1995,304
80288,80288,1994,2002,971
80289,80289,1994,1995,380
80290,80290,1994,2005,2366
80292,80292,1994,1998,1008
80293,80293,1994,1999,1289
80294,80294,1994,2020,5578
80295,80295,1994,2000,553
80296,80296,1994,1997,672
80297,80297,1994,2020,6580
80298,80298,1994,1995,301
80299,80299,1994,1997,567
80300,80300,1994,1995,364
80301,80301,1994,1998,1052
80302,80302,1994,1999,1415
80303,80303,1994,2020,6529
80304,80304,1993,1993,185
80305,80305,1994,1998,1010
80306,80306,1994,2020,6731
80307,80307,1994,2020,6694
80308,80308,1994,1995,134
80309,80309,1994,2008,3338
80310,80310,1994,2010,3747
80311,80311,1994,1996,664
80313,80313,1994,2002,1978
80314,80314,1994,1998,1160
80315,80315,1994,1996,457
80316,80316,1994,2017,5781
80317,80317,1994,2000,1544
80318,80318,1994,1997,385
80319,80319,1994,1996,549
80320,80320,1994,2020,6733
80321,80321,1994,1998,975
80322,80322,1994,1998,1119
80323,80323,1994,1998,1010
80324,80324,1994,2000,1650
80325,80325,1994,2007,3392
80326,80326,1994,2003,1427
80327,80327,1994,1999,1411
80328,80328,1994,1997,428
80329,80329,1994,2020,6740
80330,80330,1994,1996,158
80331,80331,1994,1998,1007
80332,80332,1994,2001,1711
80333,80333,1994,1999,1152
80334,80334,1994,2002,2067
80335,80335,1994,1996,389
80336,80336,1994,2020,4685
80337,80337,1994,1996,542
80338,80338,1994,2008,2293
80340,80340,1994,1997,548
80341,80341,1994,2020,4577
80342,80342,1994,1995,328
80343,80343,1994,2020,6723
80344,80344,1994,2001,1768
80345,80345,1994,2005,2894
80346,80346,1994,1997,715
80347,80347,1993,1999,1658
80348,80348,1994,2006,2833
80349,80349,1994,1996,567
80350,80350,1994,1998,1046
80351,80351,1994,2000,1452
80352,80352,1994,2000,1644
80353,80353,1994,2011,2780
80354,80354,1994,1998,884
80356,80356,1994,2001,1785
80357,80357,1994,2019,5901
80358,80358,1994,2003,1963
80359,80359,1994,2005,2729
80360,80360,1994,2003,2341
80361,80361,1994,2015,5364
80362,80362,1994,2020,6698
80364,80364,1994,2006,3123
80365,80365,1994,1999,1237
80366,80366,1994,1997,814
80367,80367,1994,1999,1225
80368,80368,1994,2019,5544
80369,80369,1994,2006,3015
80370,80370,1994,2001,1745
80371,80371,1994,1999,1234
80372,80372,1994,2000,1698
80373,80373,1994,1996,267
80374,80374,1994,1998,906
80375,80375,1994,2020,6714
80376,80376,1994,2001,1645
80377,80377,1994,1995,197
80378,80378,1994,2007,2828
80379,80379,1994,1995,43
80380,80380,1994,1996,377
80381,80381,1994,2020,6748
80382,80382,1994,2002,1702
80383,80383,1994,1998,950
80384,80384,1994,2009,3889
80385,80385,1994,1996,549
80386,80386,1994,1995,388
80387,80387,1994,2002,2147
80388,80388,1994,1999,1330
80389,80389,1994,1999,1321
80391,80391,1994,2000,1541
80392,80392,1994,2002,2162
80393,80393,1994,2009,3773
80394,80394,1994,1998,1034
80395,80395,1994,2003,2259
80396,80396,1994,1998,752
80397,80397,1994,2004,2548
80399,80399,1994,2020,6750
80400,80400,1994,1999,1298
80401,80401,1994,2020,6738
80402,80402,1994,1997,716
80404,80404,1994,2003,2257
80405,80405,1994,1997,915
80406,80406,1994,2011,4319
80407,80407,1994,1999,1255
80408,80408,1994,2002,2034
80409,80409,1994,2010,3944
80410,80410,1994,1998,1109
80412,80412,1994,2020,6722
80413,80413,1994,2003,2277
80414,80414,1994,1997,719
80415,80415,1994,2020,6721
80416,80416,1994,2004,2633
80417,80417,1994,2007,3339
80418,80418,1994,1996,585
80420,80420,1994,2003,2045
80421,80421,1994,2018,6152
80422,80422,1994,2009,3833
80423,80423,1994,2000,1551
80424,80424,1994,2007,3262
80425,80425,1994,1998,1121
80426,80426,1994,1996,492
80428,80428,1994,1998,945
80429,80429,1994,2006,3013
80430,80430,1994,2002,2109
80431,80431,1994,1999,1245
80432,80432,1994,2020,6723
80433,80433,1994,2000,1673
80434,80434,1994,2012,4346
80436,80436,1994,1996,437
80437,80437,1994,1996,456
80438,80438,1994,2002,1213
80439,80439,1994,2012,4663
80440,80440,1994,1997,684
80441,80441,1994,2000,1520
80442,80442,1994,1999,1323
80443,80443,1994,2004,2403
80444,80444,1994,2001,1251
80445,80445,1994,1995,297
80446,80446,1994,2013,4844
80447,80447,1994,1997,868
80448,80448,1994,1998,1114
80449,80449,1994,1994,82
80450,80450,1994,1997,890
80452,80452,1994,2015,3885
80453,80453,1994,2006,3042
80454,80454,1994,2001,1763
80455,80455,1994,1998,1166
80456,80456,1994,1996,515
80457,80457,1994,1998,1126
80458,80458,1994,1995,207
80459,80459,1994,2003,1317
80460,80460,1994,2007,3187
80461,80461,1994,1999,1406
80462,80462,1994,1997,722
80463,80463,1994,2007,3307
80464,80464,1994,1997,855
80465,80465,1994,2003,2134
80466,80466,1994,2000,1369
80467,80467,1994,2007,2175
80468,80468,1994,1996,666
80469,80469,1994,2006,3126
80470,80470,1994,2003,2370
80471,80471,1994,1999,1301
80472,80472,1994,1996,608
80473,80473,1994,1998,1066
80474,80474,1994,1998,991
80475,80475,1994,1995,336
80476,80476,1994,2001,1150
80477,80477,1994,2001,1681
80478,80478,1994,2020,5211
80479,80479,1994,2009,3246
80480,80480,1994,1999,1144
80481,80481,1994,1999,1403
80482,80482,1994,2009,3287
80483,80483,1994,1998,1083
80484,80484,1994,2000,1541
80485,80485,1994,2020,6599
80487,80487,1994,1998,1096
80488,80488,1994,1998,1074
80489,80489,1994,1997,693
80490,80490,1994,2001,907
80491,80491,1994,2003,1616
80493,80493,1994,1998,972
80495,80495,1994,2006,3131
80496,80496,1994,2000,1484
80497,80497,1994,2000,1439
80498,80498,1994,2020,6505
80499,80499,1994,1999,1290
80500,80500,1994,1995,296
80501,80501,1994,1995,183
80502,80502,1994,1996,219
80503,80503,1994,2001,1796
80504,80504,1994,2008,3527
80505,80505,1994,2000,1572
80506,80506,1994,1999,1290
80508,80508,1994,1996,576
80509,80509,1994,1996,277
80510,80510,1994,1996,626
80512,80512,1994,2004,1793
80513,80513,1994,1998,1101
80514,80514,1994,1995,238
80515,80515,1993,2003,2551
80516,80516,1994,2001,1292
80517,80517,1994,2018,3297
80518,80518,1994,1995,258
80519,80519,1994,1998,945
80520,80520,1994,2020,6410
80522,80522,1994,1998,1002
80524,80524,1994,2017,3000
80525,80525,1994,1996,497
80526,80526,1994,1999,1272
80527,80527,1994,2001,1742
80528,80528,1994,2008,3502
80529,80529,1994,1998,411
80530,80530,1994,1997,814
80531,80531,1993,1999,1546
80532,80532,1994,2004,2302
80534,80534,1994,2020,6491
80535,80535,1994,1996,620
80536,80536,1994,1998,1033
80537,80537,1994,2008,3562
80538,80538,1994,2002,1982
80539,80539,1994,2020,6638
80540,80540,1994,2002,776
80541,80541,1994,1999,1186
80542,80542,1994,1998,1095
80543,80543,1994,2011,3943
80544,80544,1994,2014,5042
80545,80545,1994,2003,1729
80546,80546,1994,2003,1437
80547,80547,1994,1997,158
80548,80548,1994,1995,317
80549,80549,1994,2004,2427
80551,80551,1994,1995,353
80552,80552,1994,2001,1827
80553,80553,1994,2010,3957
80554,80554,1994,1999,1325
80555,80555,1994,2000,1096
80556,80556,1994,1999,1189
80557,80557,1994,2013,4776
80558,80558,1994,1998,801
80559,80559,1994,2009,3782
80560,80560,1994,2015,5072
80561,80561,1994,1995,255
80562,80562,1994,2004,2439
80563,80563,1994,2020,6688
80564,80564,1994,1998,1158
80565,80565,1994,2000,1469
80566,80566,1993,1997,1019
80567,80567,1994,1996,513
80568,80568,1994,2013,4728
80569,80569,1994,2016,4704
80570,80570,1994,2001,1745
80571,80571,1994,2006,3087
80572,80572,1994,1999,1303
80573,80573,1994,2006,2967
80575,80575,1994,2020,6618
80576,80576,1994,1998,780
80577,80577,1994,2020,5208
80578,80578,1994,1998,800
80579,80579,1994,2007,3213
80580,80580,1994,2001,1333
80581,80581,1994,2002,1950
80583,80583,1994,2001,1411
80584,80584,1994,2007,3295
80585,80585,1994,2011,2391
80587,80587,1994,2019,4503
80588,80588,1994,1996,406
80589,80589,1994,1997,752
80590,80590,1994,1997,599
80591,80591,1994,1997,906
80592,80592,1994,2015,5383
80593,80593,1994,2000,1626
80594,80594,1994,1996,488
80596,80596,1994,2000,1538
80597,80597,1994,2005,2578
80598,80598,1994,1999,1316
80599,80599,1994,2008,3602
80600,80600,1994,2001,1595
80601,80601,1994,2010,3936
80602,80602,1994,1995,155
80604,80604,1994,1998,1006
80605,80605,1994,1996,454
80606,80606,1994,1996,620
80607,80607,1994,1995,47
80608,80608,1994,1995,291
80609,80609,1994,2002,1866
80610,80610,1994,1998,1123
80612,80612,1994,2001,1687
80613,80613,1994,1998,1016
80614,80614,1994,2003,1297
80615,80615,1994,1998,1013
80616,80616,1994,1997,790
80617,80617,1994,1997,679
80618,80618,1994,1997,856
80619,80619,1994,1999,651
80620,80620,1994,1998,529
80621,80621,1994,2014,4945
80622,80622,1994,1997,653
80623,80623,1994,1996,208
80624,80624,1994,2001,1663
80625,80625,1994,2016,4624
80626,80626,1994,1996,256
80627,80627,1994,1998,392
80628,80628,1994,2003,1991
80629,80629,1994,2005,2840
80631,80631,1994,2002,2103
80632,80632,1994,1997,749
80633,80633,1994,2020,5966
80634,80634,1994,2008,3459
80635,80635,1994,2020,6683
80636,80636,1994,2000,1572
80637,80637,1994,2002,1375
80638,80638,2000,2013,3118
80639,80639,1994,1999,1392
80640,80640,1994,2020,5706
80641,80641,1994,1999,729
80642,80642,1994,1998,784
80643,80643,1994,2009,3657
80644,80644,1994,2003,952
80645,80645,1994,1996,512
80647,80647,1994,1996,428
80648,80648,1994,2004,2134
80649,80649,1994,1996,482
80650,80650,1994,1998,941
80651,80651,1994,1999,1263
80652,80652,1994,2001,1803
80653,80653,1994,1998,1065
80654,80654,1993,2001,2040
80655,80655,1994,2019,4772
80656,80656,1994,2007,1750
80657,80657,1994,1995,346
80658,80658,1994,2007,2962
80659,80659,1994,2003,2197
80660,80660,1994,1998,1000
80661,80661,1994,1997,387
80663,80663,1994,1998,1057
80664,80664,1994,1995,244
80665,80665,1994,1997,477
80666,80666,1994,1997,692
80667,80667,1994,2000,1542
80668,80668,1994,1999,952
80669,80669,1994,2004,2134
80670,80670,1994,2011,4237
80671,80671,1994,1995,259
80672,80672,1994,1996,492
80673,80673,1994,1995,144
80674,80674,1994,1998,832
80675,80675,1994,2000,1575
80676,80676,1994,1995,156
80677,80677,1994,1998,1088
80678,80678,1994,1999,1360
80679,80679,1994,2012,4610
80680,80680,1994,2016,5422
80681,80681,1994,2020,6690
80682,80682,1994,2020,6425
80683,80683,1994,2020,6677
80684,80684,1994,2001,1789
80685,80685,1994,2000,1108
80686,80686,1994,1999,1114
80687,80687,1994,2000,1412
80688,80688,1994,2020,6687
80690,80690,1994,2001,1594
80691,80691,1994,2020,6451
80692,80692,1994,2004,2541
80693,80693,1994,2004,2359
80694,80694,1994,1997,727
80695,80695,1994,2001,1851
80696,80696,1994,1996,591
80697,80697,1993,1996,795
80698,80698,1994,2000,1518
80699,80699,1994,2000,1567
80700,80700,1994,1996,495
80701,80701,1994,2002,1478
80702,80702,1994,2001,1714
80703,80703,1994,2003,2187
80704,80704,1994,1998,885
80705,80705,1994,2007,3245
80706,80706,1994,2006,3113
80708,80708,1994,1994,8
80709,80709,1994,2000,998
80710,80710,1993,1995,552
80711,80711,1994,2020,6658
80712,80712,1994,2000,1620
80713,80713,1994,2005,2731
80714,80714,1994,2004,2395
80715,80715,1994,1997,540
80716,80716,1994,1997,686
80717,80717,1994,2018,6145
80719,80719,1994,2020,6634
80720,80720,1994,2000,1422
80721,80721,1994,2004,1939
80722,80722,1994,1997,665
80723,80723,1994,2015,5332
80724,80724,1994,1999,960
80725,80725,1994,2019,6212
80727,80727,1994,1997,690
80728,80728,1994,2000,1432
80729,80729,1994,1996,600
80730,80730,1994,2006,2393
80731,80731,1994,2002,1770
80732,80732,1994,1998,693
80733,80733,1994,1997,722
80735,80735,1994,1996,568
80736,80736,1994,1999,1274
80737,80737,1994,2006,2670
80738,80738,1994,2002,1664
80739,80739,1994,1999,1031
80740,80740,1994,2004,2512
80741,80741,1994,2000,1259
80743,80743,1994,1997,736
80744,80744,1994,1998,829
80745,80745,1994,1997,760
80746,80746,1994,1998,908
80747,80747,1994,2017,5816
80748,80748,1994,1996,538
80749,80749,1994,1996,476
80750,80750,1994,1999,1180
80751,80751,1994,1996,457
80752,80752,1994,2003,2299
80753,80753,1994,2001,1635
80754,80754,1994,1995,158
80755,80755,1994,2003,2036
80756,80756,1994,2004,2363
80757,80757,1994,1998,1014
80759,80759,1994,2020,6637
80760,80760,1994,1995,171
80761,80761,1994,1999,1245
80762,80762,1994,2007,3177
80763,80763,1994,2012,4454
80764,80764,1994,1999,437
80765,80765,1994,1997,806
80766,80766,1994,1997,784
80767,80767,1994,1996,610
80768,80768,1994,2014,3861
80770,80770,1994,2000,1390
80771,80771,1994,1997,867
80772,80772,1994,1995,235
80773,80773,1994,1999,1254
80774,80774,1994,2020,6651
80775,80775,1994,1999,1366
80776,80776,1994,2004,2219
80778,80778,1994,2005,2774
80779,80779,1994,2020,6633
80780,80780,1994,2001,1472
80781,80781,1994,1996,388
80782,80782,1994,1997,850
80783,80783,1994,2002,1888
80784,80784,1994,2020,6633
80785,80785,1993,2009,2446
80786,80786,1994,2002,1827
80787,80787,1994,2000,1616
80788,80788,1994,1998,1038
80789,80789,1994,2000,1354
80790,80790,1994,1999,1223
80791,80791,1994,2020,6643
80792,80792,1994,1998,691
80794,80794,1994,1999,1218
80795,80795,1994,2020,5534
80796,80796,1994,2004,2371
80797,80797,1994,2010,3875
80798,80798,1994,2008,3374
80799,80799,1994,1999,693
80800,80800,1994,2003,1520
80801,80801,1994,1998,749
80802,80802,1994,1999,1346
80803,80803,1994,2001,1611
80804,80804,1994,2014,4547
80805,80805,1994,1996,305
80807,80807,1994,1995,295
80808,80808,1994,2016,4321
80809,80809,1994,1998,836
80810,80810,1994,2000,1323
80811,80811,1994,1996,479
80812,80812,1994,2020,5639
80813,80813,1994,2001,1334
80815,80815,1994,1998,827
80816,80816,1994,2012,3401
80817,80817,1994,1999,933
80818,80818,1994,2004,2276
80819,80819,1994,2001,539
80820,80820,1994,2009,3705
80821,80821,1994,2000,1317
80823,80823,1994,2002,1878
80824,80824,1994,1997,713
80825,80825,1994,1998,865
80826,80826,1994,1996,375
80827,80827,1994,2000,1464
80828,80828,1995,2020,6298
80829,80829,1994,2003,2133
80830,80830,1994,1998,895
80831,80831,1994,2007,3325
80832,80832,1994,1998,905
80833,80833,1994,2008,3434
80834,80834,1994,2000,1589
80835,80835,1994,1996,223
80836,80836,1994,1998,1039
80837,80837,1994,2020,4963
80838,80838,1994,1998,908
80839,80839,1994,2000,1447
80840,80840,1994,1999,950
80841,80841,1994,1999,1175
80842,80842,1994,1995,211
80843,80843,1994,2002,2112
80844,80844,1994,1997,781
80845,80845,1994,1999,1159
80846,80846,1994,2002,1820
80850,80850,1994,1998,705
80851,80851,1994,1995,249
80852,80852,1994,2005,2635
80853,80853,1994,2001,1601
80854,80854,1994,2000,1184
80855,80855,1994,2000,1406
80856,80856,1994,2004,955
80857,80857,1993,2020,5712
80858,80858,1994,2016,4994
80859,80859,1994,2001,1608
80861,80861,1994,2004,2213
80862,80862,1994,2002,2006
80863,80863,1994,2017,5598
80864,80864,1994,2020,6617
80865,80865,1994,1996,459
80866,80866,1994,2020,6616
80867,80867,1994,2002,2006
80868,80868,1994,1998,988
80900,80900,1996,2007,2589
80912,80912,1994,2020,4765
80913,80913,1994,2010,3860
80914,80914,1994,1999,1248
80915,80915,1994,2010,3066
80916,80916,1994,1998,916
80917,80917,1994,1995,46
80918,80918,1994,2017,5642
80919,80919,1994,2000,1384
80920,80920,1994,1996,348
80921,80921,1994,2008,3361
80922,80922,1994,1997,590
80923,80923,1994,1998,891
80924,80924,1994,2020,6597
80925,80925,1994,1999,1286
80926,80926,1994,2020,6569
80927,80927,1994,1998,1036
80928,80928,1994,2020,5996
80929,80929,1993,1994,463
80930,80930,1994,1996,486
80931,80931,1994,1997,699
80932,80932,1994,2006,2941
80933,80933,1994,1999,1315
80934,80934,1994,1998,956
80935,80935,1994,1998,900
80936,80936,1994,1998,1030
80937,80937,1993,1999,1480
80938,80938,1994,1997,389
80939,80939,1994,1997,762
80940,80940,1994,2010,1392
80941,80941,1994,1998,879
80942,80942,1994,2006,2758
80943,80943,1994,2016,5440
80944,80944,1994,2007,3195
80946,80946,1994,2005,2185
80947,80947,1994,1998,986
80948,80948,1994,2008,2723
80949,80949,1994,1996,481
80950,80950,1994,1998,818
80951,80951,1994,2020,6540
80952,80952,1994,1999,1275
80953,80953,1993,1997,1068
80954,80954,1994,1997,441
80955,80955,1994,2020,5889
80956,80956,1994,1995,91
80957,80957,1994,2020,6091
80958,80958,1994,2005,2014
80959,80959,1994,1997,258
80960,80960,1994,2020,5379
80962,80962,1994,2020,5989
80963,80963,1994,2001,1576
80964,80964,1994,2002,1809
80965,80965,1994,2000,1384
80966,80966,1994,2000,919
80967,80967,1994,1997,580
80968,80968,1994,1996,347
80969,80969,1994,2020,6559
80970,80970,1994,1998,916
80971,80971,1994,2014,4776
80972,80972,1994,1999,1070
80973,80973,1994,2004,2278
80974,80974,1994,1999,964
80975,80975,1994,2001,1583
80976,80976,1994,1997,591
80977,80977,1994,1997,617
80978,80978,1994,1998,850
80979,80979,1994,2004,2190
80981,80981,1994,1996,154
80982,80982,1994,1998,958
80983,80983,1994,2000,638
80984,80984,1994,1997,626
80985,80985,1994,1998,968
80987,80987,1994,2017,5726
80989,80989,1994,1998,853
80990,80990,1994,2019,5849
80991,80991,1994,1998,962
80992,80992,1994,2000,1239
80993,80993,1994,2006,3020
80994,80994,1994,1997,619
80995,80995,1994,1997,552
80997,80997,1994,2006,1976
80999,80999,1994,2000,527
81001,81001,1994,2007,3284
81002,81002,1994,2005,2681
81003,81003,1994,2000,1391
81004,81004,1994,2003,1711
81005,81005,1994,2000,1456
81006,81006,1994,1997,550
81007,81007,1994,2002,1902
81008,81008,1994,2001,1708
81009,81009,1994,2000,1427
81010,81010,1994,2020,6587
81011,81011,1994,2000,1341
81012,81012,1994,1999,1220
81013,81013,1994,2020,6588
81014,81014,1994,1999,1013
81015,81015,1994,2000,1448
81017,81017,1994,1997,582
81018,81018,1994,2000,1546
81019,81019,1994,2006,2534
81020,81020,1994,2005,1841
81021,81021,2018,2020,643
81022,81022,1994,2008,3336
81023,81023,1994,2001,1463
81025,81025,1994,1996,485
81027,81027,1994,2000,1345
81028,81028,1994,2008,3080
81029,81029,1994,2008,1423
81030,81030,1994,2018,6022
81031,81031,1994,2004,2100
81033,81033,1994,2000,1404
81034,81034,1994,2000,1283
81035,81035,1994,2020,6578
81036,81036,1994,2002,1694
81037,81037,1994,1997,557
81038,81038,1994,2020,6595
81039,81039,1994,1997,513
81040,81040,1994,2020,6590
81041,81041,1994,1999,1061
81042,81042,1994,2013,4649
81043,81043,1994,2020,6597
81044,81044,1994,2020,6598
81045,81045,1994,2020,6597
81046,81046,1994,2020,6285
81047,81047,1994,1997,641
81048,81048,1994,2005,2096
81049,81049,1994,2018,5646
81050,81050,1994,2014,4756
81051,81051,1994,2001,1565
81052,81052,1994,1999,551
81053,81053,1994,2001,1366
81054,81054,1994,2002,1899
81055,81055,1994,2020,6575
81056,81056,1994,2002,1921
81057,81057,1994,2000,1332
81058,81058,1994,1997,756
81059,81059,1994,1997,659
81060,81060,1994,2005,2493
81061,81061,1994,2020,6568
81062,81062,1994,2010,3310
81063,81063,1994,2003,2289
81064,81064,1994,2003,2191
81065,81065,1994,1999,1095
81066,81066,1994,2008,3407
81067,81067,1994,2020,6559
81068,81068,1994,1998,965
81069,81069,1994,1998,626
81070,81070,1994,1997,684
81071,81071,1994,2008,3305
81072,81072,1994,2002,1812
81073,81073,1994,2020,6567
81074,81074,1994,2003,2068
81076,81076,1994,1999,1160
81077,81077,1994,1998,928
81078,81078,1994,2008,2722
81079,81079,1994,2000,1376
81081,81081,1994,2002,1693
81082,81082,1994,2000,1144
81084,81084,1994,2020,6436
81085,81085,1994,2010,1393
81086,81086,1994,1999,1034
81087,81087,1994,2020,6182
81088,81088,1994,1999,876
81089,81089,1994,2002,1821
81090,81090,1994,2000,1359
81092,81092,1994,1997,455
81093,81093,1994,1998,797
81094,81094,1994,1999,1090
81095,81095,1994,2020,6569
81096,81096,1994,1996,446
81097,81097,1994,2008,3305
81098,81098,1994,2005,2702
81099,81099,1994,1999,1148
81100,81100,1994,2000,1114
81101,81101,1994,1999,1071
81102,81102,1994,1999,1116
81103,81103,1994,2016,5231
81105,81105,1994,2003,1266
81106,81106,1994,1999,1077
81107,81107,1994,1996,294
81108,81108,1994,1998,846
81109,81109,1994,2011,4048
81110,81110,1994,2006,2692
81111,81111,1994,1997,746
81112,81112,1993,1995,686
81113,81113,1994,2004,2284
81114,81114,1994,2004,2216
81115,81115,1994,1996,310
81116,81116,1994,2020,6567
81117,81117,1994,1998,957
81118,81118,1994,1997,337
81119,81119,1994,2009,3562
81120,81120,1994,2007,3153
81121,81121,1994,2010,3714
81122,81122,1994,1996,409
81123,81123,1994,2003,2074
81124,81124,1994,2020,6503
81125,81125,1994,2005,2658
81126,81126,1994,2006,2855
81127,81127,1995,2020,6423
81128,81128,1994,2016,5449
81129,81129,1994,1995,121
81131,81131,1994,1998,888
81132,81132,1994,2020,6562
81133,81133,1994,2020,6561
81134,81134,1994,2020,6394
81135,81135,1995,2000,1247
81136,81136,1995,2000,1245
81137,81137,1994,2007,3240
81138,81138,1994,2017,5577
81140,81140,1994,2006,2688
81141,81141,1994,2001,1656
81142,81142,1994,2008,3498
81143,81143,1994,1998,895
81144,81144,1994,1995,221
81145,81145,1994,2004,2270
81146,81146,1994,2001,1741
81148,81148,1995,2014,4268
81149,81149,1994,1998,549
81150,81150,1994,1998,479
81151,81151,1994,2000,1311
81152,81152,1994,1997,688
81153,81153,1994,1999,1078
81154,81154,1994,2000,1515
81156,81156,1994,2002,1834
81157,81157,1994,1998,901
81158,81158,1994,1997,585
81159,81159,1994,1998,360
81160,81160,1994,1998,679
81161,81161,1994,1998,799
81162,81162,1994,2015,5196
81164,81164,1994,1998,914
81165,81165,1995,2020,6540
81166,81166,1994,1996,284
81167,81167,1994,2000,508
81169,81169,1994,1998,782
81170,81170,1994,1998,865
81172,81172,1994,2005,2734
81173,81173,1994,2017,5632
81174,81174,1994,1997,645
81175,81175,1994,2004,2391
81176,81176,1994,2001,1359
81177,81177,1994,1999,1055
81178,81178,1994,2006,2957
81179,81179,1994,2000,1071
81180,81180,1994,1997,279
81181,81181,1994,2007,2454
81182,81182,1994,2020,5572
81183,81183,1995,1999,1036
81184,81184,1994,2020,6441
81185,81185,1994,2005,2364
81186,81186,1994,2001,1494
81187,81187,1994,1996,377
81188,81188,1995,2004,2482
81189,81189,1995,1997,532
81190,81190,1993,2020,6075
81191,81191,1995,2000,1488
81192,81192,1995,2000,1363
81193,81193,1995,2000,1354
81194,81194,1995,1999,1099
81195,81195,1995,2007,2715
81196,81196,1995,2001,1688
81197,81197,1995,1995,1
81199,81199,1995,2001,1501
81200,81200,1995,2004,1027
81201,81201,1995,2006,2729
81202,81202,1995,2003,2100
81203,81203,1995,1998,314
81204,81204,1995,2000,900
81205,81205,1995,1998,970
81206,81206,1995,2010,2269
81207,81207,1995,1999,784
81208,81208,1995,2020,6053
81209,81209,1995,1999,1161
81210,81210,1995,1997,310
81211,81211,1995,2000,428
81212,81212,1995,2012,4162
81213,81213,1995,1998,790
81214,81214,1995,2005,1889
81215,81215,1995,1999,1143
81216,81216,1995,1997,188
81217,81217,1995,1996,373
81218,81218,1995,1999,1179
81219,81219,1993,2001,2163
81220,81220,1995,2020,6526
81221,81221,1995,2003,2114
81222,81222,1995,2020,6522
81223,81223,1995,1998,302
81224,81224,1995,2001,1537
81225,81225,1995,2020,5703
81226,81226,1995,2010,890
81228,81228,1995,1999,1128
81229,81229,1995,1998,903
81230,81230,1995,1997,683
81231,81231,1995,2000,634
81232,81232,1995,1997,506
81233,81233,1995,2005,2357
81234,81234,1995,1995,152
81237,81237,1995,2000,1360
81238,81238,1995,1996,410
81239,81239,1995,2003,2036
81240,81240,1995,2000,1359
81241,81241,1995,2020,6520
81242,81242,1995,2007,3133
81244,81244,1995,2005,1319
81245,81245,1995,1998,969
81246,81246,1995,2001,1585
81247,81247,1995,2001,1108
81248,81248,1995,2002,1920
81249,81249,1995,2001,1700
81250,81250,1995,1998,154
81252,81252,1995,1999,1198
81253,81253,1995,1997,600
81254,81254,1995,2020,5673
81255,81255,1995,1998,973
81256,81256,1995,2015,5246
81257,81257,1995,1999,1151
81258,81258,1995,1999,1159
81259,81259,1995,2014,2785
81260,81260,1995,2003,1829
81261,81261,1995,1996,120
81262,81262,1995,2007,3038
81263,81263,1995,2004,1051
81264,81264,1995,2001,1373
81265,81265,1995,2003,2134
81266,81266,1995,2000,1401
81267,81267,1995,1998,823
81268,81268,1995,2001,484
81269,81269,1995,2000,603
81270,81270,1995,1997,544
81271,81271,1995,1996,315
81272,81272,1995,2001,1597
81273,81273,1995,1998,983
81274,81274,1995,1997,371
81275,81275,1995,2009,3743
81276,81276,1995,1999,1032
81277,81277,1995,1999,1070
81278,81278,1995,2020,6337
81279,81279,1995,1998,689
81280,81280,1995,2000,1477
81281,81281,1995,2003,2093
81282,81282,1995,2020,6508
81283,81283,1995,2001,1543
81284,81284,1994,2020,6582
81285,81285,1995,2008,3353
81288,81288,1995,2008,2935
81289,81289,1995,2002,1096
81290,81290,1995,2005,2536
81291,81291,1995,2006,1336
81292,81292,1995,2019,6183
81293,81293,1995,2009,3736
81294,81294,1993,2020,7049
81295,81295,1995,2000,630
81296,81296,1995,1996,299
81297,81297,1995,2005,1472
81298,81298,1995,2015,2651
81299,81299,1995,2020,6478
81300,81300,1995,2007,2902
81301,81301,1995,2001,1679
81309,81309,1995,2004,2432
81310,81310,1995,1998,324
81311,81311,1995,2014,4647
81331,81331,1993,2013,2931
81382,81382,1993,1999,1629
81469,81469,1995,2001,1501
81470,81470,1995,2001,1696
81471,81471,1995,1996,126
81472,81472,1995,2020,6495
81473,81473,1995,1998,293
81474,81474,1995,2001,1408
81475,81475,1995,2004,2456
81476,81476,1995,1999,881
81477,81477,1995,1998,758
81478,81478,1995,1999,988
81479,81479,1995,1995,4
81480,81480,1995,2000,1205
81481,81481,1995,2020,6500
81482,81482,1995,1999,1190
81483,81483,1995,2005,2584
81484,81484,1995,1997,669
81485,81485,1995,1999,1180
81486,81486,1995,2001,1551
81487,81487,1995,1997,614
81488,81488,1995,2007,1656
81490,81490,1995,2000,1166
81491,81491,1995,2007,3151
81492,81492,1995,1998,538
81493,81493,1995,1998,814
81494,81494,1995,1996,421
81495,81495,1995,1997,331
81496,81496,1995,1997,515
81498,81498,1995,1997,521
81499,81499,1995,2010,2397
81500,81500,1995,1998,256
81501,81501,1995,2020,6489
81502,81502,1995,2003,2017
81503,81503,1995,1999,1165
81504,81504,1995,1998,817
81505,81505,1995,1997,642
81506,81506,1995,2001,1627
81507,81507,1995,1997,622
81508,81508,1995,2004,2334
81509,81509,1995,2001,1492
81510,81510,1993,2015,2899
81511,81511,1995,2004,1216
81512,81512,1995,1997,122
81514,81514,1995,1998,730
81515,81515,1995,1996,274
81516,81516,1995,1996,248
81517,81517,1995,1996,359
81519,81519,1995,2000,1386
81520,81520,1995,1997,481
81521,81521,1995,2019,6132
81522,81522,1995,2001,1512
81523,81523,1995,2000,1269
81524,81524,1995,1997,268
81525,81525,1995,1997,622
81527,81527,1995,2020,6201
81528,81528,1995,2001,1251
81529,81529,1995,1997,641
81530,81530,1995,2011,4161
81531,81531,1995,1999,695
81532,81532,1995,1998,656
81533,81533,1995,2014,3866
81534,81534,1995,2001,1546
81535,81535,1995,2004,2208
81536,81536,1995,1998,715
81537,81537,1995,2001,1447
81538,81538,1995,1998,850
81539,81539,1995,2016,5260
81540,81540,1995,2020,6482
81541,81541,1995,2019,5929
81543,81543,1995,1997,600
81544,81544,1995,2001,656
81545,81545,1995,1997,573
81546,81546,1995,2016,3518
81547,81547,1995,2010,3806
81548,81548,1995,2000,1179
81549,81549,1995,2001,1267
81550,81550,1995,1999,1123
81551,81551,1995,1996,410
81552,81552,1995,1999,1069
81553,81553,1995,2008,3200
81554,81554,1995,1998,573
81555,81555,1995,1996,252
81556,81556,1995,2002,1080
81557,81557,1995,1998,716
81558,81558,1995,2005,1906
81559,81559,1995,1998,738
81560,81560,1995,2020,5118
81561,81561,1995,2009,2229
81562,81562,1995,2013,4647
81563,81563,1995,2000,1369
81564,81564,1995,2020,6329
81565,81565,1995,2018,2291
81566,81566,1995,2019,6129
81567,81567,1995,1998,515
81569,81569,1993,1997,1038
81570,81570,1995,2000,1279
81571,81571,1995,1996,377
81572,81572,1995,1999,849
81573,81573,1995,1996,403
81574,81574,1995,1996,234
81575,81575,1995,2012,1320
81576,81576,1995,2002,1825
81577,81577,1993,2020,7050
81578,81578,1995,1999,1188
81579,81579,1995,1996,149
81580,81580,1995,2000,462
81581,81581,1995,2000,1428
81582,81582,1995,1997,574
81583,81583,1995,1998,844
81584,81584,1995,2020,6457
81586,81586,1995,2007,3071
81587,81587,1995,2000,1269
81588,81588,1995,2020,5151
81590,81590,1995,2005,1829
81591,81591,1995,1998,654
81592,81592,1995,1999,1048
81593,81593,1993,2020,5290
81594,81594,1995,2000,1228
81595,81595,1995,2007,3015
81596,81596,1995,2000,1177
81597,81597,1995,1999,954
81598,81598,1995,2017,5700
81599,81599,1995,2000,1332
81600,81600,1995,1999,1024
81601,81601,1995,2005,1358
81602,81602,1995,2000,1360
81604,81604,1995,1998,787
81605,81605,1995,2001,1215
81607,81607,1995,2001,1384
81608,81608,1995,1997,581
81609,81609,1995,1999,975
81610,81610,1995,2020,6031
81611,81611,1995,1997,487
81612,81612,1995,1999,917
81613,81613,1995,1997,575
81614,81614,1993,2018,5656
81615,81615,1995,1997,618
81616,81616,1995,1996,307
81618,81618,1995,2000,1193
81619,81619,1995,1998,745
81620,81620,1995,2018,5698
81621,81621,1995,2020,6447
81623,81623,1995,1997,584
81624,81624,1995,2020,5836
81625,81625,1995,1999,982
81626,81626,1995,2004,2213
81627,81627,1995,2000,657
81629,81629,1995,1997,548
81630,81630,1995,1997,663
81631,81631,1995,1998,796
81632,81632,1995,1999,1089
81633,81633,1995,1996,163
81634,81634,1995,1997,416
81635,81635,1995,1999,1078
81636,81636,1995,2005,2362
81637,81637,1995,2003,1551
81638,81638,1995,2001,1214
81639,81639,1995,2001,1494
81640,81640,1995,2003,1217
81641,81641,1995,1998,598
81642,81642,1995,1998,883
81643,81643,1995,2001,1428
81644,81644,1995,2001,1479
81645,81645,1995,1999,1035
81646,81646,1995,1999,1051
81647,81647,1995,2010,3579
81648,81648,1995,1996,305
81650,81650,1995,2003,2062
81651,81651,1995,2013,3712
81652,81652,1995,2007,2545
81653,81653,1995,2007,2995
81654,81654,1995,2011,3960
81655,81655,1995,2020,6445
81656,81656,1995,2002,1841
81658,81658,1995,2006,2572
81660,81660,1995,2007,2936
81661,81661,1995,2007,2943
81662,81662,1995,1995,134
81665,81665,1995,2020,6421
81666,81666,1995,2020,6383
81667,81667,1995,1997,509
81668,81668,1995,1998,855
81669,81669,1995,2015,4983
81670,81670,1995,2011,4134
81671,81671,1995,1999,1115
81672,81672,1995,2005,2407
81674,81674,1995,1999,657
81675,81675,1995,2020,6428
81676,81676,1995,2004,2308
81677,81677,1995,2020,6431
81678,81678,1995,2020,6425
81679,81679,1995,1998,753
81680,81680,1995,1997,411
81682,81682,1995,2004,2313
81683,81683,1995,2002,1760
81684,81684,1995,1997,632
81685,81685,1995,1997,654
81686,81686,1995,2000,1057
81687,81687,1995,2003,1847
81688,81688,1995,2002,1311
81689,81689,1995,2002,1794
81690,81690,1995,1999,903
81691,81691,1995,2013,3758
81692,81692,1995,2002,1747
81693,81693,1995,1997,238
81694,81694,1995,2001,1567
81695,81695,1995,2006,2691
81696,81696,1995,2020,6423
81697,81697,1995,1996,391
81698,81698,1995,2007,2978
81699,81699,1995,1999,935
81700,81700,1993,2010,3101
81701,81701,1995,2001,1530
81702,81702,1993,2016,5804
81703,81703,1995,1999,959
81704,81704,1995,2003,1906
81705,81705,1995,2016,5356
81706,81706,1995,2000,864
81707,81707,1995,2001,1431
81708,81708,1995,2004,1466
81709,81709,1995,2005,1406
81710,81710,1995,2005,578
81711,81711,1995,1999,990
81712,81712,1995,2002,1792
81713,81713,1995,2004,2196
81714,81714,1995,1996,245
81715,81715,1995,2000,1262
81716,81716,1995,1996,253
81717,81717,1995,1998,749
81718,81718,1995,2004,1261
81719,81719,1995,2008,2391
81720,81720,1995,1997,484
81721,81721,1995,2006,2756
81722,81722,1995,1999,1064
81723,81723,1995,1999,768
81724,81724,1995,1999,1005
81725,81725,1995,2002,1854
81726,81726,1995,2005,1672
81727,81727,1995,2002,1292
81728,81728,1995,2020,3905
81731,81731,1995,2001,656
81732,81732,1995,1997,426
81733,81733,1995,1998,869
81734,81734,1995,2020,6430
81735,81735,1995,1998,815
81736,81736,1995,2020,6430
81737,81737,1993,1998,1073
81738,81738,1995,1997,443
81739,81739,1995,2004,2165
81740,81740,1995,2020,6436
81741,81741,1995,2020,4480
81742,81742,1995,1998,829
81743,81743,1995,2006,2783
81744,81744,1995,1999,737
81746,81746,1995,2000,917
81747,81747,1995,2007,2928
81748,81748,1995,2003,2046
81749,81749,1995,1997,457
81750,81750,1995,2000,1280
81751,81751,1995,1998,659
81752,81752,1995,2003,1978
81753,81753,1993,1999,1540
81754,81754,1995,2000,1204
81755,81755,1995,2002,1541
81756,81756,1995,2013,4579
81757,81757,1995,1997,620
81758,81758,1995,2003,1832
81759,81759,1995,1996,364
81760,81760,1995,2002,1706
81761,81761,1995,2020,4844
81762,81762,1995,2002,1519
81763,81763,1995,2007,3052
81764,81764,1995,1998,884
81765,81765,1995,2000,1198
81766,81766,1995,2001,552
81767,81767,1995,1998,809
81769,81769,1995,2007,2508
81770,81770,1995,1999,1075
81771,81771,1995,1997,278
81772,81772,1995,1996,243
81773,81773,1995,2002,1678
81774,81774,1995,2020,6402
81775,81775,1995,2002,1670
81776,81776,1995,2016,5229
81778,81778,1995,1996,327
81779,81779,1995,2002,1558
81781,81781,1995,2003,2015
81782,81782,1995,2003,564
81783,81783,1995,2000,985
81784,81784,1995,2020,6388
81848,81848,1995,1999,918
81849,81849,1995,2003,1879
81850,81850,1995,2015,4627
81851,81851,1995,2008,2636
81853,81853,1995,1997,551
81854,81854,1995,2000,1243
81855,81855,1995,2009,1806
81856,81856,1995,1998,800
81857,81857,1995,2016,5212
81858,81858,1995,1998,718
81859,81859,1995,1998,653
81861,81861,1995,2020,6338
81862,81862,1995,1999,1026
81863,81863,1995,1997,94
81864,81864,1995,2000,1068
81865,81865,1995,2005,1957
81866,81866,1995,1997,614
81867,81867,1995,1999,872
81869,81869,1995,2020,5773
81870,81870,1995,2009,2086
81871,81871,1995,1998,828
81872,81872,1995,2001,1517
81873,81873,1995,1998,731
81874,81874,1995,2001,1398
81875,81875,1995,1999,901
81877,81877,1995,2003,2086
81878,81878,1995,2000,1232
81879,81879,1995,1997,622
81880,81880,1995,1998,521
81882,81882,1995,2001,1539
81883,81883,1995,1997,484
81884,81884,1995,2001,1402
81885,81885,1995,2003,1858
81886,81886,1995,2004,2197
81887,81887,1995,1997,524
81888,81888,1995,2001,1438
81889,81889,1995,2010,3848
81890,81890,1995,2002,1639
81891,81891,1995,2000,1094
81893,81893,1995,2020,6289
81894,81894,1995,1999,898
81895,81895,1995,1998,600
81897,81897,1995,1999,860
81898,81898,1995,1999,1017
81899,81899,1995,2003,1758
81900,81900,1995,1996,46
81901,81901,1995,2009,3477
81902,81902,1995,1998,849
81903,81903,1995,2001,1380
81904,81904,1995,2005,1337
81905,81905,1995,1997,267
81906,81906,1995,1997,596
81907,81907,1995,1997,451
81908,81908,1995,1996,140
81909,81909,1995,2001,847
81910,81910,1995,2007,3082
81911,81911,1995,1996,286
81912,81912,1995,2020,6197
81913,81913,1993,1994,324
81914,81914,1995,1997,402
81916,81916,1995,2003,1920
81917,81917,1995,2020,6388
81918,81918,1995,2003,1193
81919,81919,1995,1997,196
81920,81920,1995,2007,3088
81921,81921,1993,1995,216
81922,81922,1995,1999,1036
81923,81923,1995,2000,849
81924,81924,1995,2001,1343
81925,81925,1995,2015,5038
82107,82107,1993,2020,7045
82155,82155,1995,2011,3664
82156,82156,1995,2020,5131
82157,82157,1995,2003,2031
82158,82158,1995,1999,874
82159,82159,1995,1998,682
82160,82160,1995,2007,2968
82161,82161,1995,1997,549
82162,82162,1995,2020,5994
82163,82163,1995,2020,4382
82164,82164,1995,1997,448
82165,82165,1995,2011,3776
82167,82167,1995,1997,584
82168,82168,1995,2007,2851
82169,82169,1995,1999,961
82170,82170,1995,1997,453
82171,82171,1995,2020,4837
82172,82172,1995,2001,1543
82173,82173,1995,2001,1433
82175,82175,1995,2000,1159
82176,82176,1995,2020,6307
82177,82177,1995,1997,580
82178,82178,1995,2000,1217
82179,82179,1995,2020,6387
82180,82180,1995,2001,1408
82181,82181,1995,2001,1205
82182,82182,1993,1997,1054
82183,82183,1995,1998,820
82184,82184,1995,2001,1591
82185,82185,1995,1997,392
82186,82186,1995,2000,1040
82187,82187,1995,1999,442
82188,82188,1995,1997,426
82189,82189,1995,1998,709
82190,82190,1995,1997,340
82191,82191,1995,2009,2401
82192,82192,1995,1998,653
82193,82193,1995,2000,1230
82194,82194,1995,1997,543
82195,82195,1995,1998,815
82196,82196,1995,2020,6191
82198,82198,1995,1997,465
82199,82199,1995,1997,365
82200,82200,1995,1999,908
82201,82201,1995,2008,3193
82202,82202,1995,1998,662
82204,82204,1995,2004,2148
82205,82205,1995,1998,787
82206,82206,1995,1997,411
82207,82207,1995,2005,2209
82208,82208,1995,1995,29
82209,82209,1995,1997,503
82210,82210,1995,1997,450
82211,82211,1993,1998,1384
82212,82212,1995,2020,6386
82213,82213,1995,2020,6386
82214,82214,1995,1999,1026
82215,82215,1995,2020,1622
82216,82216,1995,1998,615
82217,82217,1995,1999,1077
82218,82218,1995,2001,1429
82219,82219,1995,1998,593
82220,82220,1995,1999,973
82221,82221,1995,2002,1758
82222,82222,1995,2001,1462
82223,82223,1995,1998,776
82224,82224,1995,2000,1192
82225,82225,1995,1996,244
82226,82226,1995,1996,294
82227,82227,1995,1999,1104
82228,82228,1995,2006,2638
82229,82229,1995,2001,1265
82231,82231,1995,2011,3904
82232,82232,1995,2009,3419
82233,82233,1995,2002,1591
82234,82234,1995,2020,5403
82235,82235,1995,2008,3110
82236,82236,1995,2005,841
82237,82237,1995,2000,1311
82238,82238,1995,2010,3224
82241,82241,1995,2015,5084
82242,82242,1995,2009,3318
82243,82243,1995,1997,315
82244,82244,1995,1999,909
82245,82245,1995,1997,556
82247,82247,1995,1998,652
82248,82248,1995,2010,3771
82249,82249,1995,1997,368
82250,82250,1995,2002,1078
82251,82251,1995,2020,4280
82252,82252,1995,1998,619
82253,82253,1995,2001,1505
82255,82255,1995,2007,3065
82256,82256,1995,1999,872
82257,82257,1995,1998,629
82258,82258,1995,1999,863
82259,82259,1995,1997,328
82260,82260,1995,1998,304
82261,82261,1995,2020,6042
82263,82263,1995,2001,648
82264,82264,1995,2003,1440
82265,82265,1995,2001,1407
82266,82266,1995,2018,5636
82267,82267,1995,2000,1301
82268,82268,1995,1996,230
82269,82269,1995,2000,817
82270,82270,1995,1997,351
82271,82271,1995,2001,1441
82272,82272,1995,2020,6365
82273,82273,1995,2001,855
82274,82274,1995,2001,1385
82275,82275,1995,1997,569
82276,82276,1995,2020,6326
82277,82277,1995,1999,862
82278,82278,1995,1998,587
82279,82279,1995,2020,5102
82280,82280,1995,1999,1028
82281,82281,1995,2020,6363
82282,82282,1995,1998,715
82283,82283,1995,1997,417
82285,82285,1995,2006,2827
82286,82286,1995,1999,895
82287,82287,1995,2019,6035
82288,82288,1995,2001,1097
82290,82290,1995,1998,746
82291,82291,1995,1997,323
82292,82292,1995,2020,6350
82293,82293,1995,2003,1885
82294,82294,1995,2005,2256
82295,82295,1995,2007,2903
82296,82296,1995,2006,2506
82298,82298,1995,2020,6176
82299,82299,1995,2000,1269
82300,82300,1995,2004,2142
82301,82301,1995,2002,1612
82302,82302,1995,1995,56
82303,82303,1995,2020,6356
82304,82304,1995,2008,3132
82305,82305,1995,2004,921
82306,82306,1995,1997,479
82307,82307,1995,2020,6336
82308,82308,1995,2000,1201
82309,82309,1995,1998,660
82311,82311,1995,2020,6316
82326,82326,1993,2000,1886
82334,82334,1993,1996,263
82449,82449,1993,2002,1708
82466,82466,1995,1998,714
82467,82467,1995,2006,2765
82469,82469,1995,2004,1943
82470,82470,1995,2002,1471
82471,82471,1995,2011,4030
82472,82472,1995,1997,441
82474,82474,1995,2003,1808
82475,82475,1995,1997,362
82476,82476,1995,2019,1246
82477,82477,1995,1997,181
82478,82478,1995,2005,1873
82479,82479,1995,1999,253
82480,82480,1995,2007,2135
82481,82481,1995,1997,540
82482,82482,1995,2001,1411
82483,82483,1995,1999,886
82484,82484,1995,1998,795
82485,82485,1995,2002,1657
82486,82486,1995,2020,6337
82487,82487,1995,1997,419
82488,82488,1995,2008,3204
82489,82489,1995,2000,1117
82490,82490,1995,1998,340
82491,82491,1995,2004,1299
82492,82492,1995,2004,2101
82493,82493,1995,2002,1567
82494,82494,1995,2006,1873
82495,82495,1995,1998,750
82496,82496,1995,2000,684
82497,82497,1995,2008,1831
82498,82498,1995,1999,603
82499,82499,1995,2004,1938
82501,82501,1995,2008,3259
82502,82502,1993,1996,843
82503,82503,1995,2003,2058
82504,82504,1995,2012,4226
82505,82505,1995,1998,660
82506,82506,1995,2010,3214
82507,82507,1995,2009,2898
82508,82508,1995,2020,6352
82509,82509,1995,2004,1615
82510,82510,1995,1998,693
82511,82511,1995,2020,3790
82512,82512,1995,2007,2769
82513,82513,1995,2015,4909
82514,82514,1995,2001,1476
82515,82515,1995,2020,6312
82516,82516,1995,1996,214
82517,82517,1995,2000,1129
82518,82518,1995,2020,6226
82520,82520,1995,2001,1366
82521,82521,1995,2018,5825
82522,82522,1995,2002,1803
82523,82523,1995,2000,1047
82524,82524,1995,1999,846
82525,82525,1995,1999,860
82526,82526,1995,2020,6345
82527,82527,1995,1999,627
82528,82528,1995,1997,383
82530,82530,1995,2017,5479
82531,82531,1995,1996,305
82532,82532,1995,1998,501
82533,82533,1995,2006,2351
82534,82534,1995,2001,884
82535,82535,1995,2005,2574
82536,82536,1995,2006,2631
82537,82537,1995,2003,1821
82538,82538,1995,1998,749
82539,82539,1995,2006,2654
82540,82540,1995,2015,4967
82541,82541,1994,2017,5749
82542,82542,1995,2020,5902
82543,82543,1995,2002,1696
82544,82544,1995,2011,3811
82546,82546,1995,2015,4937
82547,82547,1995,2020,6321
82548,82548,1995,1999,893
82549,82549,1995,2005,2352
82550,82550,1995,2003,1792
82551,82551,1995,2007,2878
82552,82552,1995,2020,5882
82554,82554,1995,2011,3719
82555,82555,1995,2020,6304
82556,82556,1995,2001,1275
82557,82557,1995,2006,2544
82558,82558,1995,2006,1979
82559,82559,1995,1997,424
82560,82560,1995,1998,740
82562,82562,1995,2000,1101
82563,82563,1995,1997,503
82564,82564,1995,2003,1757
82565,82565,1995,2000,1069
82566,82566,1995,2000,1161
82567,82567,1995,2020,5653
82568,82568,1995,1999,956
82569,82569,1995,1998,666
82570,82570,1995,1997,476
82571,82571,1995,2013,4246
82572,82572,1995,1999,845
82573,82573,1995,2020,6312
82574,82574,1995,1997,391
82575,82575,1995,2020,6333
82576,82576,1995,2000,1287
82577,82577,1995,1997,499
82578,82578,1995,1999,878
82579,82579,1995,1999,824
82581,82581,1995,2020,6332
82582,82582,1995,2001,1092
82583,82583,1995,2006,2545
82584,82584,1995,2007,2919
82585,82585,1995,2006,2626
82586,82586,1995,1998,512
82587,82587,1995,2020,6221
82588,82588,1995,2001,1058
82589,82589,1995,1998,618
82590,82590,1995,2000,1202
82591,82591,1995,2000,1290
82592,82592,1995,2002,1471
82593,82593,1995,2007,2545
82594,82594,1995,1996,242
82595,82595,1995,1997,335
82596,82596,1995,2000,1110
82597,82597,1995,1998,677
82598,82598,1995,2020,6316
82599,82599,1995,2020,6260
82600,82600,1995,1996,279
82601,82601,1995,1997,351
82602,82602,1995,1999,812
82603,82603,1995,1999,1019
82604,82604,1995,2000,1218
82605,82605,1995,2008,3240
82606,82606,1995,2006,2623
82607,82607,1995,2017,5501
82608,82608,1995,1998,689
82610,82610,1995,1998,582
82611,82611,1995,1999,980
82612,82612,1995,1998,629
82613,82613,1995,2008,3271
82614,82614,1995,2002,1782
82615,82615,1995,2002,1508
82616,82616,1995,1999,1017
82618,82618,1995,2016,5158
82619,82619,1995,2010,3617
82620,82620,1995,2002,1751
82621,82621,1995,2020,4086
82622,82622,1995,1999,799
82623,82623,1995,2000,1048
82624,82624,1995,2014,3555
82626,82626,1995,1997,344
82627,82627,1995,1998,682
82628,82628,1995,1999,963
82631,82631,1995,2001,1409
82632,82632,1995,1999,1013
82634,82634,1995,2020,6321
82635,82635,1995,2013,4468
82637,82637,1995,2020,6315
82638,82638,1995,2014,4651
82639,82639,1995,2020,6042
82640,82640,1995,2011,3950
82642,82642,1995,2020,6323
82643,82643,1995,2016,5295
82644,82644,1995,2015,4896
82646,82646,1995,2020,6325
82647,82647,1995,2000,1112
82648,82648,1995,2001,1310
82649,82649,1995,2020,6315
82650,82650,1995,1999,1016
82651,82651,1995,2020,6323
82652,82652,1995,2007,2874
82653,82653,1995,2002,1417
82654,82654,1995,2020,6308
82655,82655,1995,1997,382
82656,82656,1995,2020,6343
82657,82657,1995,1997,428
82658,82658,1993,1999,1556
82659,82659,1996,1996,183
82661,82661,1995,1997,454
82662,82662,1995,1999,835
82663,82663,1995,2003,1780
82664,82664,1995,2015,4308
82665,82665,1995,2002,1510
82666,82666,1996,1997,355
82667,82667,1995,2002,1630
82668,82668,1993,2012,4750
82669,82669,1995,2002,1676
82670,82670,1995,2020,3874
82671,82671,1995,2000,1079
82672,82672,1995,2007,2327
82673,82673,1995,1998,654
82675,82675,1995,2004,2177
82677,82677,1995,1997,73
82678,82678,1995,2018,3197
82679,82679,1995,1998,758
82680,82680,1996,2005,1591
82681,82681,1995,2005,2398
82682,82682,1995,1999,779
82683,82683,1995,2007,2128
82685,82685,1995,2007,2510
82686,82686,1995,2020,6306
82687,82687,1995,1998,597
82688,82688,1995,2004,2095
82689,82689,1995,1999,954
82690,82690,1996,1998,190
82691,82691,1995,1997,313
82693,82693,1995,2003,1779
82694,82694,1995,2020,6274
82695,82695,1995,2001,1368
82696,82696,1995,1997,253
82697,82697,1995,2007,2930
82698,82698,1995,1998,614
82699,82699,1995,2016,5206
82700,82700,1995,1999,987
82701,82701,1995,1997,374
82702,82702,1995,2020,5198
82703,82703,1995,2000,1115
82704,82704,1995,2008,3118
82706,82706,1995,1999,1016
82707,82707,1995,1999,810
82708,82708,1996,1998,695
82709,82709,1995,2000,1052
82710,82710,1995,2008,3158
82711,82711,1995,1997,395
82712,82712,1995,2001,1315
82713,82713,1995,2001,1430
82714,82714,1995,1998,250
82715,82715,1995,1997,286
82716,82716,1995,2006,830
82717,82717,1995,2012,4158
82718,82718,1995,2000,896
82719,82719,1995,2000,1246
82720,82720,1995,2015,4816
82722,82722,1995,2007,2814
82723,82723,1995,2000,1039
82724,82724,1995,2005,2298
82725,82725,1996,1998,60
82726,82726,1995,2006,1300
82727,82727,1995,2008,3222
82729,82729,1995,1999,822
82730,82730,1995,2008,3122
82731,82731,1995,2001,1354
82732,82732,1995,2001,1285
82733,82733,1995,2004,2128
82734,82734,1995,2014,4629
82735,82735,1996,2000,991
82736,82736,1995,1998,707
82737,82737,1995,2006,2619
82738,82738,1995,2008,3045
82739,82739,1995,1999,807
82740,82740,1995,2002,1577
82741,82741,1995,1997,463
82742,82742,1995,1996,56
82743,82743,1995,2020,6303
82744,82744,1995,1999,984
82745,82745,1995,2020,832
82746,82746,1995,2003,1791
82747,82747,1995,2020,6268
82749,82749,1995,1997,304
82750,82750,1995,2001,1323
82751,82751,1995,2004,2115
82752,82752,1996,2007,2830
82753,82753,1995,1999,918
82754,82754,1995,1998,693
82755,82755,1995,2011,3874
82757,82757,1995,1998,575
82758,82758,1995,1997,502
82759,82759,1995,2020,6306
82760,82760,1995,2001,1272
82761,82761,1995,1997,503
82762,82762,1995,2020,6259
82763,82763,1995,2014,4398
82765,82765,1995,1999,800
82766,82766,1995,2011,3951
82767,82767,1995,2005,1899
82768,82768,1995,2020,5834
82769,82769,1995,2000,1062
82770,82770,1995,1998,545
82771,82771,1995,2000,1185
82773,82773,1995,1998,630
82774,82774,1996,1999,926
82775,82775,1995,2020,6302
82776,82776,1995,1998,549
82777,82777,1995,2020,6304
82779,82779,1995,2020,6306
82780,82780,1995,2003,1759
82781,82781,1995,2000,1008
82782,82782,1995,1997,486
82783,82783,1995,1996,227
82784,82784,1995,2008,2902
82791,82791,1996,2000,983
82792,82792,1996,2002,1505
82793,82793,1996,2006,2727
82794,82794,1996,1999,670
82795,82795,1996,2001,1481
82797,82797,1996,2000,999
82800,82800,1996,2020,6286
82801,82801,1993,2003,2538
82802,82802,1996,2000,781
82803,82803,1996,1999,935
82804,82804,1996,2000,1152
82805,82805,1996,2005,2101
82806,82806,1996,2002,1374
82807,82807,1996,2000,1010
82808,82808,1996,1997,395
82809,82809,1996,2002,1341
82810,82810,1996,2007,2106
82811,82811,1996,2007,2846
82812,82812,1996,2020,3964
82813,82813,1996,2009,2977
82814,82814,1996,1996,73
82815,82815,1996,1998,647
82816,82816,1996,2006,1799
82817,82817,1996,1998,351
82818,82818,1996,2004,2021
82819,82819,1996,2009,3019
82821,82821,1996,2006,2618
82822,82822,1996,2000,911
82824,82824,1996,2020,4761
82825,82825,1996,2014,4569
82826,82826,1996,1999,704
82827,82827,1996,1999,838
82829,82829,1996,2001,1085
82830,82830,1996,2020,6274
82831,82831,1996,2019,4765
82832,82832,1996,2000,1030
82833,82833,1996,2020,6275
82834,82834,1996,2002,1457
82835,82835,1996,1999,968
82837,82837,1996,2011,3992
82838,82838,1996,1997,341
82839,82839,1996,2014,4438
82840,82840,1996,1998,743
82841,82841,1996,1998,725
82843,82843,1996,2003,1991
82845,82845,1996,1998,441
82846,82846,1996,2009,2707
82847,82847,1996,1999,568
82848,82848,1996,2020,4457
82849,82849,1996,2002,1081
82850,82850,1996,1998,720
82851,82851,1996,2000,1085
82853,82853,1996,1998,543
82854,82854,1996,2004,2057
82855,82855,1996,2020,6148
82856,82856,1996,1999,768
82857,82857,1996,2006,2214
82858,82858,1996,1999,890
82859,82859,1996,2020,6253
82860,82860,1996,2020,6253
82861,82861,1996,2007,2372
82862,82862,1996,1998,584
82863,82863,1996,2000,649
82924,82924,1995,2020,6400
82932,82932,1995,2020,4679
82959,82959,1993,2002,2317
82975,82975,1993,1993,65
82991,82991,1993,2007,2340
83011,83011,1993,2020,7051
83030,83030,1993,2011,4626
83062,83062,1993,1994,104
83106,83106,1996,2000,1011
83107,83107,1996,1999,725
83108,83108,1996,1998,629
83109,83109,1996,2001,901
83111,83111,1996,2020,6253
83112,83112,1996,2020,6198
83113,83113,1996,2014,4350
83114,83114,1996,1999,716
83117,83117,1996,1998,589
83119,83119,1996,1999,760
83120,83120,1996,2020,6246
83121,83121,1996,2006,2743
83122,83122,1996,2001,1421
83123,83123,1996,2013,4358
83124,83124,1996,2020,6248
83125,83125,1996,2006,2097
83127,83127,1996,2010,3532
83128,83128,1996,2001,1270
83129,83129,1996,2003,1753
83130,83130,1996,2003,1981
83131,83131,1996,2014,4521
83132,83132,1996,1998,565
83133,83133,1996,2001,1046
83134,83134,1996,2000,1168
83135,83135,1996,1998,667
83136,83136,1996,1997,471
83137,83137,1996,2000,1046
83138,83138,1996,2001,1366
83139,83139,1996,2008,1619
83140,83140,1996,1997,368
83141,83141,1996,2003,1863
83142,83142,1993,2007,3540
83143,83143,1996,2020,6266
83144,83144,1996,1998,682
83145,83145,1996,2020,6094
83146,83146,1996,2002,1589
83147,83147,1996,1997,298
83148,83148,1996,2020,6214
83149,83149,1996,2020,6041
83150,83150,1996,2000,1180
83151,83151,1996,2009,3278
83152,83152,1996,2014,3326
83153,83153,1996,1999,582
83154,83154,1996,2000,1066
83155,83155,1996,2020,4267
83156,83156,1996,1999,735
83157,83157,1996,1997,468
83158,83158,1996,1997,415
83159,83159,1996,1999,820
83160,83160,1996,1998,504
83161,83161,1996,2008,2881
83162,83162,1996,2006,2552
83163,83163,1996,2005,2339
83164,83164,1996,1997,338
83165,83165,1996,2003,993
83167,83167,1996,2000,1041
83168,83168,1996,1999,658
83170,83170,1996,2009,3103
83171,83171,1996,1998,620
83172,83172,1996,1998,561
83173,83173,1996,1998,560
83174,83174,1996,1999,731
83175,83175,1996,1998,586
83176,83176,1996,1998,554
83178,83178,1996,1999,720
83179,83179,1996,2000,884
83180,83180,1996,1999,831
83181,83181,1996,2001,1184
83183,83183,1996,2005,2464
83184,83184,1996,1999,621
83185,83185,1996,2002,1636
83186,83186,1995,2018,5651
83188,83188,1996,2020,6202
83189,83189,1996,2007,2845
83190,83190,1996,2001,1363
83191,83191,1996,1998,658
83193,83193,1996,2001,1264
83194,83194,1996,1997,206
83195,83195,1996,1997,195
83196,83196,1996,1997,207
83197,83197,1996,1997,213
83198,83198,1996,1997,203
83199,83199,1996,1997,222
83200,83200,1996,1997,199
83201,83201,1996,1997,200
83202,83202,1996,2001,1359
83203,83203,1996,2004,1377
83204,83204,1996,1999,842
83205,83205,1996,2001,1256
83206,83206,1996,2001,1260
83207,83207,1996,2000,1089
83226,83226,1996,2004,2010
83227,83227,1996,1998,599
83228,83228,1996,2001,1278
83229,83229,1996,2000,1021
83230,83230,1996,2000,931
83231,83231,1996,2000,1042
83232,83232,1996,1999,741
83233,83233,1996,2020,6247
83234,83234,1996,2003,1764
83235,83235,1996,2000,994
83236,83236,1996,2005,1428
83237,83237,1996,1998,524
83238,83238,1996,2001,1341
83239,83239,1996,2016,5208
83240,83240,1996,1999,763
83241,83241,1996,2000,1133
83242,83242,1996,1999,720
83243,83243,1996,1998,232
83244,83244,1996,2020,6225
83245,83245,1996,1999,865
83246,83246,1996,2000,1138
83247,83247,1996,2015,4147
83248,83248,1996,1999,711
83250,83250,1996,2003,1316
83251,83251,1996,2007,2925
83252,83252,1996,2001,1320
83253,83253,1996,1999,875
83254,83254,1996,1998,584
83255,83255,1996,1999,595
83256,83256,1996,2006,2154
83258,83258,1996,1996,170
83259,83259,1996,1998,521
83260,83260,1996,2000,923
83261,83261,1996,2001,1440
83262,83262,1996,1998,651
83263,83263,1996,1999,910
83264,83264,1996,2020,5132
83266,83266,1996,1997,402
83267,83267,1996,2001,1174
83268,83268,1996,1997,436
83269,83269,1996,1998,439
83270,83270,1996,2000,1150
83271,83271,1996,2000,1043
83272,83272,1996,2020,6174
83274,83274,1996,2000,967
83275,83275,1996,2011,3765
83276,83276,1996,1997,256
83277,83277,1996,1999,793
83278,83278,1996,1998,489
83279,83279,1996,2009,3395
83280,83280,1996,1999,942
83282,83282,1996,2001,1002
83283,83283,1996,2012,4220
83284,83284,1996,1998,669
83285,83285,1996,2001,1130
83286,83286,1996,2001,1255
83289,83289,1996,1998,534
83290,83290,1996,2000,1092
83291,83291,1996,2017,5271
83292,83292,1996,1998,405
83293,83293,1996,1999,855
83294,83294,1996,1999,677
83295,83295,1996,2005,2172
83296,83296,1996,2000,932
83297,83297,1996,2003,1572
83298,83298,1996,2001,1353
83299,83299,1996,2005,1882
83301,83301,1996,2008,3101
83303,83303,1996,2020,5499
83304,83304,1996,2020,6230
83305,83305,1996,1998,574
83306,83306,1996,1999,782
83307,83307,1996,2015,4975
83308,83308,1996,2000,1080
83309,83309,1996,2006,2523
83310,83310,1996,1999,802
83311,83311,1996,2001,1279
83312,83312,1996,2000,913
83313,83313,1996,1998,626
83314,83314,1996,1999,839
83315,83315,1996,1998,655
83316,83316,1996,2003,1322
83317,83317,1996,2013,4424
83318,83318,1996,1999,927
83319,83319,1996,1999,740
83320,83320,1996,1999,745
83321,83321,1996,2001,1293
83322,83322,1996,2002,1512
83323,83323,1996,2001,1419
83324,83324,1996,1999,787
83325,83325,1996,2002,771
83326,83326,1996,2006,2640
83327,83327,1996,1997,193
83330,83330,1996,1999,680
83331,83331,1996,2001,867
83332,83332,1996,2006,2683
83333,83333,1996,2012,4133
83334,83334,1996,2005,2127
83335,83335,1996,2003,563
83336,83336,1996,2003,533
83337,83337,1993,1993,76
83338,83338,1996,1999,549
83339,83339,1996,1999,702
83340,83340,1996,1996,168
83341,83341,1996,2000,1009
83342,83342,1996,2003,1807
83343,83343,1996,2000,988
83344,83344,1996,2004,1824
83345,83345,1993,2004,2895
83346,83346,1996,1999,748
83347,83347,1996,2005,2322
83348,83348,1996,2001,1210
83349,83349,1996,2003,1859
83350,83350,1996,2004,791
83351,83351,1996,2008,3089
83352,83352,1996,2001,961
83354,83354,1996,2000,1016
83355,83355,1996,1998,568
83356,83356,1996,2007,2666
83357,83357,1996,1999,711
83358,83358,1996,2000,1175
83359,83359,1996,2008,1892
83360,83360,1996,2000,961
83362,83362,1996,2010,2861
83363,83363,1996,2000,1098
83364,83364,1996,1998,556
83365,83365,1996,2012,4084
83366,83366,1996,2019,5840
83367,83367,1996,1998,450
83368,83368,1996,1999,903
83370,83370,1996,1997,338
83371,83371,1996,1998,153
83372,83372,1996,1999,702
83373,83373,1996,2012,2356
83374,83374,1996,2010,3451
83375,83375,1996,2001,558
83376,83376,1996,1999,877
83377,83377,1996,2011,3729
83378,83378,1996,2001,1234
83379,83379,1996,2001,1255
83381,83381,1996,1997,435
83382,83382,1996,2020,5165
83383,83383,1996,2004,2169
83384,83384,1996,1998,648
83386,83386,1996,2010,2880
83387,83387,1996,2020,4096
83388,83388,1996,2001,1276
83389,83389,1996,1999,830
83390,83390,1996,2020,6207
83391,83391,1996,2020,6118
83392,83392,1996,2000,1153
83393,83393,1996,1999,676
83394,83394,1996,1998,198
83395,83395,1996,2000,958
83396,83396,1993,2003,2271
83397,83397,1996,2001,1352
83398,83398,1996,2003,1671
83399,83399,1996,2020,6089
83400,83400,1996,1999,914
83401,83401,1996,1999,922
83402,83402,1996,2003,1282
83403,83403,1996,1999,839
83404,83404,1996,2005,1972
83405,83405,1996,2016,5135
83406,83406,1996,2001,1290
83407,83407,1996,2002,1331
83408,83408,1996,2004,1448
83409,83409,1996,1999,585
83410,83410,1996,2020,5122
83411,83411,1996,2020,3943
83412,83412,1996,2006,2696
83413,83413,1996,2015,4739
83414,83414,1996,2020,6128
83415,83415,1996,2000,1143
83416,83416,1996,2007,2414
83418,83418,1996,2007,2745
83419,83419,1996,2000,954
83420,83420,1996,1997,84
83421,83421,1996,2019,5909
83422,83422,1996,2020,6209
83423,83423,1996,1998,683
83424,83424,1996,2002,765
83426,83426,1996,1999,879
83427,83427,1996,2006,1525
83428,83428,1996,1998,514
83429,83429,1996,2009,2995
83430,83430,1996,2000,953
83431,83431,1996,1999,794
83432,83432,1996,1998,417
83433,83433,1993,2006,3335
83434,83434,1996,2002,1351
83435,83435,1996,2017,5328
83436,83436,1996,2001,1385
83437,83437,1996,1999,722
83438,83438,1996,1999,734
83439,83439,1996,1997,342
83440,83440,1996,2000,1153
83442,83442,1996,1998,667
83443,83443,1996,2020,6200
83444,83444,1996,2005,1688
83445,83445,1996,2020,6167
83446,83446,1996,1997,403
83447,83447,1996,1998,632
83448,83448,1996,2006,2023
83449,83449,1996,2001,1293
83450,83450,1996,2020,6166
83452,83452,1996,2012,3938
83453,83453,1996,2001,1314
83454,83454,1996,1997,350
83455,83455,1996,2005,2259
83456,83456,1996,2005,2233
83457,83457,1996,2002,1508
83458,83458,1996,2009,2889
83459,83459,1996,1998,586
83461,83461,1996,1998,651
83462,83462,1996,2020,6190
83463,83463,1999,2007,2005
83464,83464,1996,1998,410
83465,83465,1996,1997,344
83466,83466,1996,2006,2654
83467,83467,1996,2008,2981
83469,83469,1996,2020,6067
83470,83470,1996,1999,776
83471,83471,1996,2000,1019
83472,83472,1996,2001,1387
83473,83473,1996,1999,745
83474,83474,1996,2006,2065
83475,83475,1996,2009,3396
83477,83477,1996,1997,208
83478,83478,1996,2005,2270
83479,83479,1996,2000,1040
83480,83480,1996,1998,439
83481,83481,1996,1999,682
83482,83482,1996,1997,315
83483,83483,1996,2002,1237
83485,83485,1996,2001,1220
83486,83486,1996,2020,5787
83487,83487,1996,2003,1553
83488,83488,1996,1999,290
83489,83489,1996,1998,653
83490,83490,1996,1999,703
83491,83491,1996,1997,283
83493,83493,1996,1998,573
83494,83494,1996,1997,246
83495,83495,1996,2007,2811
83496,83496,1996,2005,2303
83497,83497,1996,1999,889
83498,83498,1996,1999,620
83499,83499,1996,2009,3296
83500,83500,1996,2003,1719
83501,83501,1996,2003,1103
83502,83502,1996,1998,566
83503,83503,1996,2018,5429
83504,83504,1996,2018,5095
83506,83506,1996,2002,1459
83507,83507,1996,1997,193
83508,83508,1996,2002,877
83509,83509,1996,2020,6191
83510,83510,1996,1997,331
83511,83511,1996,1998,608
83512,83512,1996,1999,678
83514,83514,1996,2002,960
83515,83515,1996,1999,825
83516,83516,1996,1999,877
83517,83517,1996,2001,1318
83518,83518,1996,2002,885
83519,83519,1996,1997,336
83520,83520,1996,2020,6208
83522,83522,1996,1998,310
83523,83523,1996,1999,651
83524,83524,1996,1999,762
83525,83525,1996,1999,558
83526,83526,1996,2005,2380
83527,83527,1996,2003,1737
83528,83528,1996,2002,1434
83529,83529,1996,2014,4666
83530,83530,1996,1998,354
83531,83531,1996,2008,3023
83532,83532,1996,2020,4835
83533,83533,1996,2007,2721
83534,83534,1996,2020,6192
83535,83535,1996,2006,2458
83536,83536,1996,1997,375
83537,83537,1996,1998,563
83538,83538,1996,1999,712
83539,83539,1996,2001,1361
83541,83541,1996,2013,4376
83542,83542,1996,1997,245
83543,83543,1996,2002,1532
83544,83544,1996,1999,725
83546,83546,1996,2003,1474
83547,83547,1996,2020,5904
83549,83549,1996,2001,1072
83550,83550,1996,1999,612
83551,83551,1996,2012,4133
83552,83552,1996,2003,857
83553,83553,1996,2001,1316
83554,83554,1996,2012,3957
83555,83555,1996,1999,789
83557,83557,1996,2002,1473
83558,83558,1996,2013,4178
83559,83559,1996,2005,2380
83560,83560,1996,2001,1290
83561,83561,1996,2000,886
83562,83562,1996,2000,187
83563,83563,1996,2004,1815
83565,83565,1996,2020,6191
83566,83566,1996,2009,3230
83567,83567,1996,2001,900
83568,83568,1996,2004,2161
83569,83569,1996,1997,399
83570,83570,1996,1999,805
83571,83571,1996,1997,361
83573,83573,1996,1998,355
83574,83574,1996,2001,1369
83575,83575,1996,2013,4265
83576,83576,1996,1999,712
83577,83577,1996,1998,576
83578,83578,1996,1998,587
83579,83579,1996,2002,1434
83580,83580,1996,2001,1244
83581,83581,1996,2005,2310
83582,83582,1996,2006,2622
83583,83583,1996,2004,2147
83586,83586,1996,2003,1674
83587,83587,1996,2008,2816
83588,83588,1996,2001,1370
83589,83589,1996,2010,3453
83590,83590,1996,2005,1555
83591,83591,1996,2007,2531
83592,83592,1996,2010,3593
83593,83593,1996,1998,174
83594,83594,1996,2000,966
83595,83595,1996,2001,1362
83596,83596,1996,2008,3073
83597,83597,1996,2020,6159
83598,83598,1996,1998,538
83600,83600,1996,2000,308
83601,83601,1993,2020,7051
83602,83602,1996,2017,5298
83603,83603,1996,1998,490
83604,83604,1996,2020,6170
83605,83605,1996,1998,464
83606,83606,1996,1997,345
83607,83607,1996,1999,652
83608,83608,1996,1997,172
83609,83609,1996,1999,657
83610,83610,1996,2007,2364
83611,83611,1996,1998,579
83612,83612,1996,2000,972
83613,83613,1996,2000,1117
83615,83615,1996,2006,2616
83616,83616,1996,2016,4986
83618,83618,1996,2001,1133
83619,83619,1996,2007,756
83621,83621,1996,2020,6170
83622,83622,1996,2019,3747
83623,83623,1996,2008,3011
83624,83624,1996,2002,1512
83625,83625,1996,2007,2819
83626,83626,1996,2000,1022
83627,83627,1996,1999,686
83628,83628,1996,2001,1216
83629,83629,1996,1998,582
83630,83630,1996,2020,5265
83631,83631,1996,2010,1830
83632,83632,1996,2009,3076
83633,83633,1996,2020,6033
83634,83634,1996,1998,417
83635,83635,1996,1999,552
83636,83636,1993,1994,287
83637,83637,1996,2000,1145
83638,83638,1996,2008,2963
83639,83639,1996,2020,6168
83640,83640,1996,1998,361
83641,83641,1996,2012,2102
83642,83642,1996,2020,5682
83643,83643,1996,2000,681
83645,83645,1996,2001,1286
83646,83646,1996,1998,299
83647,83647,1996,2008,3082
83648,83648,1996,2000,846
83649,83649,1996,1999,782
83650,83650,1996,2005,2227
83651,83651,1996,2020,6179
83653,83653,1996,2008,2688
83654,83654,1996,2008,1561
83655,83655,1996,1998,459
83656,83656,1996,2020,6049
83657,83657,1996,2007,2222
83658,83658,1996,2002,1466
83659,83659,1996,2015,4924
83660,83660,1996,2002,1589
83661,83661,1996,2019,5878
83662,83662,1996,1998,483
83663,83663,1996,2002,1298
83664,83664,1996,2010,3398
83665,83665,1996,2006,2435
83666,83666,1996,2000,904
83667,83667,1996,1999,707
83668,83668,1996,1999,653
83669,83669,1996,2007,2839
83670,83670,1996,1997,314
83671,83671,1996,2020,6181
83672,83672,1996,2003,714
83673,83673,1996,2006,1775
83674,83674,1996,2002,1418
83675,83675,1996,2000,1003
83676,83676,1996,1997,307
83677,83677,1996,2008,3135
83678,83678,1996,2001,1152
83680,83680,1996,1999,661
83681,83681,1996,2001,1208
83682,83682,1996,2002,924
83683,83683,1996,2020,6063
83684,83684,1996,2001,1223
83685,83685,1996,2002,1633
83686,83686,1996,2020,6166
83687,83687,1993,1999,1742
83688,83688,1996,2001,1389
83689,83689,1996,1999,685
83690,83690,1996,2020,6046
83691,83691,1996,1999,261
83692,83692,1996,1999,847
83693,83693,1996,2006,2325
83694,83694,1996,2007,2706
83696,83696,1996,1998,522
83697,83697,1996,1997,311
83699,83699,1996,2013,4175
83700,83700,1996,1999,789
83701,83701,1996,2002,1186
83702,83702,1996,2004,1892
83703,83703,1996,2002,1428
83704,83704,1996,2015,2706
83705,83705,1996,1998,631
83707,83707,1996,1998,527
83709,83709,1996,2006,2472
83710,83710,1996,1998,251
83711,83711,1996,1998,555
83712,83712,1996,1997,4
83714,83714,1996,1996,61
83715,83715,1996,2001,1320
83717,83717,1996,2003,1112
83718,83718,1996,2006,2457
83719,83719,1996,1999,645
83720,83720,1996,2020,6145
83721,83721,1996,2001,1167
83722,83722,1996,2006,2382
83723,83723,1996,2011,3342
83725,83725,1996,2007,2357
83726,83726,1996,2006,2351
83727,83727,1996,2004,1900
83728,83728,1995,2020,6399
83729,83729,1996,2009,3005
83730,83730,1996,2002,1610
83731,83731,1996,1998,534
83732,83732,1996,2000,1101
83733,83733,1996,1998,573
83734,83734,1996,2020,2865
83735,83735,1996,1998,437
83736,83736,1996,2006,1754
83737,83737,1996,1998,522
83738,83738,1996,2020,5352
83739,83739,1996,2000,1117
83740,83740,1996,2009,2818
83741,83741,1996,2004,1349
83742,83742,1996,2003,1686
83743,83743,1996,1998,507
83744,83744,1996,2008,3012
83745,83745,1996,2000,1091
83746,83746,1996,1997,249
83747,83747,1996,1999,745
83748,83748,1996,1999,519
83749,83749,1996,2001,1206
83750,83750,1996,2003,1413
83751,83751,1996,2000,896
83753,83753,1996,1998,424
83754,83754,1996,2001,424
83755,83755,1996,1999,841
83756,83756,1996,2020,6144
83757,83757,1996,1998,386
83758,83758,1996,2001,1087
83760,83760,1996,1997,230
83761,83761,1996,2001,1335
83762,83762,1996,2020,6159
83763,83763,1996,2000,1086
83764,83764,1996,2005,1000
83765,83765,1996,2001,1254
83766,83766,1996,1999,845
83768,83768,1996,1999,677
83769,83769,1996,1999,799
83770,83770,1996,2001,1242
83771,83771,1996,1998,272
83773,83773,1996,1999,790
83774,83774,1996,2020,6165
83776,83776,1996,2002,1614
83777,83777,1996,2004,1965
83778,83778,1996,2002,1386
83779,83779,1996,2020,6155
83780,83780,1996,2000,1123
83781,83781,1996,2000,1044
83782,83782,1996,2003,1718
83784,83784,1996,2000,939
83785,83785,1996,2002,1274
83786,83786,1996,2000,896
83787,83787,1996,1998,187
83788,83788,1996,1999,554
83789,83789,1996,2006,2392
83790,83790,1996,2007,2574
83791,83791,1996,2001,982
83792,83792,1996,1999,656
83793,83793,1996,1998,549
83794,83794,1996,2002,1546
83795,83795,1996,1999,645
83796,83796,1996,2001,808
83797,83797,1996,1998,435
83798,83798,1996,1999,798
83799,83799,1996,2020,6145
83800,83800,1996,2012,3528
83801,83801,1996,2000,1023
83803,83803,1996,1998,426
83804,83804,1993,2001,1053
83805,83805,1996,2000,917
83806,83806,1996,1998,509
83807,83807,1996,2008,2905
83808,83808,1996,2012,4093
83809,83809,1996,2002,1533
83810,83810,1996,2000,979
83811,83811,1996,1997,199
83812,83812,1993,1994,211
83813,83813,1996,2005,2211
83814,83814,1996,1998,417
83815,83815,1996,2020,6171
83816,83816,1996,2003,1623
83817,83817,1996,2016,4595
83818,83818,1996,1998,491
83819,83819,1996,1999,612
83820,83820,1996,2002,1407
83821,83821,1996,2004,1916
83822,83822,1996,2020,6141
83823,83823,1996,1999,841
83824,83824,1996,2000,1056
83825,83825,1996,2001,1195
83827,83827,1996,2020,4436
83828,83828,1996,2004,2052
83829,83829,1996,2000,942
83830,83830,1996,2001,1330
83831,83831,1996,2020,3887
83832,83832,1996,2013,4286
83833,83833,1996,2000,976
83834,83834,1996,2018,5434
83835,83835,1996,2020,6120
83836,83836,1996,2000,936
83837,83837,1996,1998,311
83838,83838,1996,2007,2761
83840,83840,1996,1999,645
83841,83841,1996,2000,1021
83842,83842,1996,1998,393
83843,83843,1996,1998,522
83844,83844,1996,2020,6124
83845,83845,1996,1998,439
83846,83846,1996,1997,104
83848,83848,1996,1997,174
83849,83849,1996,2003,1695
83850,83850,1996,2006,2383
83851,83851,1996,1998,554
83852,83852,1996,2000,871
83853,83853,1996,1997,234
83854,83854,1996,1997,206
83856,83856,1996,2020,6138
83857,83857,1996,1999,578
83858,83858,1996,2000,938
83859,83859,1996,2003,1750
83860,83860,1996,2006,2557
83861,83861,1996,2011,3401
83862,83862,1996,2020,6068
83863,83863,1993,2004,2915
83864,83864,1996,2001,923
83865,83865,1996,2000,905
83866,83866,1996,2011,3827
83867,83867,1996,1998,186
83868,83868,1996,2000,880
83869,83869,1996,1999,683
83870,83870,1996,1999,605
83871,83871,1996,1998,405
83872,83872,1996,1998,374
83873,83873,1996,1999,776
83874,83874,1996,1999,635
83875,83875,1996,2019,5206
83876,83876,1996,1997,179
83877,83877,1996,1999,681
83878,83878,1996,1998,500
83879,83879,1996,2020,6144
83880,83880,1996,2003,735
83881,83881,1996,1998,552
83882,83882,1996,2008,1806
83883,83883,1996,2020,6134
83884,83884,1996,2008,3028
83885,83885,1996,2020,6128
83886,83886,1996,2000,667
83887,83887,1996,1998,505
83888,83888,1996,1999,810
83889,83889,1996,2007,2662
83890,83890,1996,1998,561
83891,83891,1996,2004,1773
83892,83892,1996,1999,467
83893,83893,1996,2011,2307
83894,83894,1996,2001,897
83895,83895,1996,2003,1414
83896,83896,1996,2013,3165
83897,83897,1996,2007,2616
83898,83898,1993,2000,1822
83899,83899,1996,1998,449
83900,83900,1996,2000,864
83901,83901,1996,2000,955
83902,83902,1996,1999,787
83903,83903,1996,2018,5233
83904,83904,1996,1998,479
83905,83905,1996,2001,540
83906,83906,1996,2020,6114
83907,83907,1996,2001,1335
83908,83908,1996,2012,4011
83909,83909,1996,2020,6131
83910,83910,1996,2020,6082
83911,83911,1996,1997,298
83912,83912,1996,1998,425
83913,83913,1996,1998,389
83914,83914,1996,2000,889
83915,83915,1996,2000,1067
83916,83916,1996,2020,6144
83917,83917,1996,1998,391
83918,83918,1996,2005,2150
83919,83919,1993,2002,2362
83920,83920,1996,1999,795
83921,83921,1996,1998,414
83922,83922,1996,2000,957
83923,83923,1996,2007,1321
83924,83924,1996,2002,763
83925,83925,1996,2000,842
83926,83926,1996,2005,2236
83928,83928,1996,2013,4198
83929,83929,1996,2010,3345
83930,83930,1996,2003,1710
83931,83931,1996,2008,2577
83932,83932,1996,1998,373
83933,83933,1996,2002,1115
83934,83934,1996,2013,3471
83936,83936,1996,1998,414
83937,83937,1996,1998,450
83938,83938,1996,1998,559
83939,83939,1996,2013,4201
83940,83940,1996,2002,1557
83941,83941,1996,1999,776
83942,83942,1996,2004,2009
83943,83943,1996,1998,380
83944,83944,1996,2008,3019
83945,83945,1996,2002,1348
83946,83946,1996,2007,2789
83947,83947,1996,2001,1081
83948,83948,1996,1999,697
83950,83950,1996,2020,6105
83952,83952,1996,1999,497
83953,83953,1996,2011,3578
83954,83954,1996,2002,804
83955,83955,1996,1998,440
83956,83956,1996,2015,4506
83957,83957,1996,2009,2762
83958,83958,1996,2004,1886
83959,83959,1996,2001,1130
83960,83960,1996,2000,1017
83961,83961,1996,2016,5044
83962,83962,1996,1999,719
83963,83963,1996,2003,1591
83964,83964,1996,2001,1080
83965,83965,1996,2018,5513
83966,83966,1996,1998,329
83967,83967,1996,2005,2186
83968,83968,1996,2000,719
83969,83969,1996,2020,5930
83971,83971,1996,2000,829
83974,83974,1996,2007,2719
83975,83975,1996,1998,359
83976,83976,1996,2020,6107
83977,83977,1996,1999,591
83978,83978,1993,2003,1744
83979,83979,1996,1999,650
83980,83980,1996,2006,2462
83981,83981,1996,2005,2317
83982,83982,1996,2009,3185
83983,83983,1996,1999,621
83985,83985,1996,2003,1811
83987,83987,1996,2020,6105
83988,83988,1996,1998,378
83989,83989,1996,2020,6007
83990,83990,1996,1999,783
83991,83991,1996,2007,2693
83992,83992,1996,2015,4563
83993,83993,1996,1999,673
83995,83995,1996,2004,2054
83996,83996,1996,2015,4635
83998,83998,1996,2000,1010
83999,83999,1996,2000,843
84000,84000,1996,2000,896
84001,84001,1996,2007,2640
84002,84002,1996,1999,497
84003,84003,1996,2001,1136
84004,84004,1996,1998,191
84005,84005,1995,2008,3160
84007,84007,1996,2020,6103
84008,84008,1996,2012,3951
84009,84009,1996,1999,867
84010,84010,1996,2020,6146
84011,84011,1996,1997,235
84012,84012,1996,1997,212
84013,84013,1996,2001,1082
84015,84015,1996,2006,2408
84016,84016,1996,2006,2489
84017,84017,1996,2007,1895
84018,84018,1996,2000,964
84019,84019,1996,2001,1049
84020,84020,1998,2010,2932
84021,84021,1996,2006,2157
84023,84023,1996,2010,3478
84024,84024,1996,1998,503
84025,84025,1996,1998,516
84026,84026,1996,2020,6057
84027,84027,1996,1999,751
84028,84028,1996,1999,706
84029,84029,1996,2000,899
84030,84030,1996,2017,3635
84031,84031,1996,2009,3091
84032,84032,1996,2020,6084
84033,84033,1996,2006,2319
84034,84034,1996,2001,1130
84036,84036,1996,2007,2632
84037,84037,1996,2007,2573
84038,84038,1996,1998,432
84039,84039,1996,2002,1445
84040,84040,1996,2002,1440
84041,84041,1996,2020,6080
84042,84042,1996,2020,6088
84043,84043,1996,1999,432
84044,84044,1996,2006,2475
84045,84045,1996,2000,999
84046,84046,1996,2004,1875
84047,84047,1996,2004,2054
84048,84048,1996,1998,381
84050,84050,1996,2000,946
84051,84051,1996,2000,1020
84052,84052,1996,2020,5850
84053,84053,1996,1998,416
84054,84054,1996,1997,208
84055,84055,1996,1998,482
84056,84056,1996,2012,3701
84057,84057,1996,2012,3843
84058,84058,1996,2012,2201
84059,84059,1996,1997,235
84060,84060,1996,2015,4577
84061,84061,1996,1999,567
84062,84062,1996,2020,6061
84063,84063,1996,2003,751
84064,84064,1996,1998,516
84065,84065,1996,1999,713
84066,84066,1996,2001,851
84067,84067,1996,2009,2556
84068,84068,1996,1998,473
84069,84069,1996,2009,2997
84070,84070,1996,1998,407
84071,84071,1996,1997,185
84072,84072,1996,2020,6101
84073,84073,1993,2010,4373
84074,84074,1996,1998,448
84075,84075,1996,2006,2407
84076,84076,1996,2000,911
84077,84077,1996,1999,749
84078,84078,1996,2000,833
84079,84079,1996,1999,647
84080,84080,1996,1998,306
84082,84082,1996,1997,122
84083,84083,1996,2020,6063
84084,84084,1996,2020,6081
84085,84085,1996,1997,272
84086,84086,1996,1998,499
84087,84087,1996,1998,529
84088,84088,1996,1999,551
84089,84089,1996,1997,191
84090,84090,1996,1998,340
84091,84091,1996,1998,299
84092,84092,1996,1999,770
84093,84093,1996,2000,985
84094,84094,1996,2000,892
84095,84095,1996,1998,312
84096,84096,1996,2000,1022
84097,84097,1996,2001,1171
84098,84098,1996,2007,2721
84099,84099,1996,2001,1068
84101,84101,1996,1999,614
84102,84102,1993,2003,1571
84103,84103,1996,2019,5781
84104,84104,1996,2007,1901
84105,84105,1996,1998,335
84106,84106,1996,1999,738
84107,84107,1996,2005,2289
84108,84108,1996,2011,3306
84109,84109,1996,1998,293
84110,84110,1996,2008,2603
84111,84111,1996,2007,2731
84112,84112,1996,2003,1509
84113,84113,1996,2002,1417
84114,84114,1996,2010,3427
84115,84115,1996,1999,486
84116,84116,1996,2001,1104
84118,84118,1996,2001,1155
84119,84119,1996,1998,537
84120,84120,1996,2010,2953
84121,84121,1996,2001,981
84122,84122,1996,2006,2046
84123,84123,1996,1999,668
84124,84124,1996,1998,398
84125,84125,1996,2002,1404
84126,84126,1996,1999,560
84127,84127,1996,1999,617
84128,84128,1996,1998,322
84129,84129,1993,2020,7050
84130,84130,1996,2000,1019
84131,84131,1996,2007,1817
84132,84132,1996,2000,907
84133,84133,1996,2005,2051
84134,84134,1996,2007,2650
84135,84135,1996,1998,389
84136,84136,1996,2005,2203
84138,84138,1996,2002,936
84139,84139,1996,1998,490
84140,84140,1996,2017,3311
84141,84141,1996,1999,778
84142,84142,1996,2000,1019
84143,84143,1996,2001,1074
84144,84144,1996,2002,1504
84146,84146,1996,2010,1858
84147,84147,1996,2001,1123
84148,84148,1996,2001,1178
84149,84149,1996,2002,1281
84150,84150,1996,1998,399
84151,84151,1996,1999,750
84153,84153,1993,1998,1442
84154,84154,1996,2003,1378
84155,84155,1996,2005,2254
84157,84157,1996,2011,3618
84158,84158,1996,2002,1453
84159,84159,1996,2004,1803
84160,84160,1996,2007,1569
84161,84161,1993,2014,5264
84162,84162,1996,2008,2286
84163,84163,1996,2007,2629
84164,84164,1996,2007,2287
84165,84165,1996,2010,3418
84167,84167,1996,2020,6061
84168,84168,1996,2016,5056
84169,84169,1996,2006,2319
84170,84170,1996,1997,246
84172,84172,1996,2020,6067
84173,84173,1996,2010,3394
84174,84174,1996,2002,1147
84175,84175,1996,1997,169
84176,84176,1996,2020,6073
84177,84177,1996,2006,1178
84178,84178,1996,2006,1075
84179,84179,1996,2013,4253
84181,84181,1996,2020,6062
84182,84182,1996,1999,657
84183,84183,1996,1997,281
84184,84184,1996,2020,5098
84185,84185,1996,2020,3486
84186,84186,1996,2006,2225
84187,84187,1996,2001,924
84189,84189,1996,1997,211
84190,84190,1996,2006,2222
84191,84191,1996,2001,1106
84192,84192,1996,2002,1302
84193,84193,1996,2005,2075
84194,84194,1996,2004,1200
84195,84195,1996,1998,432
84196,84196,1993,1993,136
84197,84197,1996,1999,667
84198,84198,1996,2001,1172
84199,84199,1996,2000,671
84200,84200,1996,2002,1467
84201,84201,1996,1998,321
84202,84202,1996,2002,1269
84203,84203,1996,2020,6075
84204,84204,1996,2001,702
84205,84205,1996,2000,869
84206,84206,1996,2019,5253
84207,84207,1996,2020,6033
84208,84208,1996,2000,825
84209,84209,1996,2000,334
84210,84210,1996,2020,6055
84211,84211,1996,2005,2002
84212,84212,1996,2000,798
84213,84213,1996,1999,653
84214,84214,1996,2006,2353
84215,84215,1996,2020,4966
84216,84216,1996,2002,1278
84217,84217,1996,1999,673
84218,84218,1996,2001,1133
84219,84219,1996,2001,1038
84220,84220,1996,2000,961
84221,84221,1996,1998,510
84222,84222,1996,2001,1189
84223,84223,1996,2005,2207
84224,84224,1996,2001,1221
84226,84226,1996,2019,5775
84227,84227,1996,2001,974
84228,84228,1996,1996,6
84229,84229,1996,2005,2039
84230,84230,1996,2003,1328
84231,84231,1996,2003,1594
84232,84232,1996,2005,2143
84233,84233,1993,1993,63
84234,84234,1996,2020,5574
84235,84235,1996,2000,802
84237,84237,1996,2003,1392
84238,84238,1996,2006,2519
84239,84239,1996,2002,1376
84240,84240,1996,2005,1662
84241,84241,1993,2001,2112
84242,84242,1996,1997,280
84243,84243,1996,2004,1908
84244,84244,1996,2001,1087
84245,84245,1996,1998,463
84246,84246,1996,1999,599
84247,84247,1996,2006,2445
84248,84248,1996,1998,373
84249,84249,1996,2001,927
84250,84250,1996,2004,2032
84251,84251,1996,2001,1001
84252,84252,1996,2000,773
84253,84253,1996,2003,1778
84254,84254,1996,2004,1836
84255,84255,1996,2020,6079
84256,84256,1996,1999,762
84257,84257,1996,1999,670
84258,84258,1996,2000,921
84259,84259,1996,1999,752
84260,84260,1996,2007,2533
84261,84261,1996,1998,428
84262,84262,1996,2020,6067
84263,84263,1996,2015,4797
84264,84264,1996,1999,736
84265,84265,1996,2000,964
84266,84266,1996,2002,1378
84267,84267,1996,1999,738
84268,84268,1996,2019,5410
84269,84269,1996,1998,400
84270,84270,1996,1998,294
84271,84271,1996,1998,463
84272,84272,1996,1999,598
84273,84273,1996,1999,250
84274,84274,1996,2002,1529
84275,84275,1996,2020,6078
84276,84276,1993,2002,647
84277,84277,1996,2006,2229
84279,84279,1996,2003,1561
84280,84280,1996,2011,3684
84281,84281,1996,2014,4306
84282,84282,1996,2001,1207
84283,84283,1996,2006,2492
84285,84285,1996,1998,414
84286,84286,1996,1998,397
84287,84287,1996,2001,1072
84288,84288,1996,1999,563
84289,84289,1996,1997,247
84290,84290,1996,2000,658
84291,84291,1996,2010,3484
84293,84293,1996,2003,1284
84294,84294,1996,2001,889
84295,84295,1996,2001,551
84296,84296,1996,2001,1032
84297,84297,1996,2006,2355
84298,84298,1996,1998,373
84299,84299,1996,2002,869
84300,84300,1996,2003,1151
84301,84301,1996,2000,989
84302,84302,1996,2020,5688
84303,84303,1996,2003,627
84304,84304,1996,1998,337
84306,84306,1996,2001,968
84307,84307,1996,2005,2163
84308,84308,1996,1999,566
84309,84309,1996,2011,3656
84310,84310,1996,2000,893
84311,84311,1996,2012,3528
84312,84312,1996,2002,1280
84313,84313,1996,2006,987
84314,84314,1996,2020,5244
84315,84315,1996,2010,2896
84316,84316,1996,1998,282
84317,84317,1996,2004,1879
84318,84318,1996,1999,527
84319,84319,1996,2020,6030
84320,84320,1996,2015,4665
84321,84321,1996,2011,2169
84322,84322,1996,1999,566
84323,84323,1996,2004,1670
84324,84324,1996,2000,863
84325,84325,1996,2017,5287
84326,84326,1996,2005,2238
84327,84327,1996,2003,1673
84328,84328,1997,2001,1020
84329,84329,1996,2006,2310
84330,84330,1996,2013,4060
84331,84331,1996,2016,2867
84332,84332,1996,2000,253
84333,84333,1996,2001,1157
84334,84334,1996,2002,1200
84335,84335,1996,2000,996
84337,84337,1996,1999,523
84338,84338,1996,2017,5200
84339,84339,1996,2000,868
84341,84341,1996,2003,1478
84342,84342,1996,2016,4994
84343,84343,1996,2013,2950
84344,84344,1996,2010,3426
84345,84345,1996,2007,2722
84346,84346,1996,1999,532
84347,84347,1996,1998,366
84348,84348,1996,2020,6060
84349,84349,1996,2000,781
84350,84350,1996,1997,129
84351,84351,1996,2009,1887
84352,84352,1996,2012,3337
84358,84358,1996,2008,2908
84360,84360,1996,1999,380
84361,84361,1996,1999,593
84362,84362,1996,2003,1156
84363,84363,1996,2002,1419
84364,84364,1997,2015,4554
84365,84365,1997,2018,5319
84366,84366,1996,2000,810
84367,84367,1996,1997,166
84368,84368,1996,2001,1118
84369,84369,1996,2005,2055
84370,84370,1997,1997,10
84371,84371,1996,1998,365
84372,84372,1997,2020,6041
84373,84373,1997,2020,6032
84374,84374,1996,1999,626
84375,84375,1996,2020,6054
84376,84376,1996,2001,704
84377,84377,1997,1999,632
84381,84381,1996,2020,6052
84382,84382,1997,2002,1469
84383,84383,1996,2002,1283
84384,84384,1996,1999,578
84385,84385,1997,2020,6021
84386,84386,1997,2020,5964
84387,84387,1997,2020,5855
84388,84388,1997,2001,1103
84389,84389,1997,2020,5835
84390,84390,1997,2004,1803
84391,84391,1997,1998,259
84392,84392,1997,2020,6022
84393,84393,1997,2001,1045
84394,84394,1997,2003,1543
84395,84395,1997,2008,2868
84396,84396,1997,2002,1382
84397,84397,1997,2020,5492
84400,84400,1996,2017,5245
84401,84401,1996,1999,768
84402,84402,1997,2007,2737
84403,84403,1997,2020,6031
84404,84404,1997,2004,1053
84405,84405,1997,2003,1426
84406,84406,1997,2006,2466
84407,84407,1997,2002,1180
84408,84408,1997,2000,516
84409,84409,1997,2006,1780
84411,84411,1997,2003,1605
84412,84412,1997,2001,1026
84413,84413,1997,2020,6016
84414,84414,1997,2000,985
84415,84415,1997,2017,4783
84416,84416,1997,2014,4333
84417,84417,1997,2003,1166
84418,84418,1997,2000,765
84419,84419,1997,2020,5485
84420,84420,1997,2009,3050
84421,84421,1997,1998,390
84422,84422,1997,2001,1167
84423,84423,1997,1999,272
84424,84424,1997,1999,536
84425,84425,1997,1997,88
84426,84426,1997,2009,3012
84427,84427,1997,2000,929
84428,84428,1997,2001,1206
84429,84429,1997,1999,625
84430,84430,1997,1999,519
84431,84431,1997,2005,1325
84432,84432,1997,2002,1442
84433,84433,1997,2001,1053
84434,84434,1997,2003,1505
84435,84435,1997,2003,1713
84436,84436,1997,2003,1661
84437,84437,1997,1999,408
84438,84438,1997,2020,5679
84439,84439,1997,2005,2227
84440,84440,1997,1999,729
84441,84441,1997,2010,1948
84442,84442,1997,2004,1440
84508,84508,1997,2005,1951
84509,84509,1997,2004,1844
84510,84510,1997,2000,850
84511,84511,1997,2020,6016
84512,84512,1997,2002,936
84513,84513,1997,1999,663
84514,84514,1997,2007,2609
84516,84516,1997,2020,5893
84517,84517,1997,2004,1667
84519,84519,1997,2020,6015
84520,84520,1997,2000,891
84521,84521,1997,2014,1977
84522,84522,1997,2000,581
84523,84523,1997,2001,1057
84525,84525,1997,2005,2093
84526,84526,1997,2002,1321
84527,84527,1997,2000,918
84528,84528,1997,1998,403
84529,84529,1997,2009,1899
84530,84530,1997,2009,3176
84531,84531,1997,2016,4935
84533,84533,1997,1999,495
84534,84534,1997,2007,1983
84535,84535,1997,2000,798
84536,84536,1997,2005,1700
84537,84537,1997,1999,516
84538,84538,1997,1999,540
84539,84539,1997,1999,475
84540,84540,1997,2000,608
84542,84542,1997,2008,2820
84543,84543,1997,2004,1970
84544,84544,1997,2008,2905
84545,84545,1997,2003,1525
84546,84546,1997,2012,2592
84547,84547,1997,2002,1291
84548,84548,1997,2001,987
84549,84549,1997,2006,2211
84550,84550,1997,2001,619
84551,84551,1997,1998,420
84552,84552,1997,2007,2649
84553,84553,1997,2015,3657
84554,84554,1997,2000,863
84555,84555,1997,2014,4444
84556,84556,1997,2000,576
84559,84559,1997,2012,3810
84560,84560,1997,1999,549
84561,84561,1997,2011,3655
84562,84562,1997,2010,2400
84563,84563,1997,2020,5994
84564,84564,1997,2002,1194
84565,84565,1997,2007,2566
84566,84566,1997,2020,6014
84568,84568,1997,1999,651
84569,84569,1997,2000,917
84570,84570,1997,1998,331
84571,84571,1997,2010,3419
84572,84572,1997,2001,951
84573,84573,1997,1999,538
84576,84576,1997,2020,5788
84577,84577,1997,2002,1422
84578,84578,1997,2011,3269
84579,84579,1997,1998,367
84580,84580,1997,2000,806
84581,84581,1997,2019,5327
84582,84582,1997,1997,181
84583,84583,1997,1997,199
84584,84584,1997,2013,4014
84585,84585,1997,2000,769
84586,84586,1997,2000,746
84587,84587,1997,1998,405
84588,84588,1997,2020,6018
84589,84589,1997,2000,861
84590,84590,1997,2000,630
84592,84592,1997,2007,2568
84593,84593,1997,1997,3
84594,84594,1997,1997,125
84595,84595,1997,2003,1585
84596,84596,1997,2014,4390
84597,84597,1997,2020,5934
84598,84598,1997,1998,393
84599,84599,1997,2007,2597
84600,84600,1997,2000,891
84601,84601,1997,2020,5311
84603,84603,1997,2020,5535
84604,84604,1997,2020,5980
84605,84605,1997,2005,1964
84606,84606,1997,2020,5971
84607,84607,1997,2020,5992
84608,84608,1997,1999,432
84609,84609,1997,1999,651
84610,84610,1997,1999,401
84611,84611,1997,2001,753
84612,84612,1997,2000,865
84613,84613,1997,1999,605
84614,84614,1997,1998,423
84615,84615,1997,1998,229
84616,84616,1997,2007,2658
84617,84617,1997,2002,1130
84618,84618,1997,1998,261
84619,84619,1997,2000,700
84620,84620,1997,2006,2459
84621,84621,2006,2020,3573
84622,84622,1997,1999,575
84623,84623,1997,2001,448
84624,84624,1997,2020,5837
84625,84625,1997,2008,2916
84626,84626,1997,1999,635
84627,84627,1997,2000,740
84628,84628,1997,2001,980
84629,84629,1997,2005,1955
84630,84630,1997,1999,520
84631,84631,1997,1999,601
84632,84632,1997,1999,455
84633,84633,1997,1998,228
84634,84634,1997,1999,458
84635,84635,1997,2000,730
84636,84636,1997,2020,5976
84637,84637,1997,1998,120
84638,84638,1997,2009,2831
84639,84639,1997,2006,2384
84640,84640,1997,2006,2409
84641,84641,1997,1998,207
84642,84642,1997,2001,937
84644,84644,1997,2008,2976
84645,84645,1997,1999,546
84646,84646,1997,2000,633
84648,84648,1997,2017,4969
84649,84649,1997,2007,2092
84650,84650,1997,2020,3034
84651,84651,1997,2018,5307
84652,84652,1997,1998,258
84653,84653,1997,1998,302
84654,84654,1997,1999,641
84656,84656,1997,2020,5961
84657,84657,1997,2000,763
84658,84658,1997,2000,802
84659,84659,1997,2005,2001
84660,84660,1997,2020,5395
84661,84661,1997,2020,5713
84662,84662,1997,1999,492
84663,84663,1997,2001,977
84664,84664,1997,2003,1092
84666,84666,1997,2005,2098
84668,84668,1997,2018,5278
84669,84669,1997,2007,2650
84672,84672,1997,1999,289
84673,84673,1997,1998,188
84718,84718,1997,1998,306
84720,84720,1997,2001,1010
84721,84721,1997,2008,2776
84722,84722,1997,2003,1417
84723,84723,1997,2020,5867
84724,84724,1997,1999,454
84725,84725,1997,2020,4499
84726,84726,1997,1999,289
84728,84728,1997,1998,326
84729,84729,1997,2002,1214
84730,84730,1997,2010,3194
84731,84731,1997,2001,1049
84732,84732,1997,2002,1069
84733,84733,1997,2005,799
84734,84734,1997,2020,5958
84735,84735,1993,2001,1750
84736,84736,1997,2006,2051
84737,84737,1997,2020,5976
84738,84738,1997,2011,2147
84739,84739,1997,2001,841
84740,84740,1997,2004,1089
84741,84741,1997,1999,476
84742,84742,1997,2007,2514
84744,84744,1997,1999,612
84745,84745,1997,1998,346
84746,84746,1997,2013,4016
84747,84747,1997,1998,428
84748,84748,1997,2002,1146
84749,84749,1997,2017,4867
84750,84750,1997,2001,970
84752,84752,1997,2001,1150
84753,84753,1997,2001,1091
84754,84754,1997,2002,916
84755,84755,1997,2002,1356
84756,84756,1997,2005,1088
84757,84757,1997,2020,1396
84758,84758,1997,1998,303
84759,84759,1997,2004,900
84760,84760,1997,1997,59
84761,84761,1997,2020,5948
84762,84762,1997,1999,499
84763,84763,1997,2007,2043
84765,84765,1997,1998,279
84766,84766,1997,2008,2745
84767,84767,1997,2020,5939
84768,84768,1997,2006,2287
84769,84769,1997,2020,5943
84771,84771,1997,2000,676
84772,84772,1997,2018,4861
84774,84774,1997,1999,479
84775,84775,1997,2007,2485
84776,84776,1997,2018,5298
84777,84777,1997,2004,1753
84778,84778,1997,2000,782
84779,84779,1997,2008,2751
84780,84780,1997,2020,4669
84781,84781,1997,2020,5952
84782,84782,1997,2003,1151
84784,84784,1997,2007,1991
84785,84785,1997,2012,3896
84787,84787,1997,2001,1100
84788,84788,1997,2020,5948
84789,84789,1997,1999,538
84790,84790,1997,1999,395
84791,84791,1997,1998,272
84792,84792,1997,2011,3632
84793,84793,1997,2000,806
84795,84795,1997,1999,341
84796,84796,1997,2000,832
84797,84797,1997,1998,372
84798,84798,1997,2004,1206
84799,84799,1997,2001,980
84800,84800,1997,2000,526
84801,84801,1997,2003,1244
84802,84802,1997,2001,1056
84803,84803,1997,2001,1000
84804,84804,1997,1998,296
84805,84805,1997,2001,971
84806,84806,1997,2008,2254
84808,84808,1997,2017,4994
84809,84809,1997,2004,1227
84810,84810,1997,2000,903
84811,84811,1997,2004,1764
84812,84812,1997,1999,566
84813,84813,1997,2000,697
84814,84814,1997,1998,135
84815,84815,1997,1999,483
84816,84816,1997,2000,695
84817,84817,1997,2000,808
84818,84818,1997,1998,234
84819,84819,1997,2020,4785
84820,84820,1997,2020,5914
84821,84821,1997,1998,231
84822,84822,1997,1999,454
84823,84823,1997,2001,1063
84824,84824,1997,1999,605
84825,84825,1997,2020,3307
84826,84826,1997,2001,893
84827,84827,1997,2020,5945
84828,84828,1997,2020,5936
84829,84829,1997,2000,677
84830,84830,1997,1998,321
84831,84831,1997,1999,392
84832,84832,1997,1999,547
84833,84833,1997,2020,5220
84834,84834,1997,2008,2745
84836,84836,1997,2004,1823
84837,84837,1997,2008,1588
84838,84838,1997,1999,381
84839,84839,1997,2009,3061
84911,84911,1993,2009,3650
84997,84997,1997,2001,1029
84998,84998,1997,2003,1214
84999,84999,1997,2000,672
85000,85000,1997,1997,101
85001,85001,1997,2001,1067
85002,85002,1997,2020,5934
85003,85003,1997,2001,900
85004,85004,1997,2001,916
85005,85005,1997,2005,1995
85006,85006,1997,2000,673
85007,85007,1997,1999,422
85008,85008,1997,1997,54
85010,85010,1997,2000,655
85011,85011,1997,2001,956
85012,85012,1997,2003,1448
85013,85013,1997,2020,5678
85014,85014,1997,1999,548
85015,85015,1997,1998,299
85016,85016,1997,2000,810
85017,85017,1993,1998,1339
85018,85018,1997,2000,790
85019,85019,1997,2018,4418
85020,85020,1997,2020,5615
85021,85021,1997,2000,833
85022,85022,1997,1998,183
85023,85023,1997,2001,1103
85024,85024,1997,1998,152
85025,85025,1997,2007,2439
85026,85026,1997,2001,1009
85027,85027,1997,2000,763
85028,85028,1997,2003,1311
85029,85029,1997,2008,2696
85030,85030,1997,2001,1066
85031,85031,1997,2002,1247
85032,85032,1997,2011,3466
85033,85033,1993,1995,662
85034,85034,1997,2011,3489
85035,85035,1997,2020,5934
85036,85036,1997,2001,904
85037,85037,1997,1999,567
85038,85038,1997,2003,1502
85039,85039,1997,1999,443
85040,85040,1997,2020,4676
85041,85041,1993,1997,1165
85042,85042,1997,2009,2999
85043,85043,1997,2001,943
85044,85044,1997,2000,739
85045,85045,1997,2001,828
85046,85046,1997,2001,981
85047,85047,1997,2012,3306
85048,85048,1997,2000,766
85049,85049,1997,1999,400
85050,85050,1997,1999,616
85051,85051,1997,2008,2683
85055,85055,1997,1999,551
85057,85057,1997,2005,1885
85058,85058,1997,2020,5925
85059,85059,1997,2020,5918
85061,85061,1997,2011,3493
85062,85062,1997,2000,867
85063,85063,1997,1998,296
85064,85064,1997,2007,2356
85065,85065,1997,2000,851
85066,85066,1997,1998,286
85067,85067,1997,2020,5928
85068,85068,1997,2003,1359
85069,85069,1997,2000,625
85071,85071,1997,2000,877
85072,85072,1997,2020,5929
85073,85073,1997,2005,2089
85074,85074,1997,2007,2161
85075,85075,1997,2011,2432
85077,85077,1997,2020,5909
85078,85078,1997,2001,963
85079,85079,1997,2018,5154
85080,85080,1997,2007,2633
85081,85081,1997,2020,5928
85082,85082,1997,2020,5930
85084,85084,1993,2009,3535
85085,85085,1997,2000,854
85092,85092,1993,1993,4
85113,85113,1993,1995,463
85157,85157,1997,1998,167
85158,85158,1997,2011,3270
85159,85159,1997,1999,509
85160,85160,1997,2001,1059
85161,85161,1997,2003,1511
85162,85162,1997,1999,603
85163,85163,1997,1999,608
85164,85164,1993,2003,1073
85165,85165,1997,2004,1552
85166,85166,1997,2001,890
85167,85167,1997,2001,925
85168,85168,1997,2020,5914
85169,85169,1997,2001,825
85170,85170,1997,2004,1627
85171,85171,1997,1999,471
85172,85172,1993,2020,7051
85173,85173,1997,2016,4838
85174,85174,1997,2000,716
85175,85175,1997,2010,3365
85176,85176,1997,2020,5071
85177,85177,1997,2020,5914
85178,85178,1997,2006,2002
85179,85179,1997,2006,2021
85180,85180,1997,2001,945
85181,85181,1997,2001,888
85182,85182,1997,2001,878
85183,85183,1997,2001,827
85184,85184,1997,2000,837
85185,85185,1997,1999,357
85186,85186,1997,2001,887
85187,85187,1997,2020,5906
85188,85188,1997,2000,678
85189,85189,1997,1998,223
85190,85190,1997,2004,1557
85191,85191,1997,1999,533
85192,85192,1997,2009,3132
85193,85193,1997,2003,1359
85194,85194,1997,2001,845
85195,85195,1997,1999,490
85196,85196,1997,2007,2519
85197,85197,1997,2005,1788
85198,85198,1997,2020,5881
85200,85200,1997,1999,336
85201,85201,1993,1998,1480
85202,85202,1997,2005,1372
85203,85203,1997,1999,401
85204,85204,1997,2013,3914
85205,85205,1997,2020,5780
85206,85206,1997,2016,4512
85207,85207,1997,2002,1158
85208,85208,1997,2016,3111
85209,85209,1997,2002,703
85210,85210,1997,2005,1632
85211,85211,1997,2014,4242
85212,85212,1997,2003,1489
85213,85213,1997,2006,1932
85214,85214,1997,2006,2047
85215,85215,1997,1999,406
85216,85216,1997,2011,3343
85217,85217,1997,2000,701
85218,85218,1997,2003,1558
85219,85219,1997,1999,377
85220,85220,1993,1995,617
85221,85221,1997,2002,1172
85222,85222,1997,2007,2567
85223,85223,1997,2012,3813
85224,85224,1997,2002,1261
85225,85225,1997,2006,2256
85227,85227,1997,2000,791
85228,85228,1997,2001,827
85231,85231,1997,2011,3389
85232,85232,1997,2011,3569
85233,85233,1997,2001,828
85234,85234,1997,2020,5904
85235,85235,1997,2020,5818
85236,85236,1993,1993,247
85237,85237,1997,2020,5892
85238,85238,1997,2007,2414
85239,85239,1997,2001,1052
85240,85240,1997,2007,2549
85241,85241,1997,2001,731
85242,85242,1997,2001,1010
85243,85243,1997,2002,1065
85245,85245,1997,2010,3220
85246,85246,1997,2020,5904
85247,85247,1997,2001,1093
85248,85248,1997,2001,920
85249,85249,1997,2000,653
85250,85250,1997,2003,1510
85251,85251,1997,1998,313
85252,85252,1993,1997,535
85253,85253,1997,2001,737
85254,85254,1997,2020,4357
85255,85255,1997,2008,2796
85256,85256,1997,2001,1075
85257,85257,1997,2020,5889
85258,85258,1997,1998,320
85259,85259,1997,2020,5883
85260,85260,1997,2000,833
85261,85261,1997,2020,5889
85264,85264,1997,2006,2322
85265,85265,1997,2020,5884
85266,85266,1997,2003,1582
85267,85267,1997,2005,1991
85268,85268,1997,2003,1575
85269,85269,1997,2020,5887
85270,85270,1997,2000,765
85271,85271,1997,2017,4865
85272,85272,1997,2020,5595
85273,85273,1997,1998,200
85274,85274,1997,2001,878
85275,85275,1997,2000,588
85276,85276,1997,1998,239
85277,85277,1997,2000,725
85278,85278,1997,1998,282
85280,85280,1997,2019,5617
85281,85281,1997,2002,1144
85282,85282,1997,2004,1207
85283,85283,1997,1999,435
85284,85284,1997,1999,342
85285,85285,1997,2020,5763
85286,85286,1997,1999,541
85287,85287,1993,1997,1008
85288,85288,1997,1999,364
85289,85289,1997,2000,712
85290,85290,1997,1999,515
85291,85291,1997,2013,4109
85292,85292,1997,2004,1715
85293,85293,1997,2020,5887
85294,85294,1997,2007,2347
85296,85296,1997,2001,920
85297,85297,1997,1998,294
85298,85298,1997,2011,3489
85299,85299,1997,2020,5641
85300,85300,1997,1999,573
85301,85301,1997,1999,393
85302,85302,1997,2002,1124
85303,85303,1997,2002,1101
85304,85304,1997,2005,1868
85305,85305,1997,1999,416
85306,85306,1997,2007,2210
85307,85307,1997,1999,465
85309,85309,1997,2001,1057
85310,85310,1997,1999,420
85311,85311,1997,2006,2197
85312,85312,1997,1998,282
85313,85313,1997,1998,332
85314,85314,1997,2020,5322
85315,85315,1997,2003,1478
85317,85317,1997,2008,1855
85318,85318,1997,1999,486
85319,85319,1997,2018,5324
85320,85320,1997,2019,4203
85321,85321,1997,1999,371
85322,85322,1997,2007,2414
85323,85323,1997,2002,1200
85325,85325,1997,2002,1294
85326,85326,1997,2000,788
85327,85327,1997,2003,1216
85331,85331,1997,2001,865
85332,85332,1997,2020,5492
85333,85333,1997,2015,4542
85334,85334,1997,2002,1215
85335,85335,1997,1999,549
85336,85336,1997,2008,2675
85337,85337,2006,2020,3590
85338,85338,1997,2000,605
85339,85339,1997,2020,5852
85340,85340,1997,2020,5846
85341,85341,1997,1999,410
85342,85342,1997,2006,2130
85343,85343,1997,2002,475
85344,85344,1997,2002,1169
85346,85346,1997,2020,5772
85347,85347,1997,2008,2766
85348,85348,1997,2020,5848
85349,85349,1997,2020,5852
85350,85350,1997,2008,2385
85351,85351,1997,2006,2335
85352,85352,1997,1999,418
85353,85353,1997,2011,3538
85354,85354,1997,2009,2714
85355,85355,1997,2003,1540
85356,85356,1997,2009,2527
85357,85357,1997,2000,668
85358,85358,1997,2005,2002
85359,85359,1993,1995,550
85360,85360,1997,2000,603
85361,85361,1997,2002,1194
85362,85362,1997,1998,276
85363,85363,1997,2001,896
85364,85364,1997,2000,664
85365,85365,1997,1999,489
85366,85366,1997,1999,368
85368,85368,1997,1998,153
85370,85370,1997,2001,788
85371,85371,1997,1999,551
85372,85372,1997,2020,5774
85373,85373,1997,2001,945
85374,85374,1997,2009,2958
85375,85375,1993,2004,2701
85376,85376,1997,2010,3278
85377,85377,1997,1999,475
85378,85378,1997,2001,934
85379,85379,1997,1999,439
85380,85380,1997,2003,1491
85381,85381,1997,1999,470
85382,85382,1997,2007,2420
85384,85384,1997,2003,605
85385,85385,1997,2000,680
85386,85386,1997,1999,535
85387,85387,1997,1999,426
85388,85388,1997,2001,1049
85389,85389,1997,2000,579
85390,85390,1997,2020,5858
85392,85392,1997,1999,305
85393,85393,1997,2003,1444
85394,85394,1997,2020,5822
85395,85395,1997,2013,3905
85396,85396,1997,2004,1662
85397,85397,1997,2020,5725
85398,85398,1997,2002,894
85399,85399,1997,2020,837
85400,85400,1997,2001,851
85401,85401,1997,2020,5025
85402,85402,1997,2011,2685
85403,85403,1997,1999,248
85404,85404,1993,2009,1426
85405,85405,1997,2004,1648
85406,85406,1997,2014,3491
85408,85408,1997,2001,918
85409,85409,1996,1997,397
85410,85410,1997,2003,1366
85411,85411,1997,2010,2740
85413,85413,1997,2005,2029
85414,85414,1997,2020,5847
85415,85415,1997,2006,2241
85416,85416,1997,2001,943
85417,85417,1997,1998,223
85418,85418,1997,2020,5712
85419,85419,1997,2020,5818
85420,85420,1997,2008,2803
85421,85421,1997,2020,5837
85422,85422,1997,1999,394
85423,85423,1997,2009,2829
85424,85424,1997,2020,5836
85425,85425,1997,2020,5838
85426,85426,1997,2020,5847
85427,85427,1997,2020,5831
85429,85429,1997,2002,1191
85431,85431,1997,2005,1824
85432,85432,1997,2014,3797
85433,85433,1997,2008,2541
85434,85434,1997,2004,1528
85435,85435,1997,1998,127
85436,85436,1997,1999,324
85437,85437,1997,2002,1196
85439,85439,1993,2014,5245
85440,85440,1997,2020,5844
85441,85441,1997,2002,1053
85442,85442,1997,2020,5847
85444,85444,1997,1999,407
85445,85445,1997,2013,3992
85446,85446,1997,2007,2484
85449,85449,1997,2020,5835
85450,85450,1997,1999,512
85451,85451,1997,1998,187
85452,85452,1997,2011,3545
85453,85453,1997,2013,2794
85454,85454,1997,2001,852
85456,85456,1997,2000,738
85457,85457,1997,2010,2711
85458,85458,1997,2005,1920
85459,85459,1997,2020,5840
85460,85460,1997,2001,786
85461,85461,1997,2000,759
85462,85462,1997,2003,1283
85463,85463,1997,2005,1948
85464,85464,1997,2020,5827
85465,85465,1997,2003,518
85466,85466,1997,2000,656
85467,85467,1997,2020,4603
85468,85468,1997,2004,1536
85469,85469,1997,1999,352
85470,85470,1997,2000,616
85472,85472,1997,2020,5764
85473,85473,1997,2002,1216
85474,85474,1997,1999,376
85475,85475,1997,1999,438
85476,85476,1997,1999,487
85477,85477,1997,2009,2790
85478,85478,1997,2003,1272
85479,85479,1997,2002,1139
85480,85480,1997,2002,1193
85481,85481,1997,2000,755
85482,85482,1997,2018,4473
85483,85483,1997,1999,355
85484,85484,1997,2001,603
85485,85485,1997,2004,1566
85486,85486,1997,2011,3444
85487,85487,1997,1999,301
85488,85488,1997,2020,5843
85489,85489,1997,2000,698
85491,85491,1997,2003,1431
85492,85492,1997,2006,2086
85493,85493,1997,2000,768
85494,85494,1997,2010,2419
85495,85495,1997,2005,2006
85496,85496,1997,2015,4544
85498,85498,1997,2000,641
85499,85499,1997,2000,567
85500,85500,1997,2011,3011
85501,85501,1997,2000,819
85502,85502,1997,2020,5761
85503,85503,1997,2000,575
85504,85504,1997,2000,649
85505,85505,1997,2001,938
85506,85506,1997,2001,920
85507,85507,1997,2000,665
85508,85508,1997,2000,705
85509,85509,1997,2002,1210
85510,85510,1997,2007,1977
85511,85511,1997,2015,4446
85512,85512,1997,2004,1801
85513,85513,1997,2003,1223
85514,85514,1997,2000,600
85515,85515,1997,2001,913
85516,85516,1997,2013,3979
85517,85517,1997,2020,5841
85518,85518,1997,2003,1364
85520,85520,1997,2007,2342
85521,85521,1997,2006,2134
85522,85522,1997,2017,4822
85523,85523,1997,2007,2464
85524,85524,1997,2006,2237
85525,85525,1997,1999,307
85526,85526,1997,2020,5461
85527,85527,1993,2001,1667
85528,85528,1997,2001,600
85529,85529,1997,2005,1782
85530,85530,1997,2001,854
85531,85531,1997,2008,2650
85532,85532,1997,2000,563
85533,85533,1997,1999,490
85534,85534,1997,1999,357
85536,85536,1997,2002,840
85537,85537,1997,2001,1016
85538,85538,1997,1999,358
85539,85539,1997,2020,5810
85540,85540,1997,2020,4965
85541,85541,1997,1999,336
85542,85542,1997,2000,733
85544,85544,1997,2002,1127
85545,85545,1997,2000,629
85546,85546,1997,1999,488
85547,85547,1997,2002,1237
85548,85548,1997,2007,2455
85549,85549,1997,2010,3075
85550,85550,1997,2011,3360
85552,85552,1997,2005,1517
85553,85553,1997,2001,713
85554,85554,1997,2001,797
85555,85555,1997,2000,562
85556,85556,1997,2002,586
85557,85557,1997,2002,985
85558,85558,1997,2003,496
85559,85559,1997,2015,3814
85560,85560,1997,2000,608
85561,85561,1997,2002,1016
85562,85562,1997,2000,579
85563,85563,1997,2000,541
85564,85564,1997,2010,2385
85565,85565,1997,2012,3598
85566,85566,1997,1999,488
85567,85567,1997,2020,5606
85568,85568,1997,2001,816
85569,85569,1997,1998,29
85570,85570,1993,2020,6386
85571,85571,1997,2020,5680
85572,85572,1997,2016,3205
85573,85573,1997,2001,880
85574,85574,1997,2000,576
85575,85575,1997,2002,983
85576,85576,1997,2020,5815
85577,85577,1997,2003,1235
85578,85578,1997,2001,906
85579,85579,1997,2004,1779
85581,85581,1997,2001,873
85582,85582,1997,2002,1279
85583,85583,1997,2004,1379
85584,85584,1997,2000,598
85585,85585,1997,2002,1117
85586,85586,1993,2020,6273
85587,85587,1997,2000,755
85588,85588,1997,1999,503
85589,85589,1997,2003,1472
85590,85590,1997,2013,3691
85592,85592,1997,2020,5815
85593,85593,1997,2020,5815
85596,85596,1997,2002,1091
85597,85597,1997,2000,765
85598,85598,1997,1999,356
85599,85599,1997,2001,894
85600,85600,1997,2000,541
85602,85602,1997,2020,5743
85603,85603,1997,2004,1555
85604,85604,1997,2020,5818
85606,85606,1997,2002,1230
85607,85607,1993,1998,1184
85608,85608,1997,2007,2417
85609,85609,1997,1998,171
85610,85610,1997,2000,645
85611,85611,1997,2011,3452
85612,85612,1997,2000,660
85613,85613,1997,2000,696
85614,85614,1997,2002,1040
85615,85615,1993,1993,24
85616,85616,1997,2020,5546
85617,85617,1997,2010,3269
85618,85618,1997,1999,390
85619,85619,1997,2006,2066
85620,85620,1997,2005,1860
85621,85621,1997,2020,5820
85622,85622,1997,2009,2877
85624,85624,1997,2005,1919
85625,85625,1997,2008,2787
85626,85626,1997,2001,808
85627,85627,1997,2020,5820
85629,85629,1997,2006,2282
85630,85630,1997,1999,451
85631,85631,1993,2020,7051
85632,85632,1997,1999,498
85633,85633,1997,2009,2797
85634,85634,1997,1998,155
85635,85635,1997,2015,4407
85636,85636,1997,2020,5819
85638,85638,1997,1998,228
85639,85639,1997,2003,1508
85640,85640,1997,2006,2072
85641,85641,1997,2003,1295
85645,85645,1998,2020,5788
85646,85646,1997,2001,816
85647,85647,1997,2012,3752
85648,85648,1997,1998,181
85649,85649,1997,2000,598
85651,85651,1998,2002,827
85652,85652,1997,1999,191
85653,85653,1997,2020,5794
85654,85654,1997,2001,955
85655,85655,1997,1998,168
85656,85656,1997,2020,3789
85658,85658,1997,2001,857
85659,85659,1997,2017,3716
85660,85660,1997,2000,662
85661,85661,1997,2004,1584
85662,85662,1997,2000,412
85663,85663,1997,2020,5797
85668,85668,1996,2009,3082
85669,85669,1997,2007,1443
85670,85670,1997,2000,727
85671,85671,1997,2009,2931
85672,85672,1998,2000,727
85673,85673,1997,2002,1182
85675,85675,1997,2018,5215
85676,85676,1997,2001,823
85677,85677,1997,1999,357
85678,85678,1997,2001,696
85679,85679,1997,2008,1324
85680,85680,1997,2012,3574
85682,85682,1993,1993,9
85683,85683,1997,2001,807
85684,85684,1997,2000,588
85685,85685,1997,2010,3204
85686,85686,1997,2020,5769
85687,85687,1997,2002,885
85688,85688,1997,2003,1203
85689,85689,1997,1999,457
85690,85690,1997,2001,894
85691,85691,1997,2003,1232
85692,85692,1997,1998,196
85693,85693,1997,2004,716
85694,85694,1997,2002,1161
85695,85695,1997,1999,429
85696,85696,1997,1999,288
85697,85697,1997,2001,797
85698,85698,1997,2006,2166
85699,85699,1997,2007,2277
85700,85700,1997,2001,928
85701,85701,1997,2002,1216
85702,85702,1997,2006,1823
85703,85703,1993,2002,2121
85704,85704,1997,2003,1328
85705,85705,1997,2020,5297
85706,85706,1997,2020,5801
85707,85707,1997,2010,3194
85708,85708,1997,2008,1623
85709,85709,1997,2003,1321
85710,85710,1997,2020,5578
85711,85711,1993,2003,2536
85712,85712,1997,2003,1222
85713,85713,1997,2003,1314
85714,85714,1997,2009,2237
85715,85715,1997,2002,1049
85716,85716,1997,2013,3745
85717,85717,1997,2006,1600
85718,85718,1997,2002,1090
85719,85719,1997,2000,561
85720,85720,1997,2000,607
85721,85721,1997,2004,1692
85722,85722,1997,2000,868
85723,85723,1997,2000,659
85724,85724,1998,2020,5744
85725,85725,1998,2020,4986
85726,85726,1998,2020,4694
85727,85727,1998,2001,672
85728,85728,1998,2017,4160
85729,85729,1998,2006,2041
85730,85730,1993,1997,1015
85731,85731,1998,2020,5693
85732,85732,1998,2002,1008
85733,85733,1998,2002,1053
85734,85734,1998,2003,830
85735,85735,1998,2004,1224
85736,85736,1998,2005,1311
85737,85737,1998,1999,421
85738,85738,1998,2020,5766
85739,85739,1998,2015,4429
85740,85740,1998,2005,1447
85741,85741,1998,2020,5631
85742,85742,1998,2002,820
85743,85743,1998,2000,373
85744,85744,1998,2020,5726
85745,85745,1998,1999,317
85746,85746,1993,1997,1103
85747,85747,1998,2001,863
85748,85748,1998,2008,1975
85749,85749,1998,2008,2483
85750,85750,1998,2000,598
85751,85751,1998,2020,5549
85752,85752,1998,2005,893
85753,85753,1998,2020,5765
85754,85754,1993,2005,2309
85755,85755,1998,2008,2732
85756,85756,1998,2010,1811
85757,85757,1998,2020,5139
85758,85758,1998,1998,216
85759,85759,1998,2010,3111
85760,85760,1998,2004,1540
85761,85761,1998,2001,969
85762,85762,1993,1994,481
85763,85763,1998,2020,5776
85766,85766,1998,2004,1509
85767,85767,1998,2000,601
85768,85768,1998,2020,5626
85769,85769,1998,2001,796
85770,85770,1998,2012,3586
85771,85771,1998,2007,2429
85772,85772,1998,2018,5107
85773,85773,1998,1999,3
85774,85774,1998,2002,1244
85775,85775,1998,2002,997
85776,85776,1998,2007,2290
85777,85777,1998,2007,1890
85778,85778,1998,1998,136
85779,85779,1998,2000,447
85780,85780,1997,2001,782
85781,85781,1998,2001,852
85782,85782,1998,2002,1094
85785,85785,1998,2013,3975
85786,85786,1998,2004,1627
85787,85787,1998,2002,1042
85789,85789,1993,2020,7011
85790,85790,1998,2000,472
85791,85791,1998,1999,445
85792,85792,1998,2020,5760
85793,85793,1998,2009,2989
85795,85795,1998,2002,1041
85796,85796,1998,2020,5757
85798,85798,1998,2020,3931
85799,85799,1998,2016,4120
85800,85800,1998,2000,601
85801,85801,1998,2013,3809
85802,85802,1998,2003,1368
85803,85803,1998,2004,1734
85804,85804,1998,2016,3281
85805,85805,1998,1999,259
85806,85806,1998,2005,1971
85807,85807,1998,2001,853
85808,85808,1998,2000,647
85809,85809,1998,2000,451
85810,85810,1993,1996,684
85811,85811,1998,1999,358
85812,85812,1998,1999,474
85813,85813,1998,2001,814
85814,85814,1998,2007,2404
85815,85815,1998,1999,422
85816,85816,1998,2005,1855
85817,85817,1998,2005,1484
85818,85818,1998,2000,728
85819,85819,1998,2007,2234
85820,85820,1998,2003,1389
85821,85821,1993,2002,1257
85822,85822,1998,2008,2491
85823,85823,1998,2001,740
85824,85824,1998,2008,2614
85825,85825,1998,2008,2494
85827,85827,1998,2001,837
85828,85828,1998,1999,289
85829,85829,1998,2019,4643
85830,85830,1998,2000,495
85831,85831,1998,1998,224
85832,85832,1998,2010,3022
85833,85833,1998,2001,652
85835,85835,1998,2003,1443
85836,85836,1998,2006,2011
85837,85837,1998,2009,2782
85838,85838,1998,2012,3683
85839,85839,1998,2017,4851
85840,85840,1998,2010,3179
85841,85841,1998,1999,357
85842,85842,1993,2003,2080
85843,85843,1998,2001,871
85844,85844,1998,2004,1263
85845,85845,1998,2006,2141
85846,85846,1998,2008,2458
85847,85847,1998,2002,998
85849,85849,1998,2001,905
85850,85850,1998,2003,1275
85851,85851,1998,2002,1076
85852,85852,1998,2000,444
85853,85853,1998,1999,243
85854,85854,1998,2006,1999
85855,85855,1998,2001,957
85856,85856,1998,2001,703
85857,85857,1998,2011,3339
85858,85858,1998,2000,476
85859,85859,1998,2000,524
85860,85860,1998,2020,5730
85861,85861,1998,2006,1719
85862,85862,1998,2001,740
85863,85863,1998,2020,5729
85864,85864,1998,2009,2904
85865,85865,1998,2010,2634
85866,85866,1998,2001,751
85867,85867,1998,2002,1167
85868,85868,1998,2004,1497
85869,85869,1993,2001,2026
85870,85870,1998,2001,883
85871,85871,1998,2011,3448
85872,85872,1998,2000,507
85873,85873,1998,2002,957
85874,85874,1998,2005,1035
85875,85875,1998,2020,5731
85876,85876,1998,2006,2062
85878,85878,1998,1999,350
85879,85879,1998,2006,2158
85880,85880,1998,2011,3313
85881,85881,1998,2000,549
85882,85882,1998,2007,2370
85883,85883,1998,2020,4329
85884,85884,1998,2000,661
85885,85885,1993,2009,3005
85886,85886,1998,2020,5748
85887,85887,1998,2001,699
85888,85888,1998,2019,5227
85889,85889,1998,2020,5745
85890,85890,1998,2005,1447
85891,85891,1998,2001,890
85892,85892,1998,1999,371
85893,85893,1993,2000,1916
85894,85894,1998,2005,1916
85895,85895,1998,2001,777
85896,85896,1998,2009,2943
85897,85897,1998,2020,5644
85898,85898,1998,2006,2129
85899,85899,1998,2003,1159
85900,85900,1998,2008,2599
85901,85901,1998,1999,424
85902,85902,1998,2003,1410
85903,85903,1998,2020,5530
85904,85904,1998,2002,1112
85905,85905,1998,2020,5729
85908,85908,1998,2020,5722
85909,85909,1998,2018,5139
85910,85910,1998,1999,386
85913,85913,1998,2020,5729
85914,85914,1993,2020,7051
85915,85915,1998,2000,495
85916,85916,1998,2020,5732
85917,85917,1998,2020,5742
85918,85918,1998,2020,5722
85919,85919,1998,2000,450
85921,85921,1998,2001,902
85922,85922,1993,2004,2871
85923,85923,1998,2009,2654
85924,85924,1998,1999,270
85925,85925,1998,2020,5734
85926,85926,1998,2020,5722
85927,85927,1998,2002,941
85928,85928,1998,2001,857
85929,85929,1998,2001,815
85930,85930,1998,2001,714
85931,85931,1998,2020,5746
85932,85932,1998,2017,4556
85933,85933,1998,2005,1805
85934,85934,1998,2001,779
85935,85935,1998,2020,5715
85936,85936,1998,2000,650
85937,85937,1998,2002,1116
85938,85938,1998,1999,250
85939,85939,1998,2020,5623
85941,85941,1998,2007,2202
85942,85942,1998,2020,5711
85943,85943,1998,2006,1727
85944,85944,1998,2001,901
85945,85945,1998,2020,5701
85946,85946,1998,2007,2289
85947,85947,1998,2018,5187
85948,85948,1998,2004,1543
85950,85950,1998,2005,1647
85951,85951,1998,2017,4938
85952,85952,1998,2000,603
85953,85953,1998,2018,5108
85955,85955,1998,1999,404
85956,85956,1998,2000,625
85958,85958,1998,2016,3989
85959,85959,1998,2012,3297
85960,85960,1998,2004,1585
85961,85961,1998,2016,4624
85962,85962,1998,2001,820
85963,85963,1998,2016,4474
85964,85964,1998,2001,809
85965,85965,1993,2001,2239
85966,85966,1998,2020,4363
85967,85967,1998,1999,351
85968,85968,1998,2001,639
85969,85969,1998,2000,539
85970,85970,1998,2000,420
85971,85971,1998,2011,3424
85972,85972,1998,2020,5691
85974,85974,1998,1999,274
85975,85975,1998,2003,1072
85976,85976,1998,2011,3129
85977,85977,1998,2002,1108
85978,85978,1998,2010,3022
85979,85979,1998,2004,1590
85980,85980,1998,2012,3284
85982,85982,1998,2020,4602
85983,85983,1998,2000,551
85984,85984,1998,1999,427
85985,85985,1998,2004,1498
85986,85986,1998,2007,2138
85987,85987,1998,2007,2239
85988,85988,1998,1999,424
85989,85989,1998,2001,619
85990,85990,1998,2013,3841
85991,85991,1998,2017,4930
85992,85992,1998,2020,5712
85993,85993,1998,2007,2270
85994,85994,1998,2016,4599
85995,85995,1998,2009,2750
85996,85996,1998,2014,3822
85997,85997,1998,2002,1103
85998,85998,1998,2002,1139
85999,85999,1998,2002,960
86000,86000,1998,1999,392
86001,86001,1993,2000,1947
86002,86002,1998,2000,572
86003,86003,1998,2012,3518
86004,86004,1998,2020,5693
86005,86005,1998,2000,285
86006,86006,1998,2009,2728
86007,86007,1998,2004,1468
86008,86008,1998,2015,3871
86009,86009,1998,1998,5
86010,86010,1998,1999,285
86011,86011,1998,2002,847
86013,86013,1998,2017,4722
86016,86016,1998,1999,276
86017,86017,1998,2010,3009
86018,86018,1998,2001,876
86020,86020,1993,1995,654
86021,86021,1998,2019,5313
86022,86022,1998,2001,695
86023,86023,1998,2020,5704
86025,86025,1998,2001,879
86026,86026,1998,2020,5686
86027,86027,1998,2002,1092
86028,86028,1998,2003,1384
86030,86030,1998,1999,372
86033,86033,1998,2020,5691
86034,86034,1998,2013,3754
86037,86037,1998,2005,1463
86038,86038,1998,2004,1484
86039,86039,1998,2000,639
86041,86041,1998,2000,606
86042,86042,1998,2017,4777
86043,86043,1998,2003,1271
86045,86045,1998,2000,611
86046,86046,1998,2002,936
86047,86047,1998,2020,5705
86048,86048,1998,2020,5687
86049,86049,1998,2001,875
86050,86050,1998,2001,747
86051,86051,1998,2020,5691
86053,86053,1998,2002,696
86054,86054,1998,2003,1374
86055,86055,1998,2007,2230
86056,86056,1998,2006,1798
86057,86057,1998,1999,372
86058,86058,1998,2001,776
86060,86060,1998,2003,1193
86061,86061,1998,2007,1672
86062,86062,1998,2020,5687
86063,86063,1998,2005,1684
86064,86064,1998,2003,1258
86065,86065,1998,1999,323
86066,86066,1998,2003,1122
86067,86067,1998,2020,1678
86068,86068,1998,2000,412
86069,86069,1998,2000,318
86070,86070,1998,2002,984
86071,86071,1998,2003,1016
86072,86072,2013,2020,1993
86073,86073,1998,2014,3552
86074,86074,1998,2000,509
86075,86075,1998,2012,2109
86076,86076,1998,2002,966
86077,86077,1998,2002,978
86078,86078,1998,2002,1141
86079,86079,1993,2006,3357
86080,86080,1998,2020,3633
86081,86081,1998,1999,186
86082,86082,1998,2001,737
86083,86083,1998,2020,5684
86085,86085,1998,1999,405
86086,86086,1998,1999,254
86088,86088,1998,2004,1486
86089,86089,1998,2002,989
86090,86090,1998,2006,1948
86091,86091,1998,2020,5545
86092,86092,1998,2020,4257
86093,86093,1998,2000,519
86094,86094,1998,2001,731
86096,86096,1998,2000,589
86097,86097,1998,2016,4532
86098,86098,1998,2020,4286
86101,86101,1998,2002,894
86102,86102,1998,2020,5697
86103,86103,1998,1999,276
86104,86104,1993,1999,1467
86105,86105,1993,2002,1924
86106,86106,1993,2018,6539
86107,86107,1998,1999,335
86109,86109,1998,2008,2643
86110,86110,1998,2004,1507
86111,86111,1998,2020,5682
86112,86112,1998,2003,1259
86113,86113,1998,2020,5031
86115,86115,1998,2020,5664
86116,86116,1993,1998,1505
86117,86117,1998,2020,5611
86118,86118,1998,2000,443
86120,86120,1998,2002,977
86121,86121,1998,2020,5662
86122,86122,1998,2020,5617
86123,86123,1998,2004,1603
86124,86124,1993,2020,6232
86125,86125,1998,1999,198
86127,86127,1998,2016,4528
86128,86128,1998,2020,5672
86130,86130,1998,2001,600
86131,86131,1998,2005,1846
86133,86133,1998,2000,438
86134,86134,1998,1999,319
86135,86135,1998,2007,2275
86136,86136,1998,2020,5666
86137,86137,1998,2000,406
86138,86138,1998,2007,2250
86139,86139,1998,2007,1751
86140,86140,1998,2001,703
86142,86142,1998,2001,824
86143,86143,1998,2020,5669
86144,86144,1998,2020,5672
86145,86145,1998,2007,2255
86146,86146,1998,2002,898
86147,86147,1998,2000,504
86148,86148,1998,2001,737
86149,86149,1998,2000,443
86150,86150,1998,2017,4907
86151,86151,1998,2007,1850
86152,86152,1998,2000,453
86153,86153,1998,2000,430
86154,86154,1998,2001,782
86155,86155,1998,2017,4883
86156,86156,1998,2005,1514
86157,86157,1998,2018,5073
86158,86158,1998,2020,5671
86160,86160,1998,2001,596
86161,86161,1998,2012,1606
86162,86162,1998,2008,2144
86163,86163,1998,2004,681
86164,86164,1998,2006,1923
86165,86165,1998,2020,5630
86166,86166,1998,2007,2239
86167,86167,1993,2000,1957
86168,86168,1998,2011,3274
86169,86169,1998,2003,1011
86170,86170,1998,2003,778
86171,86171,1998,2007,2170
86172,86172,1998,1999,345
86173,86173,1998,2003,1199
86174,86174,1998,2002,1082
86176,86176,1998,2011,3190
86177,86177,1998,1999,276
86178,86178,1998,2017,4674
86179,86179,1998,2000,409
86180,86180,1998,2013,3675
86181,86181,1998,2000,554
86182,86182,1998,2002,977
86184,86184,1998,1998,116
86185,86185,1998,2004,1177
86186,86186,1998,2001,616
86187,86187,1998,2008,2514
86188,86188,1998,2006,1955
86189,86189,1998,2013,3688
86190,86190,1998,2011,3184
86191,86191,2005,2019,3245
86192,86192,1998,2005,1820
86193,86193,1998,2002,906
86194,86194,1998,2005,1815
86195,86195,1998,2002,950
86196,86196,1998,2019,5256
86197,86197,1998,2003,1237
86198,86198,1998,2009,2707
86199,86199,1998,2014,3801
86200,86200,1998,2004,1477
86204,86204,1993,1993,88
86207,86207,1998,2004,1450
86208,86208,1998,2001,667
86209,86209,1998,2014,4015
86210,86210,1997,1999,383
86211,86211,1998,2020,5678
86212,86212,1993,1994,293
86213,86213,1998,1999,347
86214,86214,1997,2000,296
86215,86215,1998,2005,1195
86216,86216,1998,2002,937
86217,86217,1993,1994,356
86218,86218,1998,2020,5663
86219,86219,1998,1999,264
86221,86221,1998,2016,4619
86222,86222,1998,2020,5646
86223,86223,1998,2020,5646
86224,86224,1998,2005,1721
86225,86225,1998,2002,830
86226,86226,1998,2010,2822
86227,86227,1998,2002,1042
86228,86228,1998,2020,5664
86230,86230,1998,2005,1840
86233,86233,1998,2020,5647
86234,86234,1998,2002,898
86235,86235,1998,2006,1933
86236,86236,1998,2015,4152
86237,86237,1998,2012,2254
86238,86238,1998,2003,1231
86240,86240,1998,2014,2982
86241,86241,1998,1999,253
86242,86242,1998,2020,5657
86243,86243,1998,2000,561
86244,86244,1998,2006,1875
86245,86245,1998,2006,1462
86246,86246,1998,2008,2395
86248,86248,1998,2005,1514
86249,86249,1998,2013,3581
86250,86250,1998,2017,4665
86251,86251,1998,2009,2483
86252,86252,1998,2001,754
86253,86253,1998,2013,3803
86254,86254,1998,2002,1001
86255,86255,1993,1999,1700
86256,86256,1998,2001,824
86257,86257,1998,2000,479
86258,86258,1998,2007,2185
86259,86259,1998,2005,1812
86260,86260,1998,2018,5063
86261,86261,1998,2004,1485
86262,86262,1998,2002,1002
86264,86264,1998,2008,2043
86265,86265,1998,2001,657
86266,86266,1998,2001,605
86267,86267,1998,2004,1384
86268,86268,1998,2005,1646
86269,86269,1998,2003,433
86270,86270,1998,2017,3105
86272,86272,1998,2001,791
86273,86273,1998,1999,328
86274,86274,1998,2001,683
86275,86275,1998,2000,534
86276,86276,1998,2000,462
86277,86277,1998,2002,720
86278,86278,1998,2000,575
86279,86279,1998,2007,2193
86280,86280,1998,1999,135
86281,86281,1998,2006,1962
86282,86282,1998,2002,847
86283,86283,1998,2002,965
86284,86284,1998,2007,2245
86285,86285,1998,2013,3566
86286,86286,1998,2007,1868
86287,86287,1998,2020,5641
86288,86288,1998,2020,5654
86289,86289,1998,2001,778
86290,86290,1993,2020,4562
86291,86291,1998,2007,2201
86293,86293,1998,2005,895
86294,86294,1998,2000,373
86295,86295,1998,2004,1303
86296,86296,1998,2002,893
86297,86297,1998,2001,758
86298,86298,1998,2007,2245
86299,86299,1998,2020,5423
86300,86300,1998,2011,1548
86301,86301,1998,2004,1410
86302,86302,1998,2020,5446
86303,86303,1998,2009,2763
86304,86304,1998,2001,199
86305,86305,1998,2018,5070
86306,86306,1998,2000,572
86307,86307,1998,2004,1585
86308,86308,1998,2004,1547
86309,86309,1998,2001,829
86310,86310,1998,2000,360
86311,86311,1998,2003,1219
86312,86312,1998,2020,4179
86313,86313,1998,2020,5564
86314,86314,1998,2018,5050
86315,86315,1998,2000,582
86316,86316,1998,2007,2140
86317,86317,1998,2000,281
86318,86318,1998,2000,559
86320,86320,1998,2003,1118
86321,86321,1998,2002,440
86322,86322,1998,2015,4153
86323,86323,1998,2010,3029
86324,86324,1998,2009,2752
86325,86325,1998,2002,865
86326,86326,1998,2002,867
86328,86328,1998,1999,201
86329,86329,1998,2003,1064
86330,86330,1998,2000,592
86331,86331,1998,2001,532
86332,86332,1998,2007,1563
86333,86333,1998,2010,3061
86334,86334,1998,2000,375
86337,86337,1998,2006,1918
86338,86338,1998,2007,2239
86339,86339,1998,2020,5631
86340,86340,1998,2003,968
86341,86341,1998,2020,5640
86342,86342,1998,2001,683
86344,86344,1998,2001,695
86345,86345,1998,2003,1215
86346,86346,1998,1999,98
86347,86347,1998,2000,348
86348,86348,1998,2000,353
86349,86349,1998,2020,5519
86350,86350,1998,2003,1230
86351,86351,1993,2004,2651
86352,86352,1998,2003,1012
86353,86353,1998,2001,138
86354,86354,1998,2006,1871
86355,86355,1998,2006,1414
86356,86356,1998,2020,5604
86357,86357,1998,2003,1045
86358,86358,1998,1998,4
86359,86359,1998,2003,972
86360,86360,1998,2002,1059
86361,86361,1998,2002,593
86362,86362,1998,2018,4830
86363,86363,1998,2002,959
86365,86365,1998,2009,2111
86366,86366,1998,2007,1554
86367,86367,1998,2012,2071
86368,86368,1998,2001,742
86369,86369,1998,2020,5581
86371,86371,1998,2002,936
86372,86372,1998,2020,5595
86374,86374,1998,2000,343
86375,86375,1998,2000,313
86376,86376,1998,2007,2240
86377,86377,1998,2001,299
86379,86379,1998,2003,944
86380,86380,1998,2001,623
86381,86381,1998,2010,2904
86382,86382,1998,2020,5538
86383,86383,1998,2003,872
86384,86384,1998,2020,5009
86385,86385,1998,2000,417
86387,86387,1998,2007,1747
86388,86388,1998,2004,1463
86389,86389,1998,2003,966
86390,86390,1998,2000,483
86391,86391,1998,2000,171
86392,86392,1998,2003,805
86393,86393,1998,2003,831
86395,86395,1998,2004,1041
86396,86396,1998,2004,1000
86397,86397,1998,2006,948
86398,86398,1998,2010,2937
86400,86400,1998,2001,709
86401,86401,1998,2005,1597
86402,86402,1998,2015,3771
86403,86403,1998,2010,2986
86404,86404,1998,2008,2475
86405,86405,1998,2006,2045
86408,86408,1998,2020,5567
86411,86411,1998,2004,1419
86412,86412,1998,2001,538
86413,86413,1998,2013,3654
86414,86414,1998,2004,1359
86416,86416,1998,2020,5537
86417,86417,1998,2003,736
86418,86418,1998,2006,1990
86419,86419,1998,2010,2752
86420,86420,1998,2003,1155
86421,86421,1998,2000,503
86422,86422,1998,2000,532
86423,86423,1993,2002,2255
86424,86424,1998,2000,242
86425,86425,1998,2003,1064
86426,86426,1998,2003,1159
86427,86427,1998,2003,676
86428,86428,1998,2000,199
86429,86429,1998,2000,309
86430,86430,1998,2001,606
86431,86431,1993,1998,1331
86432,86432,1998,2020,5492
86433,86433,1998,2004,1424
86434,86434,1998,2008,2336
86435,86435,1998,2020,5348
86436,86436,1998,2001,612
86437,86437,1998,2009,2761
86438,86438,1998,1999,172
86439,86439,1998,1999,175
86440,86440,1998,2016,4155
86441,86441,1997,1998,300
86442,86442,1998,2013,3752
86443,86443,1998,2002,863
86444,86444,1998,2020,5548
86445,86445,1998,2001,554
86446,86446,1998,2000,480
86447,86447,1999,2005,1620
86448,86448,1998,2002,942
86459,86459,1998,2000,311
86460,86460,1998,2003,742
86461,86461,1998,2007,2072
86462,86462,1998,2002,998
86463,86463,1998,2002,998
86464,86464,1998,2002,996
86465,86465,1998,2010,2873
86467,86467,1998,2010,2851
86468,86468,1998,2010,2877
86469,86469,1998,2010,2877
86470,86470,1998,2001,499
86471,86471,1998,2001,527
86472,86472,1998,2001,527
86473,86473,1998,2010,2874
86474,86474,1997,2020,5684
86475,86475,1998,2010,2812
86476,86476,1998,2010,2872
86477,86477,1998,2010,2869
86478,86478,1998,2010,2877
86479,86479,1998,2010,2877
86480,86480,1998,2010,2876
86481,86481,1998,2010,2805
86482,86482,1993,1994,247
86483,86483,1998,2010,2745
86484,86484,1998,2010,2870
86485,86485,1998,2010,2877
86486,86486,1998,2018,4892
86487,86487,1998,1999,187
86489,86489,1998,2020,5551
86496,86496,1999,2011,3093
86497,86497,1998,2013,2062
86498,86498,1998,2002,876
86499,86499,1998,1999,45
86501,86501,1998,2001,675
86503,86503,1993,1996,776
86511,86511,1993,1999,1548
86512,86512,1998,2011,3062
86514,86514,1998,2000,352
86515,86515,1998,2003,554
86516,86516,1998,2006,1830
86519,86519,1998,1999,245
86520,86520,1998,2001,670
86521,86521,1998,2003,1059
86522,86522,1999,2002,720
86523,86523,1998,2000,388
86525,86525,1998,2014,4018
86526,86526,1998,2020,4421
86527,86527,1998,2009,2587
86528,86528,1998,2001,439
86529,86529,1998,2008,2215
86531,86531,1998,2014,3395
86532,86532,1998,2001,560
86533,86533,1998,2015,3250
86534,86534,1998,2012,3415
86535,86535,1998,2003,1116
86536,86536,1998,2020,1038
86537,86537,1998,2001,625
86538,86538,1998,2001,532
86539,86539,1998,2001,519
86540,86540,1998,2000,399
86541,86541,1998,2001,574
86542,86542,1998,2003,1036
86543,86543,1998,2008,2350
86544,86544,1998,2020,5548
86546,86546,1993,1998,1299
86547,86547,1999,2020,5518
86548,86548,1999,2011,3197
86549,86549,1999,2009,2494
86550,86550,1999,2018,4504
86551,86551,1999,2019,4678
86552,86552,1999,2020,5500
86553,86553,1999,2019,4740
86555,86555,1999,2019,4711
86556,86556,1999,2020,5519
86557,86557,1999,2019,4979
86558,86558,1999,2020,5496
86560,86560,1999,2020,5518
86563,86563,1999,2020,5408
86564,86564,1999,1999,234
86565,86565,1999,2001,544
86566,86566,1999,2013,3170
86567,86567,1999,2004,1037
86568,86568,1999,2001,580
86569,86569,1999,2008,1311
86570,86570,1999,2010,2112
86572,86572,1999,2020,5502
86573,86573,1999,2020,3034
86574,86574,1999,2011,3220
86575,86575,1999,2001,297
86576,86576,1999,2008,1809
86577,86577,1999,2003,1094
86578,86578,1999,2020,5359
86579,86579,1999,2005,1510
86580,86580,1999,2020,5521
86581,86581,1999,2020,5284
86582,86582,1999,2020,5486
86583,86583,1999,2012,3290
86584,86584,1999,2001,470
86585,86585,1999,2002,836
86586,86586,1999,2007,2052
86587,86587,1999,2002,797
86590,86590,1999,2011,3041
86591,86591,1999,2005,1680
86592,86592,1999,2001,672
86593,86593,1999,2020,5509
86594,86594,1999,2020,5509
86595,86595,1999,2015,3976
86596,86596,1999,2000,248
86597,86597,1993,1996,989
86598,86598,1999,2000,247
86599,86599,1999,2000,246
86600,86600,1999,2000,250
86601,86601,1999,2000,268
86602,86602,1999,2009,2706
86626,86626,1993,1998,1257
86642,86642,1993,2000,1775
86677,86677,1993,2000,1780
86685,86685,1993,2013,5068
86706,86706,1993,1997,993
86709,86709,1999,2017,4672
86710,86710,1999,2003,999
86711,86711,1999,2002,819
86712,86712,1999,2000,458
86713,86713,1999,2009,2606
86714,86714,1993,1998,1293
86715,86715,1999,2015,4031
86716,86716,1999,2001,437
86717,86717,1999,2020,5506
86718,86718,1999,2008,2245
86719,86719,1999,2020,5511
86720,86720,1999,2017,4558
86721,86721,1999,2009,2692
86723,86723,1999,2001,492
86724,86724,1999,2009,2456
86725,86725,1999,2014,3758
86726,86726,1999,1999,198
86727,86727,1999,2004,1427
86728,86728,1999,2020,5422
86729,86729,1999,2006,1879
86730,86730,1999,2002,840
86731,86731,1999,2007,2191
86732,86732,1999,2000,461
86733,86733,1999,2001,687
86734,86734,1999,2000,349
86735,86735,1999,2006,1777
86736,86736,1999,2002,823
86737,86737,1999,2002,858
86738,86738,1999,2008,2251
86739,86739,1999,2009,2619
86740,86740,1999,2001,559
86741,86741,1999,2001,534
86742,86742,1999,2012,3310
86743,86743,1999,2007,2140
86744,86744,1999,2011,3173
86745,86745,1999,2020,5514
86746,86746,1999,2001,612
86747,86747,1999,2001,603
86748,86748,1999,2005,1659
86750,86750,1999,2007,1639
86751,86751,1999,2008,1305
86753,86753,1999,2000,177
86754,86754,1999,2020,5483
86755,86755,1999,2020,5490
86756,86756,1999,2010,2745
86757,86757,1993,1995,556
86758,86758,1999,2005,1562
86759,86759,1999,2015,3959
86760,86760,1999,2006,1710
86761,86761,1999,2005,1303
86762,86762,1999,2000,393
86763,86763,1999,2020,5475
86764,86764,1999,2003,918
86765,86765,1993,1996,932
86766,86766,1999,2001,606
86767,86767,1999,2001,533
86768,86768,1999,2005,1662
86769,86769,1999,2001,641
86770,86770,1999,2005,937
86771,86771,1999,2008,1498
86772,86772,1999,2002,779
86773,86773,1993,1995,683
86774,86774,1999,2004,1357
86775,86775,1999,2000,307
86776,86776,1999,2020,5489
86777,86777,1999,2006,1798
86778,86778,1999,2020,5475
86779,86779,1999,2003,1012
86780,86780,1999,2006,1716
86782,86782,1999,2000,371
86783,86783,1999,2020,5476
86784,86784,1999,2001,671
86785,86785,1999,2003,1088
86786,86786,1999,2010,2626
86787,86787,1999,2005,1613
86788,86788,1999,2004,1203
86789,86789,1999,2010,2795
86790,86790,1999,2001,664
86791,86791,1999,2011,3173
86792,86792,1999,2001,553
86793,86793,1999,2017,4187
86794,86794,1999,2001,646
86795,86795,1999,2001,488
86797,86797,1999,2002,840
86798,86798,1999,1999,2
86799,86799,1999,2020,5455
86801,86801,1999,2002,733
86802,86802,1999,2018,4878
86803,86803,1999,1999,73
86804,86804,1999,2013,3482
86806,86806,1999,2008,2302
86807,86807,1999,2001,490
86808,86808,1999,2008,940
86809,86809,1999,2016,4250
86810,86810,1999,2020,5471
86811,86811,1999,2002,680
86812,86812,1999,2019,5029
86813,86813,1999,2005,1594
86814,86814,1999,2020,5189
86815,86815,1999,2001,572
86816,86816,1999,2002,750
86817,86817,1999,2002,840
86818,86818,1999,2020,5136
86819,86819,1999,2020,5334
86820,86820,1999,2020,5473
86821,86821,1999,2004,1229
86822,86822,1999,2020,5470
86823,86823,1999,2008,1407
86824,86824,1999,2004,1207
86826,86826,1999,2006,897
86827,86827,1999,2020,5456
86828,86828,1999,2002,741
86829,86829,1999,2009,2356
86830,86830,1999,2015,4094
86831,86831,1999,2001,363
86832,86832,1999,2001,583
86833,86833,1999,2001,633
86834,86834,1999,2001,485
86835,86835,1999,2002,929
86836,86836,1999,2004,1308
86838,86838,1999,2004,1348
86839,86839,1999,2020,4293
86840,86840,1999,2014,3862
86841,86841,1999,2001,548
86842,86842,1999,2003,966
86843,86843,1999,2001,541
86844,86844,1999,2003,1063
86845,86845,1993,2008,3837
86846,86846,1999,2001,469
86847,86847,1999,2003,1117
86848,86848,1999,2002,688
86849,86849,1999,2000,342
86850,86850,1999,2007,2129
86858,86858,1999,2008,2375
86859,86859,1999,2000,223
86860,86860,1999,2001,580
86861,86861,1993,2005,3256
86862,86862,1999,2001,542
86863,86863,1999,2002,715
86864,86864,1999,2003,861
86865,86865,1999,2006,1071
86866,86866,1999,2020,5316
86867,86867,1999,2001,564
86868,86868,1999,2020,5453
86869,86869,1999,2020,5437
86870,86870,1999,2020,5437
86871,86871,1999,2020,5430
86872,86872,1999,2020,5437
86873,86873,1999,2003,1126
86875,86875,1999,1999,45
86876,86876,1999,2020,5447
86877,86877,1999,2000,173
86878,86878,1999,2010,2890
86879,86879,1999,2001,431
86881,86881,1999,2017,4652
86882,86882,1999,2001,546
86883,86883,1999,2000,327
86884,86884,1999,2000,196
86885,86885,1999,2005,1522
86886,86886,1999,2000,310
86887,86887,1999,2020,4812
86888,86888,1999,1999,151
86889,86889,1999,2020,5452
86890,86890,1999,2012,3322
86891,86891,1999,2001,446
86892,86892,1999,2002,885
86893,86893,1999,2000,178
86894,86894,1999,2000,403
86895,86895,1999,2009,2123
86896,86896,1993,2020,6920
86897,86897,1999,2004,1344
86898,86898,1999,2001,586
86899,86899,1999,2018,4912
86900,86900,1999,2000,212
86901,86901,1999,2002,690
86902,86902,1999,2002,816
86903,86903,1999,2000,294
86904,86904,1999,2001,584
86905,86905,1999,2001,430
86906,86906,1999,2000,398
86907,86907,1999,2002,687
86908,86908,1999,2004,1262
86910,86910,1999,2009,2564
86911,86911,1999,2000,244
86912,86912,1999,2000,233
86913,86913,1999,2005,1545
86914,86914,1999,2004,1164
86915,86915,1999,2010,2750
86916,86916,1999,2020,5019
86917,86917,1993,2005,3126
86918,86918,1999,2000,243
86919,86919,1999,2001,490
86920,86920,1999,2001,623
86921,86921,1999,2020,5437
86922,86922,1999,2002,872
86923,86923,1999,2007,2062
86924,86924,1999,2019,5093
86925,86925,1993,2002,2272
86926,86926,1999,2014,3894
86927,86927,1999,2001,525
86928,86928,1999,2001,625
86929,86929,1999,2020,5433
86930,86930,1999,2004,1260
86931,86931,1999,2000,352
86932,86932,1999,2004,1175
86934,86934,1999,2003,1138
86935,86935,1999,2010,2830
86936,86936,1999,2000,376
86937,86937,1999,2001,447
86938,86938,1999,2014,3740
86940,86940,1999,2002,868
86941,86941,1993,2002,1878
86942,86942,1999,2020,5406
86943,86943,1999,2000,291
86944,86944,1999,2000,291
86945,86945,1999,2010,2678
86946,86946,1999,2017,4557
86947,86947,1999,2000,201
86948,86948,1999,2001,330
86949,86949,1999,2020,5428
86950,86950,1999,2001,610
86951,86951,1999,2003,504
86952,86952,1999,2006,1610
86953,86953,1999,2000,314
86954,86954,1999,2007,1918
86955,86955,1999,2000,315
86956,86956,1999,2010,2769
86957,86957,1999,2000,308
86958,86958,1999,2010,2786
86959,86959,1999,2012,3381
86960,86960,1993,1993,8
86961,86961,1999,2005,1596
86962,86962,1999,2001,515
86963,86963,1999,2002,402
86964,86964,1999,2020,5429
86965,86965,1999,2020,5336
86966,86966,1999,2007,1472
86967,86967,1999,2001,574
86968,86968,1999,2003,1082
86969,86969,1999,2004,1177
86970,86970,1999,2000,375
86971,86971,1999,2001,497
86972,86972,1999,2002,777
86973,86973,1999,2002,762
86974,86974,1999,2001,612
86975,86975,1999,2009,2389
86976,86976,1993,2002,2418
86977,86977,1999,2014,3740
86978,86978,1999,2001,551
86979,86979,1999,2020,5414
86980,86980,1999,2001,478
86981,86981,1999,2000,394
86982,86982,1999,2004,1284
86983,86983,1999,2007,2053
86984,86984,1993,1996,610
86985,86985,1999,2000,158
86986,86986,1999,2001,471
86988,86988,1999,2013,3445
86989,86989,1999,2020,3466
86990,86990,1999,2020,5392
86991,86991,1999,2004,1346
86993,86993,1999,2015,3951
86994,86994,1999,2001,403
86995,86995,1999,2002,842
86996,86996,1999,2020,5422
86997,86997,1999,2000,356
86998,86998,1999,2003,980
86999,86999,1999,2003,899
87000,87000,1999,2020,5416
87001,87001,1999,2000,357
87002,87002,1999,2009,1731
87003,87003,1999,2000,171
87005,87005,1999,2010,2757
87006,87006,1999,2020,5420
87007,87007,1999,2002,824
87008,87008,1999,2004,1200
87009,87009,1999,2004,1161
87010,87010,1999,2009,2444
87011,87011,1999,2001,492
87012,87012,1993,1995,418
87013,87013,1999,2012,3341
87014,87014,1999,2020,5224
87015,87015,1999,2001,633
87016,87016,1999,2020,5379
87017,87017,1999,2002,838
87018,87018,1999,2001,542
87019,87019,1999,2002,652
87020,87020,1999,2017,4467
87021,87021,1999,2003,1067
87022,87022,1999,2001,416
87023,87023,1999,2004,1283
87024,87024,1999,2010,2664
87026,87026,1999,2008,2341
87027,87027,1999,2000,250
87028,87028,1999,2002,813
87029,87029,1999,2002,764
87030,87030,1999,2005,1495
87031,87031,1999,2009,2437
87033,87033,1999,2020,5402
87034,87034,1999,2020,5393
87035,87035,1999,2007,2111
87036,87036,1999,2003,929
87037,87037,1999,2000,265
87038,87038,1999,2009,2361
87039,87039,1993,2013,4003
87040,87040,1999,2003,1071
87041,87041,1999,2000,234
87043,87043,1999,2020,5125
87044,87044,1999,2001,419
87046,87046,1999,2001,601
87047,87047,1993,1995,582
87048,87048,1999,2001,403
87049,87049,1999,2007,1911
87050,87050,1999,2002,794
87051,87051,1999,2008,1836
87052,87052,1999,2000,159
87053,87053,1999,2020,5405
87054,87054,1999,2011,3049
87055,87055,1993,2020,7047
87056,87056,1999,2020,5395
87057,87057,1999,2009,2508
87058,87058,1999,2003,1088
87059,87059,1999,2000,347
87060,87060,1999,2005,1475
87061,87061,1999,2020,5393
87062,87062,1999,2003,898
87064,87064,1999,2001,450
87065,87065,1999,2001,435
87066,87066,1999,2020,5401
87067,87067,1999,2020,4911
87068,87068,1999,2001,440
87069,87069,1999,2020,3774
87070,87070,1999,2015,4104
87072,87072,1999,2001,536
87073,87073,1999,2002,754
87074,87074,1999,2017,4077
87075,87075,1999,2020,5395
87076,87076,1999,2003,981
87077,87077,1999,2020,4676
87078,87078,1999,2020,5396
87079,87079,1999,2005,784
87080,87080,1999,2002,691
87081,87081,1999,2006,1739
87082,87082,1999,2006,1664
87083,87083,1999,2002,661
87084,87084,1999,2020,3788
87085,87085,1999,2005,1541
87086,87086,1999,2020,5248
87087,87087,1999,2005,1501
87088,87088,1999,2002,601
87089,87089,1999,2012,2899
87091,87091,1999,2003,973
87092,87092,1999,2014,3874
87093,87093,1999,2005,1538
87094,87094,1999,2007,1971
87095,87095,1999,2005,1264
87096,87096,1999,2002,727
87097,87097,1999,2006,1805
87098,87098,1999,2006,1606
87099,87099,1999,2011,2884
87100,87100,1999,2005,1520
87101,87101,1999,2002,667
87102,87102,1999,2001,549
87103,87103,1999,2004,1331
87104,87104,1999,2001,440
87105,87105,1999,2011,2982
87106,87106,1999,2002,772
87107,87107,1999,2002,853
87108,87108,1999,2002,761
87109,87109,1999,2003,905
87110,87110,1999,2005,1613
87111,87111,1999,2003,873
87113,87113,1999,2003,731
87114,87114,1999,2020,5376
87115,87115,1999,2001,532
87116,87116,1999,2008,2141
87118,87118,1999,2008,2228
87119,87119,1993,2004,2388
87121,87121,1999,2020,5386
87122,87122,1999,2001,450
87123,87123,1999,2000,304
87124,87124,1999,2001,436
87126,87126,1999,2004,1329
87127,87127,1993,1999,1746
87128,87128,1995,2020,6468
87129,87129,1999,2011,3080
87130,87130,1994,1998,850
87131,87131,1998,2013,3769
87132,87132,1999,2015,3516
87133,87133,1999,2020,5369
87134,87134,1999,2010,2742
87137,87137,1999,2020,5379
87138,87138,1999,2009,2403
87139,87139,1999,2016,4309
87140,87140,1999,2011,2984
87141,87141,1999,2001,343
87142,87142,1999,2001,324
87143,87143,1993,1999,1563
87144,87144,1999,2001,362
87145,87145,1999,2001,339
87146,87146,1999,2012,3154
87147,87147,1999,2005,1487
87148,87148,1999,2006,1253
87149,87149,1999,2009,2593
87150,87150,1999,2001,568
87151,87151,1993,2001,1900
87152,87152,1999,2006,951
87153,87153,1999,2007,1983
87154,87154,1999,2001,65
87155,87155,1999,2000,255
87156,87156,1999,2006,1737
87157,87157,1999,2001,368
87158,87158,1999,2004,1314
87159,87159,1999,2001,572
87160,87160,1999,2017,4357
87161,87161,1999,2000,213
87162,87162,1999,2020,5388
87163,87163,1999,2003,919
87164,87164,1999,2001,558
87165,87165,1999,2014,3829
87166,87166,1999,2002,630
87167,87167,1999,2018,4656
87168,87168,1999,2019,4929
87169,87169,1999,2001,437
87171,87171,1999,2000,116
87172,87172,1999,2017,4407
87173,87173,1999,2015,4018
87174,87174,1999,2000,196
87175,87175,1999,2000,341
87176,87176,1999,2001,484
87177,87177,1999,2003,925
87178,87178,1999,2011,2947
87179,87179,1999,2020,5382
87180,87180,1999,2003,1016
87181,87181,1999,2004,1145
87182,87182,1999,2012,3302
87183,87183,1999,2010,2268
87184,87184,1999,2019,5008
87185,87185,1999,2002,656
87187,87187,1999,2000,168
87188,87188,1999,2003,689
87189,87189,1999,2008,2282
87191,87191,1999,2001,365
87192,87192,1999,2006,1118
87193,87193,1999,2002,756
87195,87195,1999,2003,929
87197,87197,1999,2002,734
87198,87198,1999,2020,5380
87199,87199,1999,2019,4846
87200,87200,1997,2002,1178
87202,87202,1999,2000,278
87203,87203,1999,2000,207
87204,87204,1999,2020,5360
87205,87205,1999,2001,411
87206,87206,1999,2001,411
87207,87207,1993,2003,2667
87208,87208,1999,2003,715
87209,87209,1999,2017,4399
87210,87210,1999,2000,187
87211,87211,1999,2005,1319
87212,87212,1999,2020,5352
87213,87213,1999,2002,627
87214,87214,1999,2020,5156
87216,87216,1999,2000,270
87218,87218,1999,2006,1601
87219,87219,1999,2008,2277
87220,87220,1999,2002,620
87221,87221,1999,2000,262
87222,87222,1999,2001,447
87223,87223,1993,1999,1504
87224,87224,1999,2001,333
87225,87225,1999,2000,221
87226,87226,1999,2002,689
87227,87227,1999,2020,3437
87228,87228,1999,2005,1515
87229,87229,1999,2008,2321
87230,87230,1999,2007,1497
87232,87232,1999,2001,338
87233,87233,1999,2008,2112
87234,87234,1999,2000,187
87235,87235,1999,2001,462
87236,87236,1999,2020,5155
87237,87237,1999,2001,334
87238,87238,1999,2004,1174
87239,87239,1999,2001,444
87240,87240,1999,2001,419
87241,87241,1999,2005,1523
87242,87242,1999,2013,3497
87243,87243,1999,2001,338
87244,87244,1999,2000,294
87246,87246,1999,2000,164
87247,87247,1999,2004,1287
87248,87248,1999,2005,1138
87249,87249,1999,2002,780
87250,87250,1993,1997,1004
87251,87251,1999,2020,5348
87252,87252,1999,2002,811
87253,87253,1999,2001,484
87254,87254,1999,2005,1562
87255,87255,1999,2016,4262
87256,87256,1999,2001,536
87257,87257,1999,2010,2730
87258,87258,1999,2000,118
87259,87259,1999,2001,560
87260,87260,1999,2002,606
87261,87261,1999,2016,4217
87263,87263,1999,2010,2693
87264,87264,1999,2016,4322
87265,87265,1999,2007,1876
87267,87267,1999,2020,5348
87268,87268,1999,2020,5334
87269,87269,1999,2020,3594
87270,87270,1999,2019,4906
87271,87271,1999,2007,1874
87272,87272,1999,2007,1983
87274,87274,1993,1999,1603
87275,87275,1999,2002,628
87276,87276,1999,2008,1987
87277,87277,1999,2015,4059
87278,87278,1999,2000,192
87279,87279,1999,2015,4004
87280,87280,1999,2020,5288
87281,87281,1999,2005,1509
87283,87283,1999,2005,1497
87284,87284,1999,2003,1023
87285,87285,1999,2020,5330
87286,87286,1999,2007,1227
87287,87287,1999,2003,681
87288,87288,1999,2000,233
87289,87289,1999,2020,5340
87292,87292,1999,2010,2775
87293,87293,2011,2020,2360
87294,87294,1999,2004,1103
87295,87295,1999,2002,604
87296,87296,1999,2004,1151
87297,87297,1999,2000,205
87298,87298,1999,2009,2318
87299,87299,1999,2020,5328
87300,87300,1999,2002,567
87301,87301,1999,2010,2572
87302,87302,1999,2020,5312
87304,87304,1999,2001,431
87305,87305,1999,2000,286
87306,87306,1999,2009,2510
87307,87307,1999,2009,2543
87308,87308,1999,2001,419
87309,87309,1999,2001,448
87310,87310,1999,2017,3065
87312,87312,1999,2003,1036
87313,87313,1999,2002,812
87314,87314,1999,2007,1845
87315,87315,1999,2002,551
87316,87316,1999,2006,1573
87317,87317,1999,2010,2551
87318,87318,1999,2020,4722
87319,87319,1999,2003,768
87320,87320,1999,2004,1248
87321,87321,1999,2020,5320
87322,87322,1999,2001,481
87323,87323,1999,2001,456
87324,87324,1999,2001,329
87325,87325,1999,2002,717
87326,87326,1999,2001,547
87327,87327,1999,2009,2370
87328,87328,1999,2004,1060
87329,87329,1999,2003,1006
87331,87331,1999,2000,241
87332,87332,1999,2003,985
87333,87333,1999,2011,2876
87334,87334,1999,2001,482
87335,87335,1999,2001,489
87336,87336,1999,2001,321
87337,87337,1999,2020,5327
87338,87338,1999,2002,595
87339,87339,1999,2020,5285
87340,87340,1999,2011,2169
87341,87341,1999,2000,286
87342,87342,1999,2017,4297
87343,87343,1999,2013,3362
87344,87344,1999,2020,5334
87345,87345,1999,2015,3878
87347,87347,1999,2003,900
87348,87348,1999,2002,576
87349,87349,1999,2008,1950
87350,87350,1999,2008,2217
87351,87351,1999,2002,723
87352,87352,1999,2001,505
87353,87353,1999,2003,1037
87355,87355,1999,2001,382
87356,87356,1999,2020,5336
87357,87357,1999,2008,2216
87358,87358,1999,2007,1939
87359,87359,1999,2003,802
87360,87360,1999,2012,3059
87361,87361,1999,2020,5334
87362,87362,1997,2004,1339
87363,87363,1999,2003,912
87364,87364,1999,2020,5338
87365,87365,1999,2001,422
87366,87366,1999,2001,480
87367,87367,1999,2003,801
87368,87368,1999,2002,792
87373,87373,1999,2020,5311
87374,87374,1999,2003,806
87375,87375,1999,2001,377
87376,87376,1999,2002,640
87377,87377,1999,2012,3078
87378,87378,1999,2009,2365
87379,87379,1999,2020,5310
87380,87380,1999,2000,275
87381,87381,1999,2015,3931
87382,87382,1999,2000,121
87383,87383,1999,2001,467
87384,87384,1999,2008,2088
87385,87385,1999,2005,1370
87386,87386,1999,2007,1725
87387,87387,1999,2005,1281
87388,87388,1999,2003,940
87390,87390,1999,2019,4995
87391,87391,1999,2000,227
87392,87392,1999,2009,1639
87393,87393,1999,2003,1005
87394,87394,1999,2020,5316
87395,87395,1999,2002,639
87396,87396,1999,2001,483
87399,87399,1999,2001,480
87400,87400,1999,2006,1780
87401,87401,1999,2005,1347
87402,87402,1999,2001,429
87403,87403,1999,2002,609
87404,87404,1999,2020,3008
87405,87405,1999,2009,2312
87406,87406,1999,2010,2599
87407,87407,1999,2006,1730
87408,87408,1999,2004,1042
87409,87409,1999,2000,271
87411,87411,1999,2000,253
87412,87412,1999,2005,1354
87413,87413,1999,2002,405
87414,87414,1999,2013,3361
87415,87415,1999,2019,5018
87416,87416,1999,2002,568
87417,87417,1999,2001,361
87418,87418,1999,2010,2667
87419,87419,1999,2010,2688
87420,87420,1999,2004,1176
87421,87421,1999,2003,841
87422,87422,1999,2003,813
87423,87423,1999,2002,558
87424,87424,1999,2017,4339
87425,87425,1999,2005,1421
87426,87426,1993,2020,6847
87427,87427,1999,2001,521
87428,87428,1999,2001,420
87429,87429,1999,2001,432
87430,87430,1999,2020,5322
87431,87431,1999,2000,153
87432,87432,1999,2020,5314
87434,87434,1993,2000,1034
87435,87435,1999,2005,1092
87436,87436,1999,2001,335
87437,87437,1999,2020,4586
87438,87438,1999,2007,2032
87439,87439,1999,2020,5306
87440,87440,1999,2001,307
87441,87441,1999,2006,1480
87443,87443,1999,2001,339
87444,87444,1999,2020,5285
87445,87445,1999,2020,5307
87446,87446,1999,2011,2860
87447,87447,1999,2020,5320
87448,87448,1999,2009,2488
87449,87449,1999,2006,1599
87450,87450,1999,2003,1008
87451,87451,1999,2010,2675
87452,87452,1999,2003,843
87454,87454,1999,2001,318
87455,87455,1999,2003,866
87456,87456,1999,2002,673
87457,87457,1999,2006,1711
87458,87458,1999,2007,1698
87459,87459,1999,2008,1000
87460,87460,1999,2004,1153
87462,87462,1999,2008,2045
87463,87463,1999,2003,669
87464,87464,1999,2020,4028
87465,87465,1999,2005,1304
87466,87466,1999,2001,329
87467,87467,1999,2007,1880
87468,87468,1999,2002,537
87470,87470,1999,2003,455
87471,87471,1999,2020,5283
87472,87472,1999,2005,1373
87473,87473,1999,2001,476
87474,87474,1999,2006,1629
87475,87475,1999,2000,125
87476,87476,1999,2020,4915
87478,87478,1999,2011,2993
87479,87479,1999,2001,439
87480,87480,1999,2001,483
87482,87482,1999,2008,2185
87483,87483,1999,2003,789
87484,87484,1999,2009,2310
87486,87486,1999,2001,315
87487,87487,1999,2020,5283
87488,87488,1999,2020,3766
87489,87489,1999,2004,1143
87490,87490,1999,2000,267
87491,87491,1999,2001,460
87492,87492,1999,2012,3158
87493,87493,1993,1997,1069
87494,87494,1999,2014,3557
87495,87495,1999,2003,884
87496,87496,1999,2018,3890
87497,87497,1999,2001,446
87498,87498,1999,2015,3923
87499,87499,1999,2013,3445
87500,87500,1999,2002,698
87501,87501,1999,2020,5253
87502,87502,1999,2002,530
87503,87503,1999,2000,257
87504,87504,1999,2011,2818
87505,87505,1999,2020,4871
87507,87507,1999,2007,1892
87508,87508,1999,2020,5284
87509,87509,1999,2000,138
87510,87510,1999,2020,5298
87511,87511,1999,2001,400
87512,87512,1999,2002,585
87513,87513,1999,2004,1174
87514,87514,1993,2013,2667
87515,87515,1999,2002,671
87516,87516,1999,2000,233
87517,87517,1999,2001,316
87518,87518,1999,2005,1490
87519,87519,1999,2001,98
87520,87520,2000,2003,803
87521,87521,1999,2007,1914
87523,87523,1999,2006,1550
87524,87524,1999,2002,620
87525,87525,1999,2020,4862
87526,87526,1999,2003,767
87527,87527,1999,2001,411
87529,87529,2000,2015,3782
87531,87531,2000,2004,1135
87532,87532,2000,2020,5034
87533,87533,2000,2020,1464
87534,87534,2000,2001,334
87535,87535,2000,2002,625
87536,87536,2000,2004,1068
87538,87538,2000,2013,3190
87539,87539,2000,2009,2467
87540,87540,2000,2018,4608
87541,87541,2000,2020,5266
87549,87549,1993,2001,1399
87557,87557,2000,2008,1958
87558,87558,2000,2001,250
87559,87559,2000,2003,802
87560,87560,2000,2001,406
87561,87561,2000,2002,536
87562,87562,2000,2004,1223
87563,87563,2000,2002,637
87564,87564,2000,2010,2497
87566,87566,2000,2000,145
87567,87567,2000,2001,337
87568,87568,2000,2007,1973
87569,87569,2000,2006,1580
87571,87571,2000,2009,2460
87572,87572,2000,2003,778
87573,87573,1994,1997,732
87574,87574,2000,2006,1536
87575,87575,2000,2003,537
87576,87576,2000,2003,900
87577,87577,2000,2003,729
87578,87578,2000,2003,495
87579,87579,2000,2007,1793
87580,87580,2000,2009,2306
87581,87581,1993,2006,3208
87582,87582,2000,2003,816
87583,87583,2000,2020,5259
87584,87584,2000,2011,2740
87585,87585,2000,2006,1277
87586,87586,2000,2005,1447
87587,87587,2000,2007,1871
87588,87588,2000,2009,2318
87589,87589,2000,2020,5127
87590,87590,2000,2001,272
87591,87591,2000,2001,382
87592,87592,2000,2009,737
87593,87593,2000,2002,492
87594,87594,2000,2000,143
87595,87595,2000,2006,1505
87596,87596,2000,2002,704
87597,87597,2000,2002,504
87598,87598,2000,2007,1881
87599,87599,2000,2004,1051
87601,87601,2000,2013,3451
87602,87602,2000,2018,4606
87603,87603,2000,2007,1772
87604,87604,2000,2017,4217
87605,87605,2000,2003,956
87606,87606,2000,2006,1626
87607,87607,2000,2002,584
87608,87608,2000,2020,5246
87609,87609,2000,2001,111
87610,87610,2000,2002,579
87611,87611,2000,2007,1864
87612,87612,2000,2017,4276
87613,87613,2000,2000,155
87614,87614,2000,2020,5232
87615,87615,2000,2004,1029
87616,87616,2000,2002,643
87617,87617,2000,2003,947
87618,87618,2000,2011,2785
87619,87619,2000,2009,2261
87620,87620,2000,2000,189
87621,87621,2000,2005,1362
87622,87622,2000,2001,456
87623,87623,2000,2006,1594
87624,87624,2000,2002,482
87625,87625,2000,2009,2214
87626,87626,2000,2003,676
87627,87627,2000,2003,833
87628,87628,2000,2001,398
87630,87630,2000,2002,652
87631,87631,2000,2001,417
87632,87632,2000,2016,4175
87633,87633,2000,2011,2869
87634,87634,2000,2009,1998
87635,87635,2000,2001,325
87636,87636,2000,2003,873
87637,87637,1993,2012,4924
87638,87638,2000,2003,966
87639,87639,2000,2007,1834
87640,87640,2000,2002,713
87641,87641,2000,2002,602
87642,87642,2000,2005,1383
87643,87643,2000,2008,1167
87644,87644,2000,2007,1833
87646,87646,2000,2007,1831
87647,87647,2000,2006,1566
87648,87648,2000,2007,1866
87649,87649,2000,2010,2558
87650,87650,2000,2002,596
87651,87651,2000,2003,754
87652,87652,2000,2015,3784
87654,87654,2000,2001,236
87655,87655,2000,2000,144
87656,87656,2000,2020,2980
87657,87657,2000,2020,5221
87658,87658,2000,2020,4421
87659,87659,2000,2020,5220
87660,87660,2000,2008,2013
87662,87662,2000,2020,5223
87663,87663,2000,2004,877
87664,87664,2000,2009,2292
87665,87665,2000,2002,476
87666,87666,2000,2020,5227
87667,87667,2000,2001,446
87668,87668,2000,2002,517
87680,87680,1993,1998,1489
87696,87696,1993,2017,6133
87717,87717,1993,2020,7044
87725,87725,1993,2020,6356
87748,87748,2000,2004,1188
87749,87749,2000,2003,723
87750,87750,2000,2012,3130
87751,87751,2000,2003,724
87752,87752,2000,2014,3487
87753,87753,2000,2020,2083
87754,87754,2000,2000,133
87755,87755,2000,2014,3468
87756,87756,2000,2007,1952
87757,87757,2000,2002,505
87759,87759,2000,2020,3362
87761,87761,2000,2003,766
87762,87762,2000,2012,3083
87763,87763,2000,2007,1730
87764,87764,2000,2001,295
87765,87765,2000,2001,426
87766,87766,2000,2001,327
87767,87767,2000,2003,821
87768,87768,2000,2004,1070
87769,87769,2000,2010,2428
87770,87770,2000,2001,425
87771,87771,2000,2015,3741
87772,87772,2000,2002,596
87773,87773,2000,2007,1713
87774,87774,2000,2004,1007
87775,87775,2000,2000,124
87776,87776,1993,1995,391
87777,87777,2000,2012,2575
87778,87778,2000,2002,514
87779,87779,2000,2003,754
87780,87780,2000,2001,324
87782,87782,2000,2002,624
87783,87783,2000,2002,644
87785,87785,2000,2014,3648
87786,87786,2001,2003,47
87787,87787,2000,2003,62
87788,87788,2000,2004,944
87789,87789,2000,2020,5222
87790,87790,2000,2006,1656
87791,87791,2000,2008,2069
87793,87793,2000,2006,1558
87794,87794,2000,2003,663
87795,87795,2000,2005,1191
87796,87796,2000,2001,425
87797,87797,2000,2017,4094
87798,87798,2000,2003,729
87799,87799,2000,2002,545
87800,87800,2000,2010,2597
87801,87801,2000,2009,1857
87802,87802,2000,2001,269
87803,87803,2000,2003,693
87804,87804,2000,2008,1855
87806,87806,2000,2005,1427
87807,87807,2000,2002,641
87808,87808,2000,2012,3075
87809,87809,2000,2004,1025
87810,87810,2000,2006,1219
87811,87811,2000,2001,280
87812,87812,2000,2020,5227
87814,87814,2000,2018,4526
87815,87815,2000,2003,813
87816,87816,2000,2015,3931
87817,87817,2000,2004,1067
87818,87818,2000,2002,601
87819,87819,2000,2001,256
87820,87820,2000,2002,445
87822,87822,2000,2002,524
87823,87823,2000,2004,1120
87824,87824,2000,2001,256
87825,87825,2000,2020,5240
87826,87826,2000,2005,1317
87827,87827,2000,2013,3330
87828,87828,2000,2005,1286
87829,87829,2000,2000,59
87830,87830,2000,2003,844
87831,87831,2000,2001,301
87832,87832,2000,2020,5217
87833,87833,2000,2011,2638
87834,87834,2000,2001,347
87836,87836,2000,2004,428
87837,87837,2000,2020,4776
87838,87838,2000,2009,2385
87839,87839,2000,2005,1263
87840,87840,1993,1997,979
87841,87841,2000,2014,3553
87842,87842,2000,2020,5219
87843,87843,2000,2011,2692
87844,87844,2000,2020,5215
87845,87845,2000,2010,2506
87856,87856,1993,2014,4928
87864,87864,1993,2001,1374
87899,87899,1993,1995,524
87920,87920,1993,2000,878
87952,87952,1993,2020,6922
87979,87979,1993,1993,4
88007,88007,1993,2008,2972
88015,88015,1993,2006,3064
88023,88023,1993,1995,588
88031,88031,1993,2020,6921
88050,88050,1993,2000,1301
88111,88111,1993,1999,1681
88130,88130,1993,1998,1319
88148,88148,2000,2016,4153
88149,88149,2000,2004,1105
88150,88150,2000,2003,735
88151,88151,2000,2001,141
88152,88152,2000,2020,5218
88153,88153,2000,2007,1779
88154,88154,1993,1994,253
88155,88155,2000,2003,754
88156,88156,2000,2005,1117
88157,88157,2000,2007,1803
88158,88158,2000,2005,991
88159,88159,2000,2020,5214
88160,88160,2000,2001,270
88161,88161,2000,2009,2350
88163,88163,2000,2012,2986
88164,88164,2000,2001,246
88165,88165,2000,2009,2402
88166,88166,2000,2017,4119
88167,88167,2000,2020,5141
88168,88168,2000,2002,471
88169,88169,2000,2003,920
88170,88170,2000,2000,122
88171,88171,2000,2001,323
88172,88172,2000,2016,4103
88173,88173,2000,2020,5216
88174,88174,2000,2020,5216
88175,88175,2000,2003,712
88176,88176,2000,2003,696
88177,88177,2000,2020,5204
88178,88178,2000,2003,725
88179,88179,2000,2003,805
88180,88180,2000,2005,1362
88181,88181,2000,2020,5049
88182,88182,2000,2020,5202
88183,88183,2000,2020,4378
88184,88184,2000,2001,309
88185,88185,2000,2002,495
88186,88186,2000,2001,391
88187,88187,2000,2005,1287
88188,88188,2000,2003,822
88190,88190,2000,2007,1711
88191,88191,2000,2002,445
88192,88192,2000,2009,2231
88193,88193,2000,2013,3267
88194,88194,2000,2002,455
88195,88195,2000,2020,5217
88196,88196,2000,2020,5213
88197,88197,1993,2020,7044
88198,88198,2000,2005,1338
88199,88199,2000,2007,1836
88200,88200,2000,2002,614
88201,88201,2000,2001,299
88202,88202,2000,2010,1914
88203,88203,2000,2020,5216
88204,88204,2000,2008,1990
88205,88205,2000,2007,1745
88206,88206,2000,2006,1509
88207,88207,2000,2014,3696
88208,88208,2000,2020,5181
88209,88209,2000,2001,175
88211,88211,2000,2010,2495
88212,88212,2000,2000,82
88213,88213,2000,2008,2002
88227,88227,2000,2002,639
88230,88230,2000,2003,619
88231,88231,2000,2010,2243
88232,88232,2000,2002,502
88233,88233,2000,2020,5194
88234,88234,1993,1999,1037
88235,88235,2000,2002,609
88237,88237,2000,2007,1819
88238,88238,2000,2003,791
88239,88239,2000,2015,3690
88240,88240,2000,2020,5091
88241,88241,2000,2002,398
88242,88242,1993,1994,266
88243,88243,2000,2004,1100
88244,88244,2000,2020,2958
88245,88245,2000,2002,532
88246,88246,2000,2016,4020
88247,88247,2000,2001,370
88248,88248,2000,2008,2117
88249,88249,2000,2008,2102
88250,88250,2000,2010,2630
88251,88251,2000,2001,349
88252,88252,2000,2001,274
88253,88253,2000,2000,112
88254,88254,2000,2004,953
88255,88255,2000,2011,2922
88256,88256,2000,2005,1295
88257,88257,2000,2017,3371
88258,88258,2000,2018,4477
88259,88259,2000,2002,614
88260,88260,2000,2020,5186
88261,88261,2000,2000,155
88262,88262,2000,2007,1877
88263,88263,2000,2010,2655
88264,88264,2000,2020,5164
88265,88265,2000,2001,243
88266,88266,2000,2020,5196
88267,88267,2000,2001,301
88268,88268,2000,2001,183
88269,88269,1993,1998,1473
88270,88270,2000,2005,825
88271,88271,2000,2009,2327
88272,88272,2000,2001,296
88274,88274,2000,2002,438
88275,88275,2000,2005,1336
88276,88276,2000,2002,416
88277,88277,1993,1994,374
88278,88278,2000,2017,4160
88279,88279,2000,2007,1821
88280,88280,2000,2020,5155
88281,88281,2000,2020,5164
88282,88282,2000,2020,5161
88283,88283,2000,2010,2334
88284,88284,2000,2020,5173
88285,88285,1993,2017,1248
88287,88287,2000,2020,4990
88288,88288,2000,2001,242
88289,88289,2000,2002,465
88300,88300,2000,2002,517
88303,88303,2000,2002,262
88305,88305,2000,2005,1213
88307,88307,2000,2020,5158
88308,88308,2000,2004,933
88309,88309,2000,2020,5158
88310,88310,2000,2020,5161
88312,88312,2000,2003,786
88313,88313,2000,2017,4257
88315,88315,2000,2000,67
88316,88316,2000,2004,739
88319,88319,2000,2020,4694
88320,88320,2000,2001,167
88321,88321,2000,2011,1597
88323,88323,2000,2001,348
88324,88324,2000,2006,1424
88325,88325,2000,2008,1916
88326,88326,2000,2003,748
88327,88327,2000,2001,192
88328,88328,2000,2003,705
88329,88329,2000,2006,1583
88330,88330,2000,2015,3770
88331,88331,2000,2016,4120
88332,88332,2000,2020,5160
88333,88333,2000,2002,404
88334,88334,2000,2006,1428
88335,88335,2000,2014,3626
88336,88336,2000,2017,4169
88337,88337,2000,2002,494
88338,88338,2000,2007,1812
88339,88339,2000,2001,309
88340,88340,2000,2020,5145
88341,88341,2000,2020,4168
88342,88342,2000,2004,1087
88343,88343,2000,2020,5042
88344,88344,2000,2002,625
88345,88345,2000,2002,611
88346,88346,2000,2001,242
88347,88347,2000,2003,842
88348,88348,2000,2004,261
88350,88350,2000,2001,296
88351,88351,2000,2020,5179
88352,88352,2000,2020,5172
88353,88353,2000,2003,454
88354,88354,2000,2003,758
88355,88355,2000,2009,2314
88357,88357,1993,1996,711
88358,88358,2000,2003,854
88359,88359,2000,2013,3362
88360,88360,2000,2020,5161
88361,88361,2000,2000,101
88362,88362,2000,2020,5072
88363,88363,2000,2000,25
88364,88364,2000,2002,515
88366,88366,2000,2002,489
88367,88367,2000,2017,4108
88368,88368,2000,2020,5130
88369,88369,2000,2003,750
88370,88370,2000,2020,4652
88371,88371,2000,2016,3980
88372,88372,2000,2020,5166
88373,88373,1993,2020,7045
88374,88374,2000,2002,451
88375,88375,2000,2000,67
88376,88376,2000,2001,53
88377,88377,2000,2007,1765
88378,88378,2000,2003,784
88379,88379,2000,2019,3951
88380,88380,2000,2001,366
88381,88381,1993,1998,1379
88382,88382,2000,2001,227
88383,88383,2000,2006,1524
88384,88384,2000,2020,4397
88385,88385,2000,2003,795
88386,88386,2000,2002,459
88388,88388,1998,2000,506
88391,88391,2000,2020,5139
88392,88392,2006,2020,3668
88393,88393,2000,2005,859
88400,88400,1993,1998,859
88402,88402,2000,2020,5095
88403,88403,2000,2020,5108
88407,88407,2000,2020,5132
88409,88409,2000,2011,2841
88410,88410,2000,2007,1694
88411,88411,2000,2020,5149
88412,88412,2000,2002,351
88413,88413,2000,2000,18
88414,88414,2000,2002,421
88415,88415,2000,2001,348
88416,88416,2000,2009,1807
88417,88417,2000,2020,5151
88418,88418,2000,2005,1236
88419,88419,2000,2009,2191
88420,88420,2000,2004,890
88421,88421,2000,2020,5137
88422,88422,2000,2008,1921
88423,88423,2000,2009,2264
88424,88424,2000,2009,2375
88425,88425,2000,2005,1207
88426,88426,2000,2001,273
88427,88427,2000,2020,5089
88428,88428,2000,2002,483
88429,88429,1993,1994,261
88430,88430,2000,2007,1616
88431,88431,2000,2005,1167
88432,88432,2000,2010,2380
88433,88433,2000,2004,635
88434,88434,2000,2020,5141
88435,88435,2000,2002,144
88436,88436,2000,2020,5147
88439,88439,2000,2020,5152
88440,88440,2000,2006,1431
88441,88441,2000,2005,1187
88442,88442,2000,2020,5141
88443,88443,2000,2001,287
88444,88444,2000,2002,367
88445,88445,1993,1998,1336
88446,88446,2000,2020,5139
88447,88447,2000,2001,261
88448,88448,2000,2009,2230
88449,88449,2000,2007,1858
88450,88450,2000,2007,1036
88451,88451,2000,2018,4617
88452,88452,2000,2001,240
88454,88454,2000,2003,726
88455,88455,2000,2002,501
88456,88456,2000,2001,218
88457,88457,2000,2012,3066
88458,88458,2000,2016,3908
88459,88459,2000,2008,1853
88460,88460,2000,2005,1161
88462,88462,2000,2020,5148
88463,88463,2000,2007,1633
88464,88464,2000,2001,197
88465,88465,2000,2001,168
88466,88466,2000,2020,5114
88467,88467,2018,2020,652
88468,88468,2000,2020,5146
88469,88469,2000,2005,1351
88470,88470,2000,2002,437
88471,88471,2000,2020,3240
88472,88472,2000,2003,666
88473,88473,2000,2001,288
88474,88474,2000,2002,388
88475,88475,2000,2017,4167
88476,88476,2000,2003,633
88477,88477,2000,2003,721
88478,88478,2000,2007,1714
88479,88479,2000,2003,646
88480,88480,1993,1994,169
88481,88481,2000,2001,328
88482,88482,2000,2010,2034
88483,88483,2000,2007,1704
88484,88484,2000,2002,502
88485,88485,2000,2020,5137
88486,88486,2000,2002,485
88487,88487,2000,2020,5138
88489,88489,2000,2007,1674
88490,88490,2000,2020,5131
88492,88492,2000,2003,693
88493,88493,2000,2008,1855
88494,88494,2000,2013,3221
88495,88495,2000,2019,4699
88497,88497,2000,2016,4103
88498,88498,2000,2008,2055
88499,88499,2000,2011,2725
88500,88500,2000,2005,1200
88501,88501,2000,2006,1438
88502,88502,2000,2003,597
88503,88503,2000,2009,2121
88504,88504,2000,2020,5135
88505,88505,2000,2001,220
88506,88506,2000,2000,24
88507,88507,2000,2020,5128
88508,88508,2000,2004,1000
88510,88510,2000,2011,2748
88511,88511,2000,2020,5136
88512,88512,2000,2000,87
88513,88513,2000,2003,728
88514,88514,2000,2003,663
88515,88515,2000,2003,729
88516,88516,2000,2016,3879
88518,88518,2000,2020,2396
88519,88519,2000,2002,597
88520,88520,2000,2003,608
88521,88521,2000,2004,878
88522,88522,2000,2003,659
88523,88523,2000,2003,840
88524,88524,2000,2001,252
88526,88526,2000,2020,5132
88527,88527,2000,2005,1302
88528,88528,2000,2001,207
88529,88529,2000,2003,657
88530,88530,2000,2002,398
88531,88531,2000,2002,354
88532,88532,2000,2011,2711
88534,88534,2000,2020,5110
88535,88535,2000,2012,2952
88536,88536,2000,2002,542
88537,88537,2000,2015,3647
88538,88538,2000,2004,1051
88539,88539,2000,2006,1470
88540,88540,2000,2005,1350
88541,88541,1993,1993,24
88542,88542,2000,2020,5051
88543,88543,2000,2007,1622
88544,88544,2000,2008,1959
88545,88545,2000,2020,4879
88546,88546,2000,2020,5100
88547,88547,2000,2003,207
88548,88548,2000,2003,178
88549,88549,2000,2005,1320
88550,88550,2000,2012,3113
88551,88551,2000,2002,519
88552,88552,2000,2002,489
88553,88553,2000,2008,739
88554,88554,2000,2010,2262
88555,88555,2000,2001,282
88556,88556,2000,2007,1611
88557,88557,2000,2004,845
88558,88558,2000,2002,519
88559,88559,2000,2004,976
88561,88561,2000,2002,501
88562,88562,2000,2003,662
88563,88563,2000,2001,242
88564,88564,2000,2020,5118
88565,88565,2000,2004,867
88566,88566,2000,2002,488
88567,88567,2000,2003,695
88568,88568,2000,2020,5136
88569,88569,2000,2003,759
88570,88570,2000,2003,649
88571,88571,2000,2002,560
88572,88572,2000,2018,3973
88573,88573,2000,2005,1344
88574,88574,2000,2016,3908
88575,88575,2000,2010,2391
88577,88577,2000,2007,1720
88578,88578,2000,2005,1284
88579,88579,2000,2003,706
88580,88580,2000,2010,2537
88581,88581,2000,2011,2723
88582,88582,2000,2001,310
88583,88583,2000,2008,1941
88585,88585,2000,2005,1227
88586,88586,2000,2000,66
88587,88587,2000,2007,1776
88588,88588,2000,2002,471
88589,88589,2000,2002,344
88590,88590,2000,2019,4615
88591,88591,2000,2002,579
88592,88592,1993,2003,2446
88593,88593,2000,2020,5094
88595,88595,2000,2020,5115
88596,88596,2000,2012,2670
88597,88597,2000,2020,5108
88598,88598,2000,2007,1741
88599,88599,2000,2002,333
88601,88601,2000,2003,699
88602,88602,2000,2007,1660
88603,88603,2000,2007,1833
88605,88605,1993,1997,1052
88611,88611,2000,2003,716
88612,88612,2000,2020,5104
88614,88614,2000,2006,1481
88615,88615,2000,2020,5095
88616,88616,2000,2008,1846
88617,88617,2000,2007,1602
88618,88618,2000,2003,603
88620,88620,2000,2020,4647
88622,88622,2000,2005,1185
88623,88623,2000,2006,1413
88624,88624,2000,2004,869
88625,88625,2000,2005,1246
88626,88626,2000,2020,5095
88627,88627,2000,2009,2151
88628,88628,2000,2002,355
88629,88629,2000,2007,1108
88630,88630,2000,2003,668
88631,88631,2000,2005,1059
88632,88632,2000,2002,317
88633,88633,2000,2006,1420
88634,88634,2000,2007,1657
88635,88635,2000,2017,3805
88636,88636,2000,2003,654
88637,88637,2000,2004,651
88638,88638,2000,2001,289
88639,88639,2000,2005,1183
88641,88641,2000,2001,299
88642,88642,2000,2008,1938
88643,88643,2000,2007,1803
88644,88644,2000,2001,156
88645,88645,2000,2018,4422
88646,88646,2000,2013,3256
88647,88647,2000,2001,135
88648,88648,2000,2020,5101
88649,88649,2000,2004,982
88650,88650,2000,2002,300
88651,88651,2000,2005,1131
88652,88652,2000,2007,1530
88653,88653,2000,2011,2691
88654,88654,2000,2001,284
88655,88655,2000,2002,423
88656,88656,1993,1993,54
88657,88657,2000,2003,696
88658,88658,2000,2013,3091
88659,88659,2000,2020,5089
88660,88660,2000,2020,5081
88661,88661,2000,2020,5092
88663,88663,2000,2003,738
88664,88664,1993,2020,7050
88665,88665,2000,2001,263
88666,88666,2000,2002,410
88667,88667,2000,2003,759
88668,88668,2000,2018,4435
88669,88669,2000,2006,1424
88670,88670,2000,2004,905
88671,88671,2000,2003,620
88673,88673,2006,2020,3708
88674,88674,2000,2006,1476
88675,88675,2000,2009,2124
88676,88676,2000,2006,1528
88677,88677,2000,2003,744
88679,88679,2000,2002,368
88680,88680,2000,2000,4
88681,88681,2000,2009,2319
88682,88682,2000,2004,922
88683,88683,2000,2020,5082
88717,88717,2000,2002,345
88718,88718,2000,2003,622
88719,88719,2000,2020,4641
88721,88721,2000,2002,408
88722,88722,2000,2001,283
88723,88723,2000,2001,165
88724,88724,2000,2001,228
88725,88725,2000,2011,2515
88726,88726,2000,2002,241
88727,88727,2000,2011,2672
88729,88729,2000,2019,4739
88730,88730,2000,2008,2048
88731,88731,2000,2002,547
88732,88732,2000,2002,364
88733,88733,2000,2008,1938
88734,88734,2000,2002,344
88735,88735,2000,2002,427
88737,88737,2000,2005,109
88738,88738,2000,2002,457
88739,88739,2000,2014,3576
88740,88740,2000,2018,4490
88741,88741,2000,2002,430
88742,88742,2000,2020,4955
88743,88743,2000,2008,1907
88745,88745,2000,2003,549
88746,88746,2000,2013,3046
88747,88747,2000,2001,283
88748,88748,2000,2008,1973
88749,88749,2000,2005,1073
88750,88750,2000,2017,4149
88751,88751,2000,2003,646
88779,88779,1993,2020,7029
88783,88783,2000,2003,556
88784,88784,2000,2011,2782
88785,88785,2000,2005,1159
88786,88786,2000,2016,3903
88788,88788,2000,2020,3317
88789,88789,2000,2002,401
88790,88790,2000,2019,4698
88791,88791,2000,2011,2761
88792,88792,2000,2018,4335
88793,88793,2000,2004,952
88794,88794,2000,2002,351
88795,88795,1993,2016,5982
88796,88796,2000,2001,103
88797,88797,2000,2011,2184
88798,88798,2000,2002,419
88799,88799,2000,2011,2717
88800,88800,2000,2001,233
88801,88801,2000,2010,2284
88802,88802,2000,2005,935
88803,88803,2000,2003,567
88804,88804,2000,2001,281
88806,88806,2000,2014,1114
88807,88807,2000,2020,5061
88809,88809,2000,2007,1754
88810,88810,2000,2020,5053
88811,88811,2000,2015,3607
88812,88812,2000,2003,656
88813,88813,2000,2009,2065
88814,88814,2000,2016,3818
88815,88815,2000,2009,2255
88817,88817,2000,2014,3291
88818,88818,2000,2020,5055
88819,88819,2000,2002,313
88820,88820,2000,2020,4953
88821,88821,2000,2006,1364
88822,88822,2000,2018,4310
88825,88825,2000,2006,1279
88826,88826,2000,2007,1570
88828,88828,2000,2010,2482
88829,88829,2000,2001,212
88830,88830,2000,2009,2035
88831,88831,2000,2007,1353
88832,88832,1993,2006,3440
88835,88835,2000,2007,1530
88836,88836,2000,2017,4152
88837,88837,2000,2020,5046
88838,88838,2000,2003,632
88839,88839,2000,2020,5047
88840,88840,2000,2003,487
88841,88841,2000,2020,5041
88842,88842,2000,2007,1375
88845,88845,2000,2018,4517
88846,88846,2000,2005,1200
88847,88847,2000,2004,790
88848,88848,2000,2007,664
88849,88849,2000,2004,828
88850,88850,2000,2016,3485
88851,88851,2000,2007,1738
88852,88852,2000,2004,797
88853,88853,2000,2020,5037
88855,88855,2000,2006,1290
88856,88856,2000,2009,2031
88857,88857,2001,2020,4992
88858,88858,2001,2004,842
88860,88860,2001,2020,5013
88861,88861,2001,2002,283
88862,88862,2001,2005,826
88863,88863,2001,2020,5011
88864,88864,2001,2002,255
88865,88865,2001,2020,4996
88866,88866,2001,2005,1070
88867,88867,1993,2011,4691
88868,88868,2001,2012,2957
88869,88869,2001,2014,3400
88871,88871,2001,2020,4996
88873,88873,2001,2020,5011
88876,88876,2001,2013,2559
88877,88877,2001,2012,2689
88878,88878,2001,2012,2519
88879,88879,2001,2014,2931
88880,88880,2001,2012,2816
88881,88881,2001,2012,2628
88882,88882,2001,2016,3844
88884,88884,1993,1996,740
88885,88885,2001,2020,5006
88886,88886,2001,2005,1116
88888,88888,2001,2020,4992
88890,88890,2001,2002,234
88891,88891,1993,2010,2605
88892,88892,2001,2014,3068
88893,88893,2001,2020,5005
88895,88895,2001,2020,4949
88897,88897,2001,2020,5005
88899,88899,2001,2003,650
88900,88900,2001,2002,396
88901,88901,2001,2020,5008
88902,88902,2001,2006,1349
88903,88903,2001,2020,4969
88905,88905,2001,2020,4619
88906,88906,2001,2012,2908
88907,88907,2001,2005,884
88908,88908,2001,2020,4479
88909,88909,2001,2007,1348
88910,88910,2001,2008,1954
88911,88911,2001,2007,1497
88912,88912,1993,2020,6903
88913,88913,2001,2003,640
88914,88914,2001,2002,369
88915,88915,2001,2008,1871
88917,88917,2001,2007,1509
88919,88919,2001,2002,347
88922,88922,2001,2010,2262
88923,88923,2001,2002,267
88924,88924,2001,2020,4973
88925,88925,2001,2004,433
88926,88926,2001,2016,3731
88929,88929,2001,2016,3928
88930,88930,2001,2020,4960
88931,88931,2001,2015,3560
88932,88932,2001,2013,2922
88933,88933,2001,2014,3064
88934,88934,2001,2016,3781
88935,88935,2001,2014,3315
88936,88936,2001,2001,80
88937,88937,2001,2009,1909
88938,88938,2001,2005,974
88939,88939,1993,2000,1520
88940,88940,2001,2017,3797
88941,88941,2001,2008,1083
88942,88942,2001,2004,571
88943,88943,2001,2010,2250
88944,88944,2001,2020,4981
88945,88945,2001,2013,3006
88946,88946,2001,2005,1164
88948,88948,2001,2007,1640
88949,88949,2001,2020,4987
88950,88950,2001,2003,656
88951,88951,2001,2020,3991
88952,88952,2001,2005,1016
88953,88953,2001,2020,4966
88954,88954,2001,2002,175
88957,88957,2001,2020,4963
88958,88958,2001,2016,3834
88960,88960,2001,2020,4964
88962,88962,2001,2002,341
88963,88963,2001,2020,4831
88964,88964,2001,2008,1200
88965,88965,2001,2020,4580
88966,88966,2001,2002,378
88967,88967,2001,2007,1478
88968,88968,2001,2004,685
88969,88969,2001,2002,235
88970,88970,2001,2020,4775
88972,88972,2001,2005,976
88973,88973,2001,2003,509
88974,88974,2001,2004,800
88975,88975,2001,2004,747
88976,88976,2001,2013,3067
88977,88977,2001,2005,1145
88978,88978,2001,2006,1128
88979,88979,2001,2010,1663
88980,88980,2001,2008,1877
88981,88981,2001,2002,288
88982,88982,2001,2007,1559
88983,88983,2001,2003,626
88984,88984,2001,2020,4654
88985,88985,2001,2001,107
88986,88986,2001,2009,2155
88987,88987,2001,2016,2764
88988,88988,2001,2020,4928
88989,88989,2001,2014,3406
88990,88990,1993,2008,3924
88991,88991,2001,2016,3744
88992,88992,2001,2012,2925
88994,88994,2001,2020,4802
88995,88995,2001,2010,2365
88996,88996,2001,2004,617
88997,88997,2001,2004,627
88998,88998,2001,2004,592
88999,88999,2001,2002,382
89000,89000,2001,2007,1511
89001,89001,2001,2004,829
89002,89002,2001,2020,4923
89003,89003,2001,2020,4903
89004,89004,2001,2017,3921
89005,89005,2001,2005,1004
89006,89006,2001,2020,4920
89007,89007,2001,2009,2106
89008,89008,2001,2016,3772
89009,89009,2001,2020,4910
89011,89011,2001,2020,4910
89012,89012,2001,2020,4905
89013,89013,2001,2012,2710
89014,89014,2001,2018,4379
89016,89016,2001,2020,4917
89017,89017,2001,2020,4921
89018,89018,2001,2011,2624
89019,89019,2001,2006,1253
89021,89021,2001,2008,1826
89022,89022,2001,2020,3097
89023,89023,2001,2004,775
89025,89025,2001,2016,3700
89027,89027,2001,2002,261
89028,89028,2001,2003,541
89029,89029,2001,2020,4908
89030,89030,2001,2012,2710
89031,89031,2001,2020,4923
89032,89032,2001,2005,946
89033,89033,2001,2003,433
89035,89035,2001,2007,1470
89036,89036,2001,2020,4888
89037,89037,2001,2003,251
89038,89038,2001,2020,3969
89039,89039,2001,2002,240
89040,89040,2001,2012,2809
89041,89041,2001,2003,415
89043,89043,2001,2020,4889
89044,89044,2001,2020,4887
89045,89045,2001,2009,1870
89046,89046,2001,2015,3576
89047,89047,2001,2006,1336
89048,89048,2001,2017,4040
89049,89049,2001,2020,4888
89050,89050,2001,2020,4889
89051,89051,2001,2020,4879
89052,89052,2001,2018,4236
89053,89053,2001,2020,4889
89056,89056,2001,2020,4885
89061,89061,2001,2020,4899
89063,89063,2001,2020,4860
89064,89064,2001,2007,1533
89066,89066,2001,2007,1422
89067,89067,2001,2007,1511
89068,89068,2001,2020,4885
89070,89070,2001,2020,4882
89071,89071,2001,2020,4895
89077,89077,1993,2001,2007
89093,89093,1993,2004,2966
89098,89098,2001,2002,215
89099,89099,2001,2017,4045
89100,89100,2001,2014,3102
89102,89102,2001,2013,2617
89103,89103,2001,2020,4869
89104,89104,2001,2005,832
89105,89105,2001,2017,3943
89108,89108,2001,2013,2944
89109,89109,2001,2020,3759
89110,89110,2001,2020,4882
89122,89122,1993,1994,173
89125,89125,2001,2020,4846
89126,89126,2001,2005,1062
89127,89127,2001,2006,1160
89128,89128,2001,2003,353
89130,89130,2001,2006,1191
89131,89131,2001,2006,1139
89132,89132,2001,2005,1001
89133,89133,2001,2005,891
89134,89134,2001,2020,4846
89138,89138,2001,2020,4885
89139,89139,2001,2020,4883
89141,89141,2001,2020,4505
89142,89142,2001,2012,2719
89143,89143,2001,2014,2864
89144,89144,2002,2003,19
89145,89145,2001,2003,36
89147,89147,2001,2002,246
89148,89148,2001,2011,2438
89150,89150,2001,2016,3655
89151,89151,2001,2008,1657
89152,89152,2001,2011,2078
89154,89154,2001,2020,4852
89155,89155,2001,2020,3921
89156,89156,2001,2016,3633
89158,89158,2001,2013,2761
89159,89159,2001,2012,2416
89160,89160,2001,2012,2656
89161,89161,2001,2013,2511
89162,89162,2001,2020,4851
89163,89163,2001,2016,3806
89166,89166,2001,2007,1512
89167,89167,2001,2020,4829
89168,89168,2001,2018,3288
89169,89169,2001,2020,4105
89170,89170,2001,2014,3119
89172,89172,2001,2009,1882
89174,89174,2001,2010,2212
89175,89175,2001,2020,4175
89176,89176,2001,2005,697
89177,89177,2001,2004,624
89179,89179,2001,2020,4827
89181,89181,1993,2008,3946
89182,89182,2001,2018,4312
89183,89183,2001,2018,4135
89184,89184,2001,2018,4269
89185,89185,2001,2003,400
89186,89186,2001,2004,774
89191,89191,2001,2020,4510
89192,89192,2001,2012,2799
89194,89194,2001,2014,3121
89195,89195,2001,2020,4832
89196,89196,2001,2007,1462
89197,89197,2001,2007,1543
89198,89198,2001,2014,3306
89199,89199,2001,2020,4846
89201,89201,2001,2006,1291
89202,89202,2001,2020,4360
89203,89203,2001,2017,4032
89204,89204,2001,2012,2802
89205,89205,2001,2004,733
89206,89206,2001,2003,230
89207,89207,2001,2018,4189
89208,89208,2001,2012,2581
89210,89210,2001,2015,3451
89211,89211,2001,2020,4449
89212,89212,2001,2002,180
89213,89213,2001,2017,3978
89215,89215,2001,2020,4817
89216,89216,2001,2020,4807
89217,89217,2001,2020,4806
89218,89218,2001,2014,2608
89221,89221,2001,2020,4807
89223,89223,2001,2005,879
89224,89224,2001,2007,1514
89225,89225,2001,2010,2160
89227,89227,2001,2005,995
89230,89230,2001,2017,3992
89236,89236,2001,2020,4819
89237,89237,1993,2009,4139
89238,89238,2001,2020,4808
89239,89239,2001,2005,833
89240,89240,2001,2020,4814
89241,89241,2001,2012,2638
89242,89242,2001,2012,2553
89243,89243,2001,2007,1413
89244,89244,2001,2020,4815
89245,89245,1993,2004,2692
89246,89246,2001,2020,4779
89247,89247,2001,2007,1290
89249,89249,2001,2008,1526
89250,89250,2001,2013,3011
89252,89252,2002,2020,4784
89254,89254,2001,2012,2622
89255,89255,2001,2002,179
89256,89256,2001,2020,4791
89257,89257,2001,2020,4792
89258,89258,2001,2020,4796
89259,89259,2001,2005,901
89260,89260,2001,2005,888
89262,89262,2001,2020,4780
89263,89263,2001,2012,2381
89264,89264,2001,2006,634
89265,89265,2001,2008,1694
89266,89266,2002,2006,1236
89267,89267,2001,2003,388
89268,89268,2001,2011,1826
89269,89269,2001,2020,4796
89270,89270,2001,2020,3914
89271,89271,2001,2011,2410
89272,89272,2001,2004,421
89273,89273,2001,2004,468
89274,89274,2001,2008,1595
89275,89275,2001,2004,590
89276,89276,2001,2005,857
89277,89277,2001,2016,1271
89278,89278,2002,2012,2652
89279,89279,2000,2020,4201
89281,89281,2002,2019,4342
89282,89282,2002,2020,4766
89283,89283,2002,2015,3397
89284,89284,2002,2020,4677
89288,89288,2002,2004,678
89289,89289,2002,2020,4615
89290,89290,2002,2020,4765
89291,89291,2002,2006,970
89292,89292,2002,2013,3003
89293,89293,2002,2009,1152
89295,89295,2002,2013,2967
89297,89297,2002,2020,4744
89298,89298,2002,2020,4747
89300,89300,2002,2008,1526
89301,89301,2002,2020,4755
89302,89302,2002,2003,427
89303,89303,2002,2008,1599
89304,89304,2002,2018,4207
89305,89305,2002,2011,2342
89306,89306,2002,2005,871
89307,89307,2002,2020,4758
89308,89308,2002,2008,1635
89309,89309,1993,1993,120
89310,89310,2002,2006,1178
89311,89311,2002,2002,160
89312,89312,2002,2012,1905
89313,89313,2002,2010,2188
89315,89315,1998,1999,147
89317,89317,1993,2020,6327
89319,89319,2001,2002,195
89320,89320,2002,2007,993
89321,89321,2002,2015,3433
89322,89322,2002,2004,570
89323,89323,2002,2020,4731
89325,89325,1993,2002,2214
89326,89326,2002,2006,1070
89327,89327,2002,2020,4735
89328,89328,2002,2006,846
89329,89329,2002,2015,3223
89330,89330,2002,2020,4729
89331,89331,2002,2007,1217
89332,89332,2002,2019,4278
89333,89333,1993,2010,4321
89335,89335,2002,2018,4058
89336,89336,2002,2020,4727
89337,89337,2002,2012,2547
89338,89338,2002,2013,2755
89339,89339,2002,2013,2494
89340,89340,2002,2012,2234
89341,89341,1993,2000,1960
89342,89342,2002,2014,3155
89343,89343,2002,2013,2419
89344,89344,2002,2014,2891
89345,89345,2002,2004,266
89346,89346,2002,2004,511
89347,89347,2002,2008,1612
89348,89348,2002,2020,4727
89349,89349,2002,2020,4740
89350,89350,2002,2011,2281
89351,89351,2002,2004,459
89352,89352,2002,2006,1132
89353,89353,2002,2020,4713
89354,89354,2002,2005,803
89355,89355,2002,2007,1425
89356,89356,2002,2013,2540
89357,89357,2002,2002,8
89358,89358,2002,2020,4059
89359,89359,2002,2018,3972
89360,89360,1993,1998,880
89361,89361,2002,2020,4705
89362,89362,2002,2010,1914
89363,89363,2002,2016,3458
89364,89364,2002,2020,4250
89365,89365,2002,2020,4541
89366,89366,2002,2010,1702
89367,89367,2002,2010,2161
89368,89368,2002,2006,1123
89369,89369,2002,2020,4705
89370,89370,2002,2008,1672
89371,89371,2002,2010,2103
89372,89372,2002,2020,4705
89374,89374,2002,2005,842
89375,89375,2002,2003,345
89378,89378,2002,2007,1193
89379,89379,2002,2006,1113
89381,89381,2002,2004,579
89382,89382,2001,2020,4916
89383,89383,2002,2007,1225
89385,89385,2002,2004,339
89386,89386,2002,2016,3671
89387,89387,2002,2020,4686
89388,89388,2002,2005,741
89389,89389,2002,2005,800
89390,89390,2002,2007,1376
89391,89391,2002,2004,541
89392,89392,1993,1999,1735
89393,89393,2002,2020,4684
89394,89394,2002,2020,4681
89395,89395,2002,2020,4657
89396,89396,2002,2005,819
89397,89397,2002,2020,3828
89398,89398,2002,2019,4369
89399,89399,2002,2016,3508
89400,89400,2002,2005,754
89401,89401,2002,2007,1201
89402,89402,2002,2007,1230
89403,89403,2002,2020,4686
89404,89404,2002,2007,1187
89405,89405,1993,1999,945
89406,89406,2002,2020,4680
89407,89407,2002,2013,2830
89408,89408,2002,2015,3410
89409,89409,2002,2018,3980
89410,89410,2002,2011,2306
89411,89411,2002,2020,3295
89413,89413,2002,2020,4663
89414,89414,2002,2005,724
89415,89415,2002,2004,417
89416,89416,2002,2020,4650
89417,89417,2002,2004,583
89418,89418,2002,2008,1496
89419,89419,2002,2014,2969
89420,89420,2002,2003,312
89422,89422,2002,2005,853
89423,89423,2002,2005,511
89424,89424,2002,2020,4255
89425,89425,2002,2020,4651
89426,89426,2002,2009,1677
89428,89428,2002,2020,4675
89429,89429,2002,2020,4663
89431,89431,2002,2010,2082
89432,89432,2002,2007,1256
89434,89434,2002,2003,195
89435,89435,2002,2016,3491
89436,89436,2002,2020,4663
89437,89437,2002,2020,4663
89438,89438,2002,2020,4663
89440,89440,1993,2016,5290
89441,89441,2002,2007,1344
89442,89442,2002,2003,299
89443,89443,2002,2020,4612
89444,89444,2002,2020,4673
89445,89445,2002,2020,4613
89446,89446,2002,2002,31
89447,89447,2002,2020,4600
89448,89448,2002,2005,631
89449,89449,2002,2020,4650
89450,89450,2002,2004,545
89451,89451,2002,2006,951
89452,89452,2002,2016,3446
89453,89453,2002,2020,4646
89454,89454,2002,2018,4145
89455,89455,2002,2020,4601
89456,89456,1993,2020,7032
89457,89457,2002,2005,751
89458,89458,2002,2008,1513
89459,89459,2002,2020,4642
89460,89460,2002,2020,4631
89461,89461,2002,2010,1891
89462,89462,2002,2020,4639
89463,89463,2002,2009,1849
89466,89466,2002,2012,2441
89468,89468,2002,2020,4642
89469,89469,2002,2020,4642
89470,89470,2002,2020,4642
89471,89471,2002,2016,3447
89472,89472,2002,2006,1090
89474,89474,2002,2016,3490
89475,89475,2002,2020,4660
89481,89481,2002,2014,2866
89482,89482,2002,2020,4337
89483,89483,2002,2006,858
89484,89484,2002,2012,2087
89485,89485,2002,2010,2050
89486,89486,2002,2007,969
89488,89488,2002,2009,1842
89489,89489,2002,2020,4619
89490,89490,2002,2020,4619
89491,89491,2002,2020,4619
89492,89492,2002,2020,4622
89493,89493,2002,2008,1364
89495,89495,2002,2004,407
89496,89496,2002,2006,1095
89497,89497,2001,2013,3142
89498,89498,2002,2009,924
89499,89499,1993,2006,2871
89500,89500,2002,2007,1078
89502,89502,2002,2012,2488
89503,89503,2002,2003,253
89504,89504,2002,2007,856
89505,89505,2002,2020,4465
89506,89506,2002,2020,4575
89507,89507,2002,2014,3028
89508,89508,2002,2020,4596
89509,89509,2002,2020,4596
89510,89510,2002,2015,3006
89511,89511,2002,2020,4598
89512,89512,2002,2020,4598
89513,89513,2002,2020,4600
89514,89514,2002,2012,2406
89515,89515,2002,2012,2455
89516,89516,2002,2020,4537
89517,89517,2002,2020,4601
89518,89518,2002,2012,2396
89519,89519,2002,2013,2525
89521,89521,2002,2005,771
89522,89522,2002,2006,715
89523,89523,2002,2003,190
89524,89524,2002,2011,2287
89525,89525,2002,2020,4533
89526,89526,2002,2006,582
89527,89527,2002,2012,2476
89528,89528,2002,2006,654
89529,89529,2002,2016,2378
89530,89530,2002,2014,2970
89531,89531,2002,2010,1909
89532,89532,2002,2007,1140
89533,89533,2002,2020,4577
89534,89534,2002,2020,4576
89535,89535,2002,2010,1825
89537,89537,2002,2020,4572
89538,89538,2002,2020,4574
89539,89539,2002,2013,2577
89540,89540,2002,2020,4585
89541,89541,2002,2018,4076
89542,89542,2002,2014,2517
89546,89546,2002,2020,4579
89547,89547,2002,2020,4588
89548,89548,2002,2020,4589
89549,89549,2002,2013,2674
89550,89550,2002,2020,4576
89551,89551,2002,2020,4575
89553,89553,2002,2020,4571
89554,89554,2002,2010,1918
89555,89555,2002,2004,46
89556,89556,2002,2005,607
89557,89557,2002,2015,3224
89558,89558,2002,2015,3105
89559,89559,2002,2005,676
89560,89560,2002,2020,3877
89561,89561,2002,2020,4137
89562,89562,2002,2020,4513
89563,89563,2002,2020,3831
89564,89564,2002,2004,276
89565,89565,2002,2015,3288
89566,89566,2002,2009,1544
89567,89567,2002,2016,3493
89568,89568,2002,2009,1592
89569,89569,2002,2005,594
89570,89570,2002,2020,4572
89571,89571,2002,2019,4185
89572,89572,2002,2020,4572
89573,89573,2002,2020,4204
89574,89574,2002,2020,4566
89575,89575,2002,2020,4556
89576,89576,2002,2020,2991
89577,89577,2002,2008,1541
89578,89578,2002,2013,2245
89580,89580,2002,2007,1096
89581,89581,2002,2020,4559
89582,89582,2002,2003,134
89583,89583,2002,2003,135
89584,89584,2002,2003,136
89585,89585,2002,2003,133
89586,89586,2002,2019,4107
89587,89587,1993,2004,1459
89588,89588,2002,2018,4013
89589,89589,2002,2008,1452
89590,89590,2002,2018,3638
89591,89591,2002,2019,3890
89592,89592,2002,2018,3475
89593,89593,2002,2019,4006
89594,89594,2002,2018,3937
89595,89595,1993,2004,410
89596,89596,2002,2019,3921
89597,89597,2002,2020,4476
89598,89598,2002,2020,4556
89599,89599,2002,2015,2956
89600,89600,2002,2020,4532
89601,89601,2002,2009,1689
89602,89602,2002,2020,4497
89603,89603,2002,2020,4558
89604,89604,2002,2014,2779
89605,89605,2002,2008,1298
89606,89606,2002,2020,4554
89607,89607,2002,2005,790
89608,89608,1993,1997,932
89609,89609,2002,2017,3578
89611,89611,2002,2020,4543
89612,89612,2003,2010,1818
89613,89613,2002,2007,1171
89614,89614,2002,2006,952
89615,89615,2002,2017,3021
89616,89616,1993,1993,8
89617,89617,2002,2020,4532
89618,89618,2002,2020,4467
89619,89619,2002,2007,1015
89620,89620,2002,2012,1539
89621,89621,2002,2004,406
89622,89622,2002,2008,1311
89623,89623,2002,2003,233
89625,89625,2002,2019,4056
89626,89626,2002,2020,4549
89627,89627,2002,2009,1757
89628,89628,2002,2017,3754
89629,89629,2002,2020,4538
89630,89630,2002,2020,4553
89631,89631,2002,2009,1602
89634,89634,2002,2016,3368
89635,89635,2002,2020,4537
89636,89636,2002,2013,2628
89637,89637,2002,2020,4543
89638,89638,2003,2004,489
89639,89639,2002,2005,621
89640,89640,2002,2005,590
89641,89641,2002,2020,4546
89642,89642,2003,2015,2988
89643,89643,2003,2020,3802
89644,89644,2003,2013,2619
89645,89645,2003,2006,670
89646,89646,2003,2007,1176
89647,89647,2003,2011,2074
89648,89648,2003,2020,4518
89649,89649,2003,2020,4514
89650,89650,2003,2008,1308
89651,89651,2003,2010,1774
89652,89652,2003,2012,2317
89653,89653,2003,2020,4522
89654,89654,2003,2006,885
89655,89655,2003,2020,4494
89659,89659,1993,2016,5842
89667,89667,1993,1994,342
89675,89675,1993,2007,3635
89678,89678,2003,2010,1982
89679,89679,2003,2008,1171
89680,89680,2003,2007,1183
89681,89681,2003,2018,3871
89682,89682,2003,2007,1140
89684,89684,2003,2007,1171
89685,89685,2003,2014,2912
89686,89686,2003,2013,2522
89687,89687,2003,2012,2465
89688,89688,2003,2020,4495
89689,89689,2003,2008,1421
89692,89692,2003,2020,4508
89693,89693,2003,2006,817
89694,89694,2003,2017,3545
89695,89695,2003,2020,4506
89696,89696,1999,2007,2118
89697,89697,2003,2004,191
89698,89698,2003,2020,4430
89699,89699,2003,2013,2484
89700,89700,2003,2008,1262
89701,89701,2003,2011,1633
89702,89702,2003,2007,1184
89704,89704,2003,2020,4461
89705,89705,2003,2010,1740
89706,89706,2003,2005,570
89707,89707,2003,2020,4474
89708,89708,2003,2020,4474
89709,89709,2003,2012,2445
89710,89710,2003,2009,1587
89712,89712,1993,1996,756
89713,89713,2003,2004,262
89714,89714,2003,2004,298
89715,89715,2003,2012,2310
89716,89716,2003,2007,697
89726,89726,2003,2020,4451
89727,89727,2003,2010,1818
89728,89728,2003,2020,4458
89729,89729,2003,2008,1146
89731,89731,2003,2020,4460
89732,89732,2003,2008,1226
89733,89733,2003,2020,4454
89736,89736,2003,2020,4438
89737,89737,2003,2006,754
89738,89738,2003,2019,4097
89740,89740,2003,2010,1638
89741,89741,2003,2020,3124
89742,89742,2003,2006,884
89743,89743,2003,2008,1327
89744,89744,2003,2020,4432
89745,89745,2003,2020,4432
89746,89746,2003,2020,4432
89749,89749,2003,2020,3966
89750,89750,2003,2004,316
89751,89751,2003,2009,1648
89752,89752,2003,2009,1621
89753,89753,2003,2020,4420
89754,89754,2003,2004,260
89755,89755,1993,1999,1370
89756,89756,2003,2020,4362
89757,89757,2003,2018,3871
89758,89758,2003,2015,1765
89759,89759,2003,2008,1200
89760,89760,2003,2020,4410
89761,89761,2003,2012,2213
89763,89763,1993,2004,2960
89764,89764,2003,2020,4412
89766,89766,2003,2020,4418
89767,89767,2003,2008,1150
89768,89768,2003,2013,2596
89769,89769,2003,2005,627
89770,89770,2003,2013,2636
89771,89771,1993,2005,3193
89772,89772,2003,2010,1793
89773,89773,2003,2020,4411
89775,89775,2003,2006,813
89776,89776,2003,2014,2802
89777,89777,2003,2020,4389
89778,89778,2003,2020,4396
89779,89779,2003,2006,714
89780,89780,2003,2020,4389
89781,89781,2003,2020,4407
89782,89782,2003,2020,4219
89783,89783,2003,2020,4388
89784,89784,2003,2020,4389
89785,89785,2003,2006,723
89786,89786,2003,2020,4396
89787,89787,2003,2012,2358
89788,89788,2003,2020,4389
89789,89789,2003,2020,4408
89790,89790,1993,2020,6790
89792,89792,2003,2020,4406
89793,89793,2003,2016,3374
89794,89794,2003,2005,395
89795,89795,2003,2007,926
89796,89796,2003,2019,3904
89797,89797,2003,2006,859
89798,89798,2003,2014,2213
89799,89799,2003,2016,2902
89800,89800,2003,2020,4387
89801,89801,2003,2013,2425
89802,89802,2003,2014,2648
89803,89803,2003,2020,4369
89805,89805,2003,2014,2685
89806,89806,2003,2009,1408
89808,89808,2003,2020,4368
89809,89809,2003,2020,4368
89810,89810,2003,2020,4380
89811,89811,2003,2018,3758
89812,89812,2003,2020,4350
89813,89813,2003,2012,2170
89814,89814,2003,2020,4368
89815,89815,2003,2011,1964
89816,89816,2003,2010,1710
89817,89817,2003,2019,4001
89818,89818,2003,2008,1278
89819,89819,1993,1993,21
89820,89820,2003,2010,950
89821,89821,2003,2017,3102
89822,89822,2003,2007,915
89823,89823,2003,2020,4377
89824,89824,2003,2020,4371
89825,89825,2003,2010,1400
89826,89826,2003,2020,4377
89828,89828,2003,2020,4370
89829,89829,2003,2005,477
89830,89830,2003,2008,1125
89831,89831,2003,2008,1219
89832,89832,2003,2011,1345
89833,89833,2003,2020,1664
89834,89834,2003,2008,1140
89835,89835,2003,2008,1158
89836,89836,2003,2005,565
89837,89837,2003,2003,77
89838,89838,2003,2007,1037
89839,89839,2003,2020,4334
89840,89840,2003,2020,4257
89841,89841,2003,2020,4357
89842,89842,2003,2020,4347
89844,89844,2003,2010,1766
89845,89845,2003,2015,2978
89846,89846,2003,2009,1514
89847,89847,2003,2008,1151
89849,89849,2003,2015,2899
89850,89850,2003,2013,2463
89851,89851,1993,1997,164
89852,89852,2003,2020,4347
89853,89853,2003,2009,1344
89854,89854,2003,2020,4339
89855,89855,2003,2020,4347
89856,89856,2003,2020,4263
89857,89857,2003,2020,3935
89858,89858,1998,2020,5564
89859,89859,2003,2009,1320
89860,89860,2003,2010,1652
89861,89861,2003,2009,1148
89862,89862,2003,2005,447
89863,89863,2003,2012,2101
89864,89864,2003,2004,262
89865,89865,2003,2008,1207
89866,89866,2003,2020,4342
89867,89867,2003,2005,478
89868,89868,2003,2006,768
89869,89869,2003,2020,4343
89871,89871,2003,2005,444
89872,89872,2003,2005,515
89873,89873,2003,2010,1593
89874,89874,2003,2008,1199
89875,89875,2003,2020,4344
89876,89876,2003,2020,4327
89877,89877,2003,2016,3224
89878,89878,2003,2017,3509
89879,89879,2003,2020,4324
89881,89881,2003,2020,4324
89882,89882,2003,2020,4333
89883,89883,2003,2007,932
89884,89884,2003,2005,464
89885,89885,2003,2012,2179
89886,89886,1993,1996,777
89887,89887,1993,2001,1868
89888,89888,2003,2015,2807
89889,89889,2003,2020,4292
89890,89890,2003,2005,398
89891,89891,2003,2020,4311
89892,89892,2003,2020,4305
89893,89893,2003,2020,4305
89894,89894,1993,1996,765
89895,89895,2003,2020,4317
89896,89896,2003,2011,1855
89897,89897,2003,2020,4308
89898,89898,2003,2020,4309
89899,89899,2003,2007,1006
89900,89900,2003,2020,4305
89901,89901,2003,2020,4308
89903,89903,2003,2013,2371
89904,89904,2003,2018,3574
89905,89905,2003,2018,3613
89906,89906,2003,2007,968
89908,89908,2003,2020,4303
89909,89909,2003,2007,969
89910,89910,2003,2007,908
89911,89911,2003,2020,4310
89912,89912,2003,2008,1068
89913,89913,2003,2020,4308
89914,89914,2003,2009,1371
89915,89915,1993,2020,6934
89916,89916,2003,2020,4299
89917,89917,2003,2007,791
89918,89918,2003,2008,1088
89919,89919,2003,2012,2107
89920,89920,2003,2015,2959
89921,89921,2003,2020,4305
89922,89922,2003,2020,4313
89924,89924,2003,2011,1871
89925,89925,2003,2020,4312
89926,89926,2003,2006,745
89927,89927,2003,2020,4294
89928,89928,2003,2008,1231
89929,89929,2003,2005,304
89930,89930,2003,2009,1376
89931,89931,1993,2000,1805
89932,89932,2003,2012,2157
89933,89933,2003,2008,1143
89934,89934,2003,2011,1779
89935,89935,2003,2020,4271
89936,89936,2003,2004,231
89937,89937,2003,2004,117
89938,89938,2003,2019,3312
89939,89939,2003,2004,229
89940,89940,2003,2006,539
89941,89941,2003,2020,4281
89942,89942,2003,2020,4289
89943,89943,2003,2004,77
89944,89944,2003,2010,1628
89945,89945,2004,2004,252
89946,89946,2003,2020,4299
89947,89947,2003,2012,2060
89948,89948,2003,2020,2714
89949,89949,2003,2020,4287
89950,89950,1993,1994,363
89951,89951,2003,2013,2488
89952,89952,2003,2020,4293
89953,89953,2003,2007,901
89954,89954,2003,2015,2916
89956,89956,2003,2010,1555
89957,89957,2003,2005,337
89958,89958,2003,2009,1386
89960,89960,2003,2020,4295
89961,89961,2004,2008,1231
89962,89962,2003,2008,1098
89963,89963,2003,2005,326
89964,89964,2003,2020,4294
89965,89965,2003,2020,4301
89967,89967,2003,2007,920
89968,89968,2004,2020,4280
89969,89969,2003,2009,1382
89970,89970,2003,2020,4301
89971,89971,2003,2020,4289
89973,89973,2003,2020,4290
89975,89975,2004,2006,465
89976,89976,2003,2020,4298
89977,89977,2003,2019,3825
89978,89978,2004,2008,1157
89979,89979,2004,2007,714
89980,89980,2004,2010,1542
89981,89981,2004,2017,3308
89982,89982,1993,1997,1225
89983,89983,2004,2006,553
89984,89984,2004,2020,4263
89986,89986,2004,2008,1160
89987,89987,2004,2007,809
89989,89989,2004,2011,1884
89990,89990,2004,2020,4263
89991,89991,2004,2008,1193
90006,90006,2004,2013,1360
90007,90007,2004,2016,2825
90008,90008,2004,2005,452
90009,90009,2004,2011,1939
90010,90010,2004,2006,690
90011,90011,2004,2020,4240
90012,90012,2004,2020,4265
90013,90013,2004,2010,1744
90014,90014,2004,2007,731
90015,90015,2004,2006,593
90016,90016,2004,2007,928
90017,90017,2004,2014,2521
90018,90018,1995,1997,463
90020,90020,2004,2013,2354
90021,90021,2004,2005,343
90022,90022,2004,2011,1833
90023,90023,2004,2007,846
90024,90024,2004,2010,1548
90025,90025,2004,2010,1483
90026,90026,2004,2008,1197
90028,90028,2004,2011,1954
90029,90029,2004,2020,4245
90030,90030,2004,2006,531
90031,90031,2004,2020,4258
90032,90032,2004,2008,1067
90033,90033,2004,2007,891
90034,90034,2004,2010,1519
90036,90036,2004,2004,225
90037,90037,2004,2020,4252
90038,90038,2004,2020,4257
90039,90039,2004,2007,852
90040,90040,2004,2007,862
90041,90041,2004,2020,4244
90042,90042,2004,2020,4244
90043,90043,1993,1998,1046
90044,90044,2004,2011,1942
90045,90045,2004,2007,916
90046,90046,2004,2008,1088
90047,90047,2004,2020,4244
90048,90048,2004,2007,905
90049,90049,2004,2011,1747
90050,90050,2004,2020,4244
90051,90051,2000,2008,2011
90052,90052,2004,2015,2840
90053,90053,2004,2019,2931
90054,90054,2004,2009,1456
90055,90055,2004,2007,863
90056,90056,2004,2020,4244
90057,90057,2004,2020,4244
90058,90058,2004,2011,1476
90060,90060,2004,2006,573
90061,90061,2004,2015,2845
90062,90062,2004,2012,1994
90063,90063,2004,2020,4222
90064,90064,2004,2013,2426
90065,90065,2004,2008,1121
90066,90066,2004,2020,4222
90067,90067,2004,2019,3963
90068,90068,2004,2020,4222
90069,90069,2004,2016,3141
90071,90071,2004,2020,4223
90072,90072,2004,2009,1407
90073,90073,2004,2020,4222
90074,90074,2004,2009,1242
90075,90075,2004,2014,2617
90076,90076,2004,2019,3815
90077,90077,2004,2020,4113
90078,90078,2004,2013,2247
90079,90079,2004,2011,1925
90080,90080,2004,2018,3541
90081,90081,2004,2020,4219
90082,90082,2004,2020,3618
90083,90083,2004,2012,2073
90084,90084,2004,2013,2278
90085,90085,2004,2015,2715
90086,90086,1993,2017,5704
90087,90087,2004,2013,2469
90088,90088,2004,2020,4218
90090,90090,2004,2020,4224
90091,90091,2004,2009,1343
90092,90092,2004,2020,4233
90093,90093,2004,2009,1211
90095,90095,2004,2007,867
90096,90096,2004,2008,1156
90097,90097,2004,2020,4221
90098,90098,2004,2020,4213
90099,90099,2004,2010,1466
90100,90100,1993,2001,2058
90101,90101,2004,2020,4199
90102,90102,2004,2020,4214
90103,90103,2004,2020,4200
90105,90105,2004,2020,4200
90107,90107,1993,2000,773
90108,90108,2004,2020,4200
90109,90109,2004,2006,655
90110,90110,2004,2015,2855
90113,90113,2004,2009,1203
90114,90114,2004,2020,4200
90115,90115,1993,1997,811
90116,90116,2004,2007,885
90117,90117,2004,2009,1291
90118,90118,2004,2020,4204
90119,90119,2004,2011,1935
90120,90120,2004,2020,4203
90121,90121,2004,2020,4214
90122,90122,2004,2008,1075
90124,90124,2004,2006,505
90125,90125,2004,2020,4206
90126,90126,2004,2020,4199
90127,90127,2004,2010,1443
90128,90128,2004,2008,1013
90129,90129,2004,2019,3694
90132,90132,2004,2011,1772
90133,90133,2004,2008,1170
90134,90134,2004,2008,1076
90135,90135,2004,2009,1302
90136,90136,2004,2010,1668
90137,90137,2004,2009,1189
90157,90157,2004,2008,945
90158,90158,2004,2009,1296
90159,90159,2004,2008,928
90160,90160,2004,2020,4180
90161,90161,2004,2020,4178
90162,90162,2004,2020,4181
90163,90163,2004,2013,2261
90164,90164,2004,2020,4194
90165,90165,2004,2007,835
90167,90167,2004,2005,258
90168,90168,2004,2006,557
90169,90169,2004,2009,1417
90170,90170,2004,2020,3078
90171,90171,2004,2009,1367
90172,90172,2004,2014,2652
90173,90173,2004,2014,2520
90174,90174,1995,2003,1693
90175,90175,2004,2020,4186
90176,90176,2004,2017,3263
90177,90177,2004,2020,4176
90178,90178,2004,2020,4177
90179,90179,2004,2020,4176
90180,90180,2004,2011,1704
90183,90183,2004,2014,2431
90184,90184,2004,2008,621
90187,90187,2004,2017,3208
90188,90188,2004,2020,4188
90189,90189,2004,2008,1170
90190,90190,2004,2006,439
90191,90191,2004,2008,1111
90192,90192,2004,2016,2962
90193,90193,2004,2012,1954
90194,90194,2004,2020,4166
90196,90196,2004,2013,2296
90197,90197,2004,2007,717
90198,90198,2004,2006,348
90199,90199,2004,2020,4170
90200,90200,2004,2017,3337
90201,90201,2004,2014,2477
90202,90202,2004,2020,4160
90204,90204,2004,2014,2595
90205,90205,2004,2020,4160
90206,90206,2004,2007,658
90207,90207,2004,2019,3845
90208,90208,2004,2016,2972
90209,90209,2004,2011,1733
90210,90210,2004,2015,2756
90211,90211,1993,2003,2516
90212,90212,2004,2007,736
90213,90213,2004,2020,4156
90214,90214,2004,2020,3955
90215,90215,2004,2020,4162
90216,90216,2004,2013,1780
90217,90217,2004,2015,2889
90218,90218,2004,2011,1631
90219,90219,2004,2020,4166
90220,90220,2004,2011,1839
90221,90221,2004,2020,3814
90222,90222,2004,2007,799
90223,90223,2004,2020,4161
90224,90224,2004,2009,1240
90225,90225,2004,2006,282
90226,90226,2004,2009,1009
90227,90227,2004,2020,4170
90228,90228,2004,2020,1864
90229,90229,2004,2009,1350
90231,90231,2004,2010,1394
90232,90232,2004,2016,3042
90233,90233,2004,2020,4099
90234,90234,2004,2006,450
90236,90236,2004,2007,649
90237,90237,2004,2008,925
90238,90238,2004,2018,3619
90239,90239,2004,2007,756
90240,90240,2004,2006,428
90241,90241,2004,2012,1940
90242,90242,2004,2014,2458
90243,90243,2004,2012,1933
90244,90244,2004,2020,4138
90245,90245,2004,2008,1110
90247,90247,2004,2006,385
90248,90248,2004,2020,4149
90249,90249,2004,2020,4136
90250,90250,2004,2012,2066
90251,90251,2004,2006,602
90252,90252,2004,2015,2870
90253,90253,2004,2020,4152
90255,90255,2004,2007,771
90261,90261,2004,2020,4147
90266,90266,2004,2020,4142
90267,90267,2004,2020,4138
90268,90268,2004,2006,611
90269,90269,2004,2020,4138
90270,90270,2004,2008,961
90271,90271,2004,2018,3486
90272,90272,2004,2020,3918
90273,90273,2004,2012,1889
90274,90274,2004,2019,3554
90275,90275,2004,2015,2647
90276,90276,2004,2020,4141
90277,90277,2004,2011,1754
90278,90278,2004,2006,409
90279,90279,2004,2020,3996
90280,90280,2004,2014,2526
90281,90281,2004,2007,642
90282,90282,2004,2017,3215
90283,90283,2004,2008,1103
90284,90284,2004,2006,375
90285,90285,2004,2020,4135
90286,90286,2004,2012,1878
90287,90287,2004,2012,1917
90288,90288,2004,2020,4135
90289,90289,1993,1999,1645
90290,90290,2004,2010,1529
90291,90291,2004,2020,4137
90292,90292,2004,2016,2886
90293,90293,2004,2006,394
90294,90294,2004,2008,1071
90295,90295,2004,2016,2246
90296,90296,2004,2006,411
90298,90298,2004,2020,4104
90299,90299,2004,2013,2310
90300,90300,2004,2020,4127
90301,90301,2004,2016,2889
90302,90302,2004,2020,4117
90303,90303,2004,2020,4126
90304,90304,2004,2006,416
90305,90305,2004,2020,4127
90306,90306,2004,2020,4116
90307,90307,2004,2020,4128
90308,90308,2004,2007,789
90309,90309,2004,2008,988
90310,90310,1993,2002,2339
90311,90311,2004,2007,833
90312,90312,2004,2020,4128
90313,90313,2004,2020,4116
90314,90314,2004,2020,4131
90315,90315,2004,2006,358
90316,90316,2004,2017,3257
90317,90317,2004,2010,1256
90318,90318,2004,2010,1410
90319,90319,2004,2020,4120
90320,90320,2004,2008,881
90321,90321,2004,2007,680
90322,90322,2004,2007,705
90323,90323,2004,2012,1883
90324,90324,2004,2006,387
90325,90325,2004,2020,3350
90327,90327,2004,2009,1357
90328,90328,2001,2008,1643
90329,90329,1993,2020,4789
90331,90331,2004,2016,2900
90333,90333,2004,2013,2454
90335,90335,2004,2011,1620
90336,90336,2004,2007,790
90337,90337,2004,2010,1441
90338,90338,2004,2020,3858
90339,90339,2004,2017,3136
90340,90340,2004,2020,4095
90341,90341,2004,2009,1038
90342,90342,1993,1999,1701
90343,90343,2004,2016,2855
90344,90344,2004,2010,1483
90345,90345,2004,2006,459
90346,90346,2004,2020,4096
90351,90351,2004,2011,1820
90352,90352,2000,2018,4511
90353,90353,2004,2020,4097
90354,90354,2004,2018,3581
90355,90355,2004,2009,1183
90356,90356,2004,2010,1558
90357,90357,2004,2007,684
90358,90358,2004,2020,3628
90359,90359,2004,2017,2879
90360,90360,2004,2006,348
90361,90361,2004,2020,4092
90362,90362,2004,2008,904
90363,90363,2004,2011,1771
90365,90365,2004,2006,556
90366,90366,2004,2020,4102
90368,90368,2004,2006,516
90369,90369,1993,1999,1629
90370,90370,2004,2008,831
90371,90371,2004,2020,4073
90372,90372,2004,2008,926
90373,90373,2004,2020,4072
90374,90374,2004,2016,2975
90375,90375,2004,2007,723
90376,90376,2004,2020,4074
90377,90377,1993,2020,6795
90378,90378,2004,2008,911
90379,90379,2004,2007,560
90380,90380,2004,2010,1477
90381,90381,2004,2011,1638
90382,90382,2004,2010,1402
90384,90384,2004,2020,4072
90385,90385,1993,1993,72
90386,90386,2004,2020,4076
90387,90387,2004,2020,3963
90388,90388,2004,2017,3074
90389,90389,2004,2020,4074
90390,90390,2004,2020,4074
90391,90391,2004,2009,1227
90392,90392,2004,2020,4027
90394,90394,2004,2020,4078
90395,90395,2004,2008,1013
90396,90396,2004,2020,4077
90397,90397,2004,2013,2103
90398,90398,2004,2004,118
90399,90399,2004,2018,3271
90400,90400,2004,2020,3715
90401,90401,2004,2020,4089
90402,90402,2004,2008,958
90403,90403,2004,2007,544
90404,90404,2004,2017,3098
90405,90405,2004,2007,560
90406,90406,1993,1998,1042
90407,90407,2004,2007,738
90408,90408,2004,2007,568
90409,90409,2004,2020,4082
90410,90410,2004,2007,624
90411,90411,2004,2015,2695
90412,90412,2004,2020,4078
90413,90413,2004,2009,1154
90415,90415,2004,2016,2912
90416,90416,2004,2016,2312
90417,90417,2004,2020,2863
90418,90418,2004,2008,1029
90419,90419,2004,2009,1209
90420,90420,2004,2005,212
90421,90421,2004,2019,3450
90423,90423,2004,2020,4084
90424,90424,2004,2011,1758
90425,90425,2004,2013,2309
90426,90426,2004,2014,2490
90427,90427,2004,2020,4089
90428,90428,2004,2009,1173
90429,90429,2004,2006,481
90430,90430,2004,2020,1888
90431,90431,2004,2008,974
90432,90432,2004,2020,3858
90433,90433,2004,2020,4024
90434,90434,2004,2020,4054
90435,90435,2004,2006,504
90436,90436,2004,2020,4071
90437,90437,2004,2008,984
90438,90438,2004,2010,1391
90439,90439,2004,2011,1778
90440,90440,2004,2020,4051
90441,90441,2004,2019,3610
90442,90442,2004,2019,3610
90443,90443,2004,2020,4068
90444,90444,2004,2020,4063
90445,90445,2004,2014,2455
90446,90446,2004,2009,1123
90447,90447,2004,2015,2404
90450,90450,2004,2008,1036
90451,90451,2004,2013,2130
90452,90452,2004,2009,1240
90453,90453,2004,2007,757
90454,90454,2004,2020,4067
90455,90455,2004,2020,4056
90456,90456,2004,2019,3797
90458,90458,2004,2020,4068
90459,90459,2004,2007,534
90460,90460,2004,2007,771
90461,90461,2004,2008,942
90462,90462,2004,2009,1253
90463,90463,2004,2008,868
90464,90464,2004,2020,4057
90466,90466,2004,2014,2422
90467,90467,2004,2011,1704
90468,90468,2004,2007,579
90469,90469,2004,2011,1507
90470,90470,2004,2020,3914
90471,90471,2004,2012,1346
90472,90472,2004,2006,349
90473,90473,1993,1993,33
90474,90474,2004,2019,2664
90475,90475,2004,2009,1177
90476,90476,2004,2020,3993
90477,90477,2004,2007,536
90478,90478,2004,2016,2862
90479,90479,2004,2008,988
90480,90480,2004,2009,1111
90482,90482,2004,2014,2375
90483,90483,2004,2020,4033
90484,90484,2004,2014,2190
90485,90485,2004,2007,693
90486,90486,2004,2010,1064
90487,90487,2004,2016,2645
90488,90488,2004,2017,3207
90489,90489,2004,2013,2156
90490,90490,2004,2020,4034
90491,90491,2004,2012,1860
90492,90492,2004,2016,2885
90493,90493,2004,2012,1851
90494,90494,2004,2020,4043
90495,90495,2004,2020,4034
90496,90496,2004,2020,4039
90497,90497,2004,2009,1186
90498,90498,2004,2015,1481
90499,90499,2004,2020,4034
90501,90501,2004,2009,1169
90502,90502,2004,2013,2111
90503,90503,2004,2012,1947
90504,90504,2004,2007,745
90505,90505,2004,2020,4040
90506,90506,2004,2020,4034
90507,90507,2004,2020,4039
90508,90508,2005,2014,2024
90509,90509,2004,2007,650
90510,90510,2004,2020,4034
90511,90511,2004,2020,4044
90512,90512,2004,2020,4044
90513,90513,2004,2007,634
90514,90514,2004,2007,660
90515,90515,2004,2014,2515
90516,90516,2004,2020,4039
90517,90517,2004,2019,3576
90518,90518,2005,2018,3419
90519,90519,2005,2013,2225
90520,90520,2005,2020,4015
90521,90521,2005,2014,2361
90522,90522,2005,2012,1939
90523,90523,2005,2020,4011
90524,90524,2005,2018,3437
90527,90527,2005,2019,3560
90528,90528,2005,2007,583
90530,90530,2005,2014,2493
90531,90531,2005,2018,3443
90532,90532,2005,2008,875
90533,90533,2005,2020,4010
90534,90534,2005,2020,3991
90535,90535,2005,2014,2360
90536,90536,2005,2015,2567
90537,90537,1993,2020,6944
90538,90538,2005,2014,2322
90539,90539,2005,2020,4009
90540,90540,2005,2016,2968
90541,90541,2005,2011,1662
90542,90542,2008,2020,3143
90543,90543,2005,2013,2025
90544,90544,2005,2020,3703
90545,90545,1993,2008,2117
90546,90546,2005,2007,710
90547,90547,2005,2015,2621
90548,90548,2005,2020,4005
90549,90549,2005,2017,3047
90550,90550,2005,2020,3996
90551,90551,2005,2007,524
90552,90552,2005,2020,3992
90554,90554,2005,2008,893
90555,90555,2005,2009,1189
90556,90556,2005,2019,2256
90557,90557,2005,2009,1024
90558,90558,2005,2020,4000
90559,90559,2005,2008,581
90560,90560,2005,2011,1352
90561,90561,1993,2014,4225
90562,90562,2005,2020,1772
90563,90563,2005,2020,3992
90564,90564,2005,2020,4001
90565,90565,2005,2011,1492
90566,90566,2005,2007,665
90567,90567,2005,2006,361
90568,90568,2005,2020,3919
90569,90569,2005,2020,3997
90588,90588,2005,2010,1030
90589,90589,2005,2019,3695
90590,90590,2005,2020,3696
90591,90591,2005,2020,3998
90592,90592,2005,2009,1044
90593,90593,2005,2007,615
90594,90594,2005,2008,917
90595,90595,2005,2020,3876
90596,90596,1993,1997,1176
90597,90597,2005,2009,1212
90598,90598,2005,2016,2863
90599,90599,2005,2011,1684
90600,90600,2005,2020,3990
90601,90601,2005,2020,4001
90602,90602,2005,2006,359
90603,90603,2005,2020,3989
90604,90604,2005,2020,4004
90605,90605,2005,2020,4000
90606,90606,2005,2017,3175
90607,90607,2005,2020,3970
90608,90608,2005,2020,3979
90609,90609,1993,2011,4610
90610,90610,2005,2010,1249
90611,90611,2005,2020,3970
90612,90612,2005,2020,3970
90613,90613,2005,2007,702
90614,90614,2005,2015,2581
90615,90615,2005,2012,1825
90616,90616,2005,2006,327
90625,90625,1993,1995,434
90626,90626,2005,2010,1444
90627,90627,2005,2010,1220
90628,90628,2005,2007,537
90629,90629,2005,2008,931
90630,90630,2005,2020,3976
90631,90631,2005,2016,2971
90632,90632,2005,2008,713
90634,90634,2005,2020,3944
90635,90635,2005,2012,709
90636,90636,2005,2020,3135
90637,90637,2005,2020,3467
90638,90638,2005,2010,1369
90639,90639,2005,2011,1509
90640,90640,2005,2020,3935
90641,90641,1993,1993,10
90642,90642,2004,2006,508
90643,90643,2005,2016,2383
90644,90644,2005,2008,806
90645,90645,2005,2008,844
90646,90646,2005,2020,3949
90647,90647,2005,2014,2431
90648,90648,2005,2020,3949
90649,90649,2005,2009,1006
90650,90650,2005,2006,243
90651,90651,2005,2018,3386
90652,90652,2005,2013,2134
90653,90653,2005,2008,731
90654,90654,2005,2007,607
90655,90655,2005,2012,1686
90656,90656,2005,2011,1582
90657,90657,2005,2018,3350
90658,90658,2005,2009,940
90659,90659,2005,2010,1376
90660,90660,1994,2007,2116
90661,90661,2005,2009,990
90662,90662,2005,2012,1566
90663,90663,2005,2006,207
90664,90664,2005,2020,3957
90665,90665,2005,2014,1679
90666,90666,2005,2015,2178
90667,90667,2005,2005,127
90668,90668,2005,2008,697
90669,90669,2005,2008,823
90670,90670,2005,2010,1417
90671,90671,2005,2007,600
90672,90672,2005,2020,3962
90673,90673,2005,2009,956
90674,90674,2005,2010,1409
90675,90675,2005,2020,3928
90676,90676,1993,1999,1510
90677,90677,2005,2008,835
90678,90678,2005,2012,1687
90679,90679,2005,2020,3893
90680,90680,2005,2020,3928
90681,90681,2005,2010,1306
90682,90682,2005,2020,906
90683,90683,2005,2008,882
90685,90685,2005,2020,3910
90686,90686,2005,2006,348
90687,90687,2005,2015,2478
90688,90688,2005,2014,2410
90689,90689,2005,2020,3928
90690,90690,2005,2010,1190
90691,90691,2005,2009,1022
90693,90693,2005,2006,278
90695,90695,2005,2020,3937
90696,90696,2005,2013,1988
90697,90697,2005,2014,2283
90698,90698,2005,2019,3462
90699,90699,2005,2011,1559
90700,90700,2005,2018,3378
90701,90701,2005,2020,3943
90702,90702,2005,2006,224
90703,90703,2005,2020,3943
90704,90704,2005,2019,3602
90705,90705,1993,2011,4396
90706,90706,2005,2020,3933
90708,90708,2005,2020,3944
90709,90709,2005,2007,445
90710,90710,2005,2020,3360
90711,90711,2005,2019,3637
90712,90712,2005,2005,99
90714,90714,2005,2006,294
90715,90715,2005,2020,3942
90716,90716,2005,2020,3941
90717,90717,2005,2010,1149
90718,90718,2005,2020,3908
90719,90719,2005,2010,1172
90720,90720,2005,2020,3910
90721,90721,1993,2005,3154
90722,90722,2005,2015,1637
90723,90723,2005,2009,517
90724,90724,2005,2020,3909
90725,90725,2005,2010,1275
90726,90726,2005,2007,233
90727,90727,2005,2012,1662
90729,90729,2005,2020,3909
90730,90730,2005,2015,2260
90731,90731,2005,2020,3917
90732,90732,2005,2012,1874
90733,90733,2005,2014,2191
90734,90734,2005,2020,3919
90735,90735,2005,2020,3906
90736,90736,2005,2010,1329
90737,90737,2005,2010,1354
90738,90738,2005,2009,974
90739,90739,2005,2012,892
90740,90740,1993,1997,347
90741,90741,2005,2007,475
90742,90742,2005,2016,2868
90743,90743,2005,2014,2194
90744,90744,2005,2020,3904
90745,90745,2005,2006,206
90746,90746,2005,2012,1673
90747,90747,2005,2011,1507
90748,90748,2005,2016,2792
90749,90749,2005,2007,420
90750,90750,2005,2011,1409
90751,90751,2005,2020,3905
90752,90752,2005,2016,2866
90753,90753,2005,2020,3906
90754,90754,2005,2008,844
90755,90755,2005,2020,3924
90756,90756,1993,2020,7042
90757,90757,2005,2011,1454
90758,90758,2005,2014,2186
90759,90759,2005,2007,590
90760,90760,2005,2014,2227
90761,90761,2005,2018,3299
90762,90762,2005,2019,3634
90763,90763,2005,2017,3048
90772,90772,1993,1994,59
90774,90774,2005,2008,822
90775,90775,2005,2020,3906
90776,90776,2005,2020,3904
90777,90777,2005,2009,944
90778,90778,2005,2014,2191
90779,90779,2005,2017,3003
90780,90780,2005,2012,1679
90781,90781,2005,2019,3573
90782,90782,2005,2011,1558
90783,90783,2005,2020,3885
90784,90784,2005,2009,1114
90785,90785,2005,2013,1899
90786,90786,2005,2016,2826
90787,90787,2005,2009,935
90788,90788,2005,2008,847
90789,90789,2005,2013,2066
90790,90790,2005,2020,3899
90791,90791,2005,2019,3265
90792,90792,2005,2014,2369
90793,90793,2005,2020,3891
90794,90794,2005,2020,3888
90795,90795,2005,2018,3255
90796,90796,2005,2020,3900
90797,90797,2005,2010,1214
90798,90798,2005,2012,1630
90799,90799,1993,1994,408
90800,90800,2005,2008,635
90802,90802,2005,2007,535
90803,90803,2005,2020,3888
90804,90804,2005,2008,721
90805,90805,2005,2020,3890
90806,90806,2005,2020,1784
90807,90807,2005,2016,2669
90808,90808,2005,2020,3877
90809,90809,2005,2008,782
90810,90810,2005,2013,1980
90811,90811,2005,2011,980
90812,90812,2005,2007,388
90813,90813,2005,2014,2200
90814,90814,2005,2014,2265
90816,90816,2005,2011,1383
90817,90817,2005,2009,1096
90818,90818,2005,2010,1011
90819,90819,2005,2008,692
90820,90820,1993,2002,1592
90821,90821,2005,2008,593
90822,90822,2005,2010,1289
90823,90823,2005,2009,998
90824,90824,2005,2014,2212
90825,90825,2005,2020,3871
90826,90826,2005,2009,857
90827,90827,2005,2020,3864
90828,90828,2005,2007,391
90829,90829,2005,2020,3875
90830,90830,2005,2008,635
90831,90831,2005,2015,2492
90832,90832,2005,2010,1322
90833,90833,2005,2016,2693
90838,90838,2005,2007,470
90839,90839,2005,2020,3864
90840,90840,2005,2016,2543
90841,90841,2005,2008,648
90842,90842,2005,2007,571
90843,90843,2005,2020,3864
90846,90846,2005,2010,1224
90847,90847,2005,2011,1609
90848,90848,2005,2005,45
90849,90849,2005,2015,2367
90850,90850,2005,2020,3876
90851,90851,2005,2015,2380
90852,90852,1993,1997,1145
90853,90853,2005,2020,3877
90854,90854,2005,2012,1621
90855,90855,2005,2009,938
90856,90856,2005,2020,3876
90857,90857,2005,2020,3879
90858,90858,2005,2011,1462
90859,90859,2005,2012,1635
90860,90860,2005,2008,605
90861,90861,2005,2007,523
90862,90862,2005,2015,2512
90863,90863,2005,2012,1741
90864,90864,2005,2007,590
90865,90865,2005,2019,3440
90866,90866,2005,2020,3857
90867,90867,2005,2015,2406
90868,90868,2005,2020,3825
90869,90869,2005,2009,420
90870,90870,2005,2020,3876
90871,90871,2005,2020,3877
90872,90872,2005,2006,335
90873,90873,2005,2008,794
90874,90874,2005,2013,2000
90875,90875,2005,2020,3881
90876,90876,2005,2010,1303
90877,90877,2005,2008,816
90879,90879,1993,2005,3268
90880,90880,2005,2020,3839
90881,90881,2005,2008,718
90882,90882,2005,2020,3842
90883,90883,2005,2010,1170
90885,90885,2005,2020,3845
90886,90886,2005,2020,3841
90887,90887,1993,1998,1252
90888,90888,2005,2009,995
90889,90889,2005,2011,1528
90890,90890,2005,2020,3851
90892,90892,2005,2020,3851
90893,90893,2005,2013,2064
90894,90894,2005,2009,919
90896,90896,2005,2013,1842
90897,90897,2005,2006,229
90898,90898,2005,2010,1324
90899,90899,2005,2020,3498
90900,90900,2005,2019,3552
90901,90901,2005,2015,2521
90902,90902,2005,2020,3842
90903,90903,2005,2008,639
90904,90904,2005,2009,843
90905,90905,2005,2008,266
90906,90906,2005,2006,296
90907,90907,2005,2020,3839
90909,90909,2005,2014,2013
90910,90910,2005,2012,1642
90911,90911,2005,2009,864
90912,90912,2005,2010,1057
90913,90913,2005,2020,3840
90914,90914,2005,2017,3012
90915,90915,2005,2007,532
90916,90916,1993,2013,5095
90917,90917,2005,2020,2428
90918,90918,2005,2009,943
90919,90919,2005,2020,3821
90920,90920,2005,2007,434
90921,90921,2005,2012,1617
90922,90922,2005,2020,3806
90923,90923,2005,2010,1208
90924,90924,1993,2006,2844
90925,90925,2005,2020,3828
90926,90926,2005,2020,3798
90927,90927,2005,2020,3821
90928,90928,2005,2020,3811
90937,90937,2005,2006,277
90938,90938,2005,2008,782
90939,90939,2005,2011,1431
90940,90940,2005,2016,2705
90941,90941,2005,2014,2176
90942,90942,2005,2015,2344
90943,90943,2005,2020,3831
90944,90944,2005,2009,909
90945,90945,2005,2008,759
90946,90946,2005,2010,1311
90947,90947,2005,2009,946
90948,90948,2005,2018,3330
90949,90949,2005,2020,3173
90950,90950,2005,2020,3836
90951,90951,2005,2016,2621
90952,90952,2005,2020,3832
90953,90953,2005,2011,1422
90954,90954,2005,2017,1359
90955,90955,2005,2020,3804
90956,90956,2005,2017,2973
90957,90957,2005,2019,3351
90958,90958,2005,2014,2236
90960,90960,2005,2010,1229
90961,90961,2005,2020,3830
90962,90962,2005,2016,2771
90963,90963,2005,2020,3805
90964,90964,2005,2016,1815
90965,90965,2005,2020,3816
90966,90966,2005,2014,2191
90968,90968,2005,2016,2700
90969,90969,2005,2015,2065
90970,90970,2005,2010,995
90971,90971,2005,2020,3812
90972,90972,2005,2012,1716
90973,90973,2005,2020,3799
90974,90974,2005,2008,648
90976,90976,2005,2020,3812
90977,90977,2005,2008,590
90978,90978,2005,2020,3806
90979,90979,2005,2020,3805
90980,90980,2005,2012,1750
90981,90981,2005,2015,2535
90982,90982,2005,2018,3203
90983,90983,1993,2020,5217
90984,90984,2005,2018,3257
90985,90985,2005,2006,252
90986,90986,2005,2020,3137
90987,90987,2005,2018,3192
90988,90988,2005,2020,3803
90989,90989,2005,2020,3810
90990,90990,2005,2008,579
90992,90992,2005,2016,2683
90993,90993,2005,2020,3807
90994,90994,2005,2011,1400
90995,90995,2005,2017,2811
90996,90996,2005,2009,817
90997,90997,2005,2006,292
90998,90998,2005,2020,3802
90999,90999,2005,2020,3807
91000,91000,2005,2013,1927
91003,91003,1993,2001,2217
91012,91012,2005,2008,717
91013,91013,2005,2010,1032
91014,91014,2005,2014,2266
91015,91015,2005,2020,3442
91016,91016,2005,2009,643
91017,91017,2005,2008,430
91018,91018,2005,2020,3794
91019,91019,2005,2011,1330
91020,91020,2005,2017,2838
91021,91021,2005,2020,3785
91022,91022,2005,2009,788
91023,91023,2005,2016,2493
91024,91024,2005,2020,3792
91025,91025,2005,2012,1489
91026,91026,2005,2009,758
91027,91027,2005,2009,749
91028,91028,2005,2013,1816
91029,91029,2005,2009,851
91031,91031,2006,2008,627
91032,91032,2005,2015,2466
91033,91033,2005,2014,2133
91034,91034,2005,2007,314
91035,91035,2005,2006,242
91036,91036,2005,2009,887
91037,91037,2005,2018,3216
91038,91038,2005,2020,3784
91039,91039,2005,2008,719
91040,91040,2005,2019,3518
91041,91041,2005,2020,3782
91042,91042,2005,2007,284
91043,91043,2005,2010,1144
91044,91044,2005,2020,3796
91045,91045,2005,2011,1369
91048,91048,2005,2006,214
91049,91049,2005,2013,1913
91050,91050,2005,2016,2529
91051,91051,2005,2012,1711
91052,91052,2005,2020,3794
91058,91058,2005,2007,453
91059,91059,2005,2009,906
91060,91060,2005,2012,1525
91061,91061,2005,2013,1989
91063,91063,2006,2019,3505
91064,91064,2005,2008,684
91065,91065,2005,2020,3787
91066,91066,2006,2019,3505
91067,91067,2006,2010,1098
91068,91068,2006,2020,3760
91069,91069,2006,2018,3190
91070,91070,2006,2009,416
91071,91071,2006,2010,1234
91072,91072,2006,2014,2155
91073,91073,2006,2017,2862
91074,91074,2006,2009,964
91075,91075,2006,2018,3242
91076,91076,2006,2020,3760
91077,91077,2006,2012,926
91078,91078,2006,2018,2424
91079,91079,2006,2010,1018
91080,91080,2006,2020,3757
91081,91081,2006,2016,2607
91082,91082,2006,2020,3752
91083,91083,2006,2020,2347
91084,91084,2006,2015,2327
91085,91085,2006,2007,279
91086,91086,2006,2020,3748
91087,91087,2006,2008,686
91088,91088,2006,2017,2986
91089,91089,1993,1998,1336
91090,91090,2006,2020,3751
91091,91091,2006,2010,1030
91092,91092,2006,2009,826
91094,91094,2006,2008,631
91095,91095,2006,2020,3741
91096,91096,2006,2016,2719
91098,91098,2006,2010,1227
91099,91099,2006,2016,2578
91100,91100,2006,2015,2374
91101,91101,2006,2008,638
91102,91102,2006,2010,1110
91103,91103,2006,2020,3755
91104,91104,2006,2007,299
91105,91105,2006,2007,439
91106,91106,2006,2020,3740
91107,91107,2006,2008,479
91108,91108,2006,2007,453
91109,91109,2006,2017,2990
91111,91111,2006,2020,3754
91112,91112,2006,2020,3732
91113,91113,2006,2012,1508
91114,91114,2006,2020,3756
91115,91115,2006,2009,913
91116,91116,2006,2010,1183
91117,91117,2006,2012,1506
91119,91119,2006,2020,3752
91120,91120,2006,2007,286
91121,91121,2006,2007,445
91125,91125,2006,2020,3756
91127,91127,2006,2011,1402
91128,91128,2006,2020,3714
91133,91133,2006,2020,3720
91135,91135,2006,2020,3699
91136,91136,2006,2015,2376
91138,91138,2006,2018,3081
91139,91139,2006,2008,416
91140,91140,2006,2006,166
91141,91141,2006,2016,2649
91142,91142,1993,1996,650
91143,91143,2006,2013,1936
91150,91150,2006,2006,154
91151,91151,2006,2014,2197
91152,91152,2006,2020,3727
91153,91153,2006,2008,629
91154,91154,2006,2016,2587
91155,91155,2006,2008,330
91156,91156,2006,2010,975
91157,91157,2006,2008,572
91158,91158,2006,2008,679
91159,91159,2006,2008,458
91160,91160,2006,2011,1365
91161,91161,2006,2020,3725
91162,91162,2006,2012,1524
91163,91163,2006,2020,3715
91164,91164,2006,2008,539
91165,91165,2006,2009,938
91166,91166,2006,2008,464
91167,91167,2006,2018,2362
91170,91170,2006,2008,601
91171,91171,2006,2019,3022
91172,91172,2006,2011,1207
91173,91173,2006,2010,932
91174,91174,2006,2011,1301
91175,91175,2006,2008,471
91176,91176,2006,2020,2341
91177,91177,1993,1993,88
91178,91178,2006,2008,679
91179,91179,2006,2011,1329
91180,91180,2006,2006,132
91181,91181,2006,2020,3698
91182,91182,2006,2020,3688
91183,91183,2006,2009,766
91184,91184,2006,2020,3705
91186,91186,2006,2020,3706
91187,91187,2006,2015,1611
91190,91190,2006,2008,615
91191,91191,2006,2008,472
91192,91192,2006,2019,3384
91193,91193,1993,1995,462
91194,91194,2006,2020,3698
91195,91195,2006,2012,1461
91196,91196,2006,2010,1059
91198,91198,2006,2012,1668
91199,91199,2006,2011,967
91200,91200,2006,2008,467
91201,91201,2006,2020,3589
91203,91203,2006,2008,426
91204,91204,2006,2020,3709
91205,91205,2006,2013,1746
91207,91207,2006,2016,2633
91211,91211,2006,2009,745
91212,91212,2006,2010,1114
91213,91213,2006,2008,577
91215,91215,2006,2020,3692
91216,91216,2006,2010,1051
91217,91217,2006,2010,954
91218,91218,2006,2009,785
91219,91219,2006,2008,422
91230,91230,2006,2008,462
91231,91231,2006,2012,1610
91233,91233,2006,2020,3677
91234,91234,2006,2020,3676
91235,91235,2006,2009,769
91236,91236,2006,2007,228
91237,91237,2006,2020,3678
91257,91257,1993,2004,2626
91262,91262,2006,2020,3674
91263,91263,2006,2018,3036
91264,91264,2006,2008,462
91265,91265,1993,2009,3663
91266,91266,2006,2010,657
91267,91267,2006,2013,1710
91268,91268,2006,2009,806
91269,91269,2006,2020,3674
91270,91270,2006,2014,2042
91271,91271,2006,2020,3687
91272,91272,2006,2009,667
91273,91273,1993,1995,548
91274,91274,2006,2020,2706
91275,91275,2006,2011,1355
91276,91276,2006,2011,718
91277,91277,2006,2020,3688
91278,91278,2006,2020,2067
91279,91279,2006,2020,3683
91280,91280,2006,2009,787
91282,91282,2006,2012,1611
91283,91283,2006,2020,3543
91284,91284,2006,2008,543
91285,91285,2006,2017,2533
91286,91286,2006,2016,2465
91287,91287,1996,2020,5718
91288,91288,2006,2009,691
91289,91289,2006,2009,637
91296,91296,2006,2009,769
91299,91299,2006,2020,3492
91301,91301,2006,2020,3656
91302,91302,2006,2011,1180
91303,91303,2006,2014,2130
91304,91304,2006,2014,2117
91305,91305,2006,2020,3467
91306,91306,2006,2020,3656
91321,91321,2006,2020,3652
91322,91322,2006,2008,602
91323,91323,2006,2007,146
91337,91337,1993,1994,119
91347,91347,2006,2009,866
91348,91348,2006,2020,3672
91349,91349,2006,2020,3603
91350,91350,2006,2016,2509
91351,91351,2006,2013,1880
91352,91352,2006,2009,745
91354,91354,2006,2012,1513
91355,91355,2006,2020,3607
91356,91356,2006,2020,3657
91357,91357,2006,2020,3663
91358,91358,2006,2012,1486
91359,91359,2006,2020,3661
91360,91360,2006,2020,3163
91362,91362,2006,2009,838
91363,91363,2006,2020,3652
91364,91364,2006,2016,2419
91365,91365,2006,2020,3654
91366,91366,2006,2020,3566
91367,91367,2006,2015,2285
91369,91369,2006,2012,1321
91370,91370,2006,2010,969
91371,91371,2006,2015,2183
91372,91372,2006,2011,1274
91373,91373,2006,2015,1831
91374,91374,2006,2020,3635
91375,91375,2006,2011,1304
91376,91376,2006,2015,2166
91377,91377,2006,2008,591
91378,91378,2006,2020,3642
91379,91379,2006,2020,3635
91380,91380,1993,2006,3295
91382,91382,2006,2010,995
91383,91383,2006,2016,2572
91388,91388,2006,2007,172
91389,91389,2006,2018,3026
91390,91390,2006,2020,3628
91391,91391,2006,2019,3179
91392,91392,2006,2020,3631
91393,91393,2006,2017,2781
91394,91394,2006,2008,480
91395,91395,2006,2020,3635
91397,91397,2006,2016,2372
91398,91398,2006,2009,833
91399,91399,2006,2007,199
91400,91400,2006,2016,2004
91401,91401,2006,2012,1522
91402,91402,2006,2020,3635
91403,91403,2006,2020,3648
91404,91404,2006,2010,621
91405,91405,2006,2015,2068
91406,91406,2006,2013,1207
91407,91407,2006,2013,1866
91408,91408,2006,2020,3240
91409,91409,1993,2002,1928
91410,91410,2006,2010,1083
91411,91411,2006,2011,1326
91412,91412,2006,2012,1552
91413,91413,2006,2020,3623
91414,91414,2006,2020,3611
91415,91415,2006,2008,383
91416,91416,2006,2020,3606
91418,91418,2006,2020,3556
91419,91419,2006,2015,2317
91420,91420,2006,2009,619
91421,91421,2006,2020,3597
91422,91422,2006,2015,2229
91425,91425,1993,1994,327
91426,91426,2006,2020,3433
91427,91427,2006,2008,599
91428,91428,2006,2016,2400
91429,91429,2006,2011,1144
91430,91430,2006,2008,261
91431,91431,2006,2017,2810
91432,91432,2006,2020,3556
91433,91433,1993,1993,12
91434,91434,2006,2019,2847
91435,91435,2006,2009,637
91436,91436,2006,2014,2063
91437,91437,2006,2020,1573
91438,91438,2006,2008,533
91439,91439,2006,2016,2344
91441,91441,1993,2001,1943
91446,91446,2006,2020,3460
91452,91452,2006,2018,2988
91453,91453,2006,2020,3589
91454,91454,2006,2012,1296
91455,91455,2006,2016,2375
91456,91456,2006,2020,3590
91457,91457,2006,2020,3605
91461,91461,2006,2020,3588
91462,91462,2006,2010,867
91463,91463,2006,2020,3594
91464,91464,2006,2010,1018
91465,91465,2006,2013,1603
91466,91466,2006,2010,872
91467,91467,2006,2011,1185
91468,91468,2006,2020,3590
91469,91469,2006,2008,391
91470,91470,2006,2008,444
91471,91471,2006,2020,3591
91472,91472,2006,2020,3343
91473,91473,2006,2009,640
91474,91474,2006,2009,634
91475,91475,2006,2009,500
91477,91477,2006,2009,626
91478,91478,2006,2009,591
91479,91479,2006,2009,649
91480,91480,2006,2009,626
91481,91481,2006,2009,577
91482,91482,2006,2009,613
91483,91483,2006,2020,3595
91485,91485,2006,2015,2162
91486,91486,2006,2019,3268
91487,91487,2006,2013,1768
91488,91488,2006,2020,3581
91489,91489,2006,2018,2925
91490,91490,2006,2009,809
91491,91491,2006,2020,3333
91492,91492,1993,2004,1270
91493,91493,2006,2013,1624
91494,91494,2006,2016,2426
91495,91495,2006,2014,1860
91496,91496,2006,2009,680
91497,91497,2006,2017,2485
91498,91498,2006,2020,3579
91499,91499,2006,2015,2254
91500,91500,2006,2020,3574
91501,91501,2006,2016,2443
91502,91502,2006,2016,2373
91503,91503,2006,2020,3526
91504,91504,2006,2008,463
91506,91506,2006,2009,619
91507,91507,2006,2014,1978
91508,91508,2006,2011,908
91509,91509,2006,2010,1010
91510,91510,2006,2018,2901
91511,91511,2006,2016,2521
91512,91512,2006,2009,585
91514,91514,2006,2019,3293
91515,91515,2006,2016,2291
91516,91516,2006,2020,3576
91517,91517,2006,2013,1676
91518,91518,2006,2009,803
91519,91519,2006,2020,3571
91520,91520,2006,2008,531
91522,91522,2006,2012,1411
91523,91523,2006,2011,1086
91524,91524,2006,2008,503
91525,91525,2006,2020,3571
91526,91526,2006,2010,838
91527,91527,2006,2012,1230
91528,91528,2006,2009,657
91531,91531,2006,2020,3566
91537,91537,2006,2020,3567
91538,91538,2006,2020,3577
91539,91539,2006,2020,3554
91541,91541,2006,2020,3551
91542,91542,2006,2020,3578
91543,91543,2006,2020,3553
91544,91544,2006,2020,3527
91545,91545,2006,2020,3558
91547,91547,2006,2020,3579
91548,91548,2006,2010,964
91556,91556,1993,2020,7050
91560,91560,2006,2020,3581
91561,91561,2006,2007,276
91563,91563,2006,2014,1964
91564,91564,1993,1996,734
91565,91565,2006,2008,394
91566,91566,2006,2008,393
91567,91567,2006,2020,3552
91568,91568,2006,2018,2842
91569,91569,2006,2008,471
91570,91570,2006,2020,3548
91571,91571,2006,2020,3556
91572,91572,1993,1997,1214
91573,91573,2006,2017,2699
91574,91574,2006,2008,322
91575,91575,2006,2020,3555
91576,91576,2006,2008,505
91578,91578,2006,2013,1576
91579,91579,2006,2020,3555
91580,91580,2006,2009,606
91581,91581,2006,2015,2174
91582,91582,2006,2020,3561
91583,91583,2006,2008,442
91584,91584,2006,2020,3551
91594,91594,2006,2020,3552
91598,91598,2006,2012,1480
91600,91600,2006,2017,2739
91601,91601,1993,2001,1795
91602,91602,2006,2020,3552
91603,91603,2006,2018,3031
91604,91604,2006,2020,3551
91605,91605,2006,2018,2949
91606,91606,2006,2020,3534
91607,91607,2006,2020,3560
91608,91608,2006,2019,2088
91609,91609,2006,2020,3100
91610,91610,2006,2012,1525
91611,91611,2006,2020,3554
91612,91612,2006,2020,3233
91613,91613,2006,2016,2438
91614,91614,2006,2020,3337
91615,91615,2006,2020,3559
91616,91616,2006,2018,2969
91617,91617,2006,2020,3543
91618,91618,2006,2020,3564
91619,91619,2006,2013,1634
91620,91620,1993,2003,2587
91621,91621,2006,2016,2377
91622,91622,2006,2020,3334
91623,91623,2006,2014,1811
91624,91624,2006,2012,1312
91625,91625,2006,2020,3404
91626,91626,2003,2020,4392
91627,91627,2006,2020,3453
91628,91628,2006,2009,703
91629,91629,2006,2020,3530
91630,91630,2006,2014,1982
91633,91633,2006,2008,240
91635,91635,2006,2018,2942
91636,91636,1993,1996,816
91637,91637,2006,2020,2790
91638,91638,2006,2010,823
91639,91639,2006,2009,532
91640,91640,2006,2011,1073
91643,91643,2006,2020,3528
91649,91649,2006,2009,521
91650,91650,2007,2017,2555
91653,91653,2006,2017,2574
91654,91654,2006,2013,1497
91655,91655,2006,2018,2998
91656,91656,2006,2020,3297
91657,91657,2006,2013,1627
91658,91658,2006,2020,3535
91659,91659,2006,2020,3540
91660,91660,2006,2008,494
91661,91661,2006,2014,1859
91662,91662,2006,2010,906
91663,91663,2006,2009,591
91664,91664,2006,2020,3404
91665,91665,2006,2020,3528
91666,91666,2006,2017,2706
91667,91667,2006,2013,1541
91668,91668,2006,2020,3537
91669,91669,2006,2010,1010
91670,91670,2006,2020,3538
91671,91671,2006,2008,409
91672,91672,2006,2020,3395
91673,91673,2006,2020,3533
91674,91674,2006,2017,2776
91675,91675,2006,2013,1600
91676,91676,2006,2008,275
91677,91677,2006,2019,3038
91678,91678,2006,2020,3535
91679,91679,1993,1997,992
91680,91680,2006,2008,322
91681,91681,2006,2009,593
91682,91682,2003,2004,231
91683,91683,2006,2020,3554
91684,91684,2007,2020,3509
91685,91685,2007,2009,512
91686,91686,2007,2011,1161
91687,91687,1993,2007,3293
91688,91688,2007,2020,3506
91689,91689,2007,2020,3508
91690,91690,2007,2010,935
91691,91691,2007,2020,3509
91692,91692,2007,2019,3123
91701,91701,2007,2020,3514
91702,91702,2007,2020,3515
91703,91703,2007,2020,3519
91705,91705,2007,2020,3519
91706,91706,2007,2020,3519
91707,91707,2007,2020,3514
91708,91708,1998,2006,1628
91726,91726,2007,2008,273
91727,91727,2007,2020,3505
91728,91728,2007,2013,1098
91729,91729,2007,2020,3441
91730,91730,2007,2011,1098
91731,91731,2007,2015,1616
91732,91732,1993,1995,298
91733,91733,2007,2020,3512
91734,91734,2007,2020,3485
91735,91735,2007,2011,1242
91736,91736,2007,2015,1879
91737,91737,2007,2011,1200
91738,91738,2007,2007,192
91739,91739,2007,2019,3136
91740,91740,2007,2009,554
91741,91741,2007,2020,2374
91742,91742,2007,2020,3501
91743,91743,2007,2019,3237
91744,91744,2007,2010,420
91745,91745,2007,2014,1991
91746,91746,2007,2010,882
91749,91749,2007,2020,3490
91750,91750,2007,2017,2740
91752,91752,2007,2013,1611
91753,91753,2007,2009,582
91754,91754,2007,2020,3488
91756,91756,2007,2009,477
91757,91757,2007,2020,3490
91767,91767,1993,1993,71
91783,91783,1993,1998,1437
91799,91799,2007,2008,272
91800,91800,2007,2009,391
91801,91801,2007,2020,3503
91803,91803,2007,2008,261
91804,91804,1993,2003,2569
91813,91813,2007,2020,3501
91814,91814,2007,2020,3500
91815,91815,2007,2020,3502
91816,91816,2007,2011,1150
91817,91817,2007,2008,391
91818,91818,2007,2020,3503
91819,91819,2007,2018,2880
91820,91820,2007,2010,979
91821,91821,2007,2020,3326
91822,91822,2007,2020,3500
91823,91823,2007,2016,2270
91824,91824,2007,2013,1688
91825,91825,2007,2012,1370
91826,91826,2007,2020,3497
91827,91827,2007,2020,3493
91828,91828,2007,2020,3378
91829,91829,2007,2018,2828
91830,91830,2007,2010,813
91831,91831,2007,2010,913
91832,91832,2007,2020,3502
91833,91833,2007,2013,1588
91834,91834,2007,2020,3494
91835,91835,2007,2009,640
91836,91836,2007,2020,3504
91837,91837,2006,2013,1838
91839,91839,1993,1999,1050
91840,91840,2006,2010,1174
91841,91841,2006,2008,610
91845,91845,2006,2020,3553
91847,91847,1993,1993,76
91848,91848,2007,2009,587
91849,91849,2007,2020,3464
91850,91850,2007,2020,3472
91851,91851,2007,2008,372
91853,91853,2007,2008,165
91854,91854,2007,2020,3482
91855,91855,1993,2020,6835
91856,91856,2007,2020,3467
91857,91857,2007,2011,1139
91858,91858,2007,2020,3444
91859,91859,2007,2018,2960
91860,91860,2007,2009,293
91871,91871,1993,1996,1008
91872,91872,2007,2020,3467
91873,91873,2007,2020,3474
91874,91874,2007,2020,3465
91875,91875,2007,2020,3467
91876,91876,2007,2020,3486
91883,91883,2007,2016,2321
91884,91884,2007,2011,1029
91885,91885,2007,2009,299
91887,91887,2007,2012,1429
91888,91888,2007,2015,2051
91889,91889,2007,2011,1184
91891,91891,2007,2014,1750
91892,91892,2007,2013,1596
91893,91893,2007,2020,2634
91894,91894,2007,2009,472
91895,91895,2007,2020,3465
91896,91896,2007,2008,446
91897,91897,2007,2013,1481
91898,91898,2007,2009,642
91899,91899,2007,2013,1658
91900,91900,2007,2020,3470
91901,91901,2007,2020,3464
91902,91902,2007,2020,3473
91903,91903,2007,2008,421
91904,91904,2007,2009,491
91905,91905,2007,2018,2566
91906,91906,2007,2010,824
91907,91907,2007,2020,3117
91908,91908,2007,2019,2473
91909,91909,2007,2020,3473
91910,91910,2007,2020,3183
91911,91911,2007,2013,586
91912,91912,2007,2011,1007
91913,91913,2007,2012,1459
91914,91914,2007,2020,3447
91915,91915,2007,2020,3449
91917,91917,2007,2008,102
91919,91919,1993,1995,515
91920,91920,2007,2008,96
91922,91922,2007,2008,148
91923,91923,2007,2008,136
91924,91924,2007,2008,98
91925,91925,2007,2008,136
91926,91926,2007,2020,3442
91928,91928,2007,2020,3452
91929,91929,2007,2020,3381
91936,91936,2007,2009,372
91937,91937,2007,2020,3452
91938,91938,2007,2020,3449
91939,91939,2007,2014,1910
91940,91940,2007,2009,492
91941,91941,2007,2009,367
91942,91942,2007,2013,1681
91946,91946,2007,2009,591
91952,91952,2007,2020,3459
91954,91954,2007,2019,2605
91955,91955,2007,2011,818
91956,91956,2007,2015,1140
91957,91957,2007,2012,1284
91958,91958,2007,2008,257
91959,91959,2007,2020,3461
91961,91961,2007,2008,208
91962,91962,2007,2008,235
91963,91963,2007,2011,1144
91964,91964,2007,2020,3448
91965,91965,2007,2018,2753
91966,91966,2007,2020,3452
91967,91967,2007,2017,2541
91968,91968,2007,2020,3450
91969,91969,2007,2013,1501
91970,91970,1993,1998,963
91971,91971,2007,2012,1190
91972,91972,1993,1995,699
91973,91973,2007,2020,3333
91974,91974,2007,2018,2834
91975,91975,2007,2020,3437
91976,91976,2007,2015,1971
91977,91977,2007,2020,3428
91978,91978,2007,2020,3426
91979,91979,2007,2020,3432
91980,91980,2007,2009,339
91982,91982,2007,2009,279
91983,91983,2007,2020,3434
91984,91984,2007,2013,1549
91985,91985,2007,2016,2318
91987,91987,2007,2009,312
91988,91988,2007,2014,1908
91989,91989,2007,2020,3315
91990,91990,2007,2020,3304
91991,91991,2007,2020,3426
91993,91993,2007,2020,3403
91994,91994,1993,1998,1260
92004,92004,2007,2020,3378
92005,92005,2007,2020,3412
92007,92007,2007,2020,3377
92008,92008,2007,2020,3405
92009,92009,2007,2011,978
92010,92010,2007,2020,3432
92012,92012,2007,2009,472
92013,92013,2007,2008,359
92015,92015,2007,2011,1120
92016,92016,2007,2020,3426
92017,92017,2007,2009,519
92018,92018,2007,2012,1245
92019,92019,2007,2011,977
92020,92020,2007,2020,3434
92021,92021,2007,2016,2219
92028,92028,2007,2009,261
92029,92029,2007,2020,3431
92030,92030,2007,2009,519
92031,92031,2007,2012,1261
92032,92032,2007,2020,3436
92033,92033,2007,2012,1184
92034,92034,2007,2018,2815
92035,92035,2007,2020,3426
92036,92036,2007,2016,2221
92037,92037,2007,2008,388
92038,92038,2007,2017,2574
92039,92039,2007,2011,955
92040,92040,2007,2020,3423
92041,92041,2007,2020,3427
92042,92042,2007,2010,877
92043,92043,2007,2020,3441
92044,92044,2007,2018,2882
92045,92045,2007,2010,659
92046,92046,2007,2012,1289
92047,92047,2007,2011,961
92048,92048,2007,2010,837
92050,92050,2007,2020,3434
92051,92051,2007,2011,959
92052,92052,2007,2020,3432
92053,92053,2007,2011,1032
92054,92054,2007,2016,2395
92055,92055,2007,2008,262
92057,92057,1993,1998,1412
92073,92073,1993,2007,3628
92086,92086,2007,2009,476
92087,92087,2007,2012,1331
92088,92088,2007,2012,1361
92089,92089,2007,2020,3413
92090,92090,2007,2020,3404
92091,92091,2007,2020,3296
92092,92092,2007,2009,523
92093,92093,2007,2017,2514
92094,92094,2007,2015,1800
92095,92095,2007,2020,3418
92096,92096,2007,2020,3421
92097,92097,2007,2020,3417
92098,92098,2007,2009,546
92099,92099,2007,2010,848
92100,92100,1993,1998,1274
92101,92101,2007,2015,1936
92102,92102,2007,2020,3074
92103,92103,2007,2013,1636
92104,92104,2007,2009,641
92105,92105,2007,2013,1592
92106,92106,2007,2009,346
92107,92107,2007,2009,268
92108,92108,2007,2020,3407
92109,92109,2007,2010,759
92110,92110,2007,2020,3404
92111,92111,2007,2020,2632
92112,92112,2007,2012,1130
92113,92113,2007,2008,63
92114,92114,2007,2008,46
92117,92117,2007,2008,70
92118,92118,2007,2020,2582
92119,92119,2007,2011,920
92120,92120,2007,2020,3404
92121,92121,2007,2020,3401
92122,92122,2007,2010,819
92123,92123,2007,2020,3402
92126,92126,2007,2014,1694
92127,92127,2007,2012,1303
92128,92128,2007,2020,3404
92129,92129,1993,1997,1073
92130,92130,2007,2020,3401
92131,92131,2007,2020,3402
92132,92132,2007,2015,2055
92136,92136,2007,2020,3414
92143,92143,2007,2020,3403
92144,92144,2007,2018,2889
92146,92146,2007,2013,1567
92147,92147,2007,2009,339
92149,92149,2007,2020,3404
92150,92150,2007,2015,2023
92151,92151,2007,2009,437
92153,92153,1993,1996,885
92154,92154,2007,2018,2785
92155,92155,2007,2019,2953
92156,92156,2007,2015,1906
92157,92157,2007,2020,3401
92158,92158,2007,2009,369
92159,92159,2007,2009,293
92160,92160,2007,2008,135
92161,92161,1993,1999,1556
92162,92162,2007,2008,111
92163,92163,2007,2008,117
92164,92164,2007,2008,130
92165,92165,2007,2008,123
92170,92170,2007,2020,3383
92171,92171,2007,2019,3124
92172,92172,2007,2020,3390
92173,92173,2007,2020,3383
92174,92174,2007,2020,3294
92175,92175,2007,2009,394
92177,92177,2007,2017,2419
92178,92178,2007,2013,1480
92179,92179,2007,2009,308
92181,92181,2007,2020,3397
92182,92182,2007,2010,837
92183,92183,2007,2015,2055
92184,92184,2007,2017,2609
92185,92185,2007,2017,2569
92186,92186,2007,2012,1178
92188,92188,2007,2020,3229
92190,92190,2007,2011,1081
92191,92191,2007,2018,2765
92192,92192,2007,2010,686
92193,92193,2007,2009,451
92194,92194,2007,2008,186
92195,92195,2007,2019,2927
92197,92197,2007,2011,1089
92198,92198,2007,2012,1226
92199,92199,2007,2010,546
92200,92200,2007,2008,301
92201,92201,2007,2015,1287
92202,92202,2007,2009,480
92203,92203,2007,2020,3382
92204,92204,2007,2015,2016
92205,92205,2007,2018,2698
92206,92206,2007,2020,2826
92207,92207,2007,2017,2576
92208,92208,2007,2008,289
92210,92210,2007,2019,3076
92211,92211,2007,2011,880
92212,92212,2007,2010,704
92213,92213,2007,2020,3361
92214,92214,2007,2012,1139
92215,92215,2007,2016,2197
92216,92216,2007,2011,1087
92217,92217,1993,1993,49
92218,92218,2007,2010,618
92219,92219,2007,2008,263
92220,92220,2007,2020,3375
92221,92221,2007,2020,3373
92222,92222,2007,2020,3229
92223,92223,2007,2014,1422
92224,92224,2007,2016,2220
92225,92225,1993,2005,3199
92226,92226,2007,2018,2652
92227,92227,2007,2016,2131
92228,92228,2007,2016,2266
92229,92229,2007,2020,3378
92230,92230,2007,2020,2169
92231,92231,2007,2011,944
92232,92232,2007,2016,2140
92234,92234,2007,2009,485
92235,92235,2007,2008,194
92239,92239,2007,2020,3378
92240,92240,2007,2020,3362
92241,92241,1993,1995,304
92242,92242,2007,2009,364
92243,92243,2007,2014,1634
92244,92244,2007,2016,2271
92245,92245,2007,2020,3366
92248,92248,2007,2020,3370
92250,92250,2007,2009,298
92252,92252,2007,2020,3362
92253,92253,2007,2016,1923
92254,92254,2007,2015,1913
92255,92255,2007,2013,1554
92256,92256,2007,2010,642
92257,92257,2007,2020,3371
92258,92258,2007,2015,2101
92259,92259,2007,2020,3369
92260,92260,1993,1997,620
92261,92261,2007,2020,3379
92262,92262,2007,2020,3345
92263,92263,2007,2020,3340
92264,92264,2007,2014,1813
92265,92265,2007,2012,1105
92266,92266,2007,2012,1209
92267,92267,2007,2015,1943
92268,92268,2007,2013,1400
92269,92269,2007,2011,1065
92270,92270,2007,2016,2289
92271,92271,2007,2020,3341
92272,92272,2007,2020,3341
92275,92275,2007,2014,1594
92282,92282,2007,2015,1940
92284,92284,1993,2009,4250
92293,92293,2007,2020,3338
92294,92294,2007,2020,3339
92295,92295,2007,2012,1249
92296,92296,2007,2019,2868
92297,92297,2007,2011,755
92298,92298,2007,2010,729
92299,92299,2007,2012,1140
92300,92300,2007,2012,1115
92301,92301,2007,2020,3316
92302,92302,2007,2016,2103
92303,92303,2007,2020,3331
92304,92304,2007,2010,599
92306,92306,2007,2011,864
92307,92307,2007,2011,844
92308,92308,2007,2016,1647
92309,92309,2007,2020,3328
92310,92310,2007,2013,1360
92311,92311,2007,2009,394
92312,92312,2007,2012,1230
92314,92314,2007,2020,2702
92315,92315,2007,2009,504
92316,92316,2007,2009,327
92317,92317,2007,2010,775
92318,92318,2007,2020,3332
92319,92319,2007,2014,1789
92320,92320,2007,2016,2269
92322,92322,2007,2020,3320
92324,92324,2007,2011,1036
92326,92326,2007,2020,3322
92327,92327,2007,2017,2420
92328,92328,2007,2011,979
92330,92330,2007,2011,849
92331,92331,2007,2017,2493
92332,92332,2007,2016,2213
92333,92333,2007,2009,483
92334,92334,2007,2009,278
92335,92335,2007,2009,255
92338,92338,2007,2011,897
92339,92339,2007,2009,482
92340,92340,1995,2008,2961
92341,92341,2007,2014,1553
92343,92343,2007,2020,3285
92344,92344,2007,2014,1689
92345,92345,2007,2020,3314
92346,92346,2007,2012,1180
92350,92350,2007,2020,3330
92354,92354,2007,2020,3320
92355,92355,2007,2020,3325
92374,92374,2007,2009,478
92375,92375,2007,2017,2342
92376,92376,2007,2009,536
92378,92378,2007,2015,1925
92379,92379,2007,2020,3331
92380,92380,2007,2020,3207
92381,92381,2007,2010,736
92384,92384,2007,2016,2264
92385,92385,2007,2020,3304
92386,92386,2007,2016,2198
92388,92388,2007,2014,1770
92389,92389,2007,2013,1390
92393,92393,2007,2014,1689
92394,92394,2007,2012,931
92395,92395,2007,2016,2052
92398,92398,2007,2020,3303
92399,92399,1993,2011,4448
92400,92400,2007,2020,3309
92401,92401,1993,1998,1303
92402,92402,2007,2020,3305
92403,92403,2007,2013,1422
92404,92404,2007,2009,531
92405,92405,2007,2020,3306
92406,92406,2007,2020,3297
92419,92419,2007,2009,442
92421,92421,2007,2016,2056
92422,92422,2007,2011,646
92423,92423,2007,2016,2046
92424,92424,2007,2010,719
92425,92425,2007,2009,392
92426,92426,2007,2020,3307
92427,92427,2007,2020,3308
92428,92428,2007,2020,3309
92429,92429,2007,2019,3023
92430,92430,2007,2011,841
92431,92431,2007,2010,575
92432,92432,2007,2020,3309
92433,92433,2007,2018,2787
92434,92434,2007,2013,926
92435,92435,2007,2010,731
92436,92436,1993,1995,542
92437,92437,2007,2015,1882
92438,92438,2007,2020,3009
92439,92439,2007,2020,3302
92440,92440,2007,2015,1666
92441,92441,2007,2020,3253
92442,92442,2007,2010,778
92443,92443,2007,2020,3310
92445,92445,2007,2016,2181
92446,92446,2007,2012,1245
92447,92447,2007,2010,583
92448,92448,2007,2020,3274
92449,92449,2007,2020,3294
92450,92450,2007,2013,1287
92451,92451,2007,2012,1072
92452,92452,1993,1993,43
92453,92453,2007,2020,3155
92454,92454,2007,2017,2334
92455,92455,2007,2010,667
92456,92456,2007,2020,3260
92457,92457,2007,2020,3288
92458,92458,2007,2014,1588
92459,92459,2007,2009,399
92460,92460,2007,2015,1861
92461,92461,2007,2010,516
92462,92462,2007,2013,1384
92463,92463,2007,2009,503
92464,92464,2007,2016,2044
92465,92465,2007,2013,1447
92466,92466,2007,2020,3282
92467,92467,2007,2020,3281
92468,92468,2007,2020,3288
92469,92469,2008,2020,3274
92470,92470,2007,2020,3294
92471,92471,2007,2020,3291
92472,92472,2007,2017,2322
92474,92474,2007,2009,350
92475,92475,2007,2020,2827
92477,92477,2007,2020,3100
92478,92478,2007,2017,2458
92480,92480,2007,2009,354
92481,92481,2007,2012,781
92482,92482,2007,2009,312
92483,92483,2007,2009,415
92484,92484,2007,2010,623
92485,92485,2007,2012,1218
92486,92486,2007,2020,3091
92490,92490,2007,2020,3287
92491,92491,2007,2020,3281
92492,92492,2007,2020,3287
92493,92493,2007,2020,3286
92494,92494,2007,2010,714
92497,92497,2007,2016,2236
92499,92499,2007,2020,3273
92500,92500,2007,2020,3276
92502,92502,2007,2020,3175
92503,92503,2007,2009,429
92504,92504,2007,2009,376
92505,92505,2008,2012,1094
92506,92506,2007,2020,3290
92507,92507,2007,2015,1703
92508,92508,1993,1996,867
92510,92510,2007,2012,1238
92515,92515,2007,2014,1703
92517,92517,2007,2020,3287
92518,92518,2007,2020,3286
92519,92519,2008,2011,866
92520,92520,2008,2020,3153
92521,92521,2008,2020,3251
92522,92522,2008,2011,876
92523,92523,2008,2020,3259
92524,92524,1993,1997,1208
92525,92525,2008,2010,420
92526,92526,2008,2009,330
92527,92527,2008,2015,1972
92528,92528,2008,2020,3247
92529,92529,2008,2017,2396
92530,92530,2008,2018,2539
92531,92531,2008,2013,1322
92535,92535,2008,2016,2053
92536,92536,2008,2020,3274
92537,92537,2008,2020,3235
92540,92540,2008,2015,1879
92541,92541,2008,2009,256
92543,92543,2008,2020,3256
92544,92544,2008,2010,592
92545,92545,2008,2017,2463
92546,92546,2008,2010,452
92547,92547,2008,2010,313
92548,92548,2008,2009,449
92549,92549,2008,2010,660
92550,92550,2008,2020,3254
92551,92551,2008,2010,635
92552,92552,2008,2010,678
92553,92553,2008,2012,1132
92554,92554,2008,2009,254
92555,92555,2008,2016,2044
92557,92557,2008,2020,3054
92558,92558,2008,2013,1471
92560,92560,2008,2016,2016
92564,92564,2008,2009,289
92565,92565,2008,2010,432
92570,92570,2008,2020,3253
92571,92571,2008,2020,3243
92575,92575,1993,1995,171
92578,92578,2008,2010,416
92579,92579,2008,2010,480
92582,92582,2008,2013,1460
92583,92583,1993,2020,5411
92584,92584,2008,2011,611
92585,92585,2008,2020,3215
92586,92586,2008,2020,3214
92587,92587,2008,2020,3221
92588,92588,2008,2020,3203
92589,92589,2008,2020,3211
92590,92590,2008,2009,435
92591,92591,1993,1998,1475
92592,92592,2008,2009,293
92593,92593,2008,2020,3163
92594,92594,2008,2020,3226
92595,92595,2008,2008,68
92596,92596,2008,2020,3154
92597,92597,2008,2020,3213
92600,92600,2008,2020,3215
92601,92601,2008,2020,3217
92602,92602,2008,2020,3214
92607,92607,2008,2014,1495
92609,92609,2008,2013,1404
92610,92610,2008,2009,232
92611,92611,2008,2020,3221
92612,92612,1996,1998,349
92613,92613,2008,2010,268
92614,92614,2008,2020,3197
92615,92615,2008,2010,449
92616,92616,2008,2013,970
92618,92618,2008,2018,2561
92619,92619,2008,2020,3208
92620,92620,2008,2016,2067
92621,92621,2008,2020,3198
92629,92629,2008,2010,671
92635,92635,2008,2020,3196
92636,92636,2008,2018,2523
92640,92640,2008,2017,2204
92641,92641,2008,2010,530
92642,92642,2008,2010,384
92643,92643,2008,2015,1714
92645,92645,2008,2011,878
92646,92646,2008,2012,939
92648,92648,2008,2020,3186
92655,92655,1993,2020,7049
92658,92658,2008,2013,1419
92663,92663,1993,2009,3905
92665,92665,2008,2020,3174
92669,92669,2008,2016,1951
92670,92670,2008,2015,1851
92672,92672,2008,2019,2719
92679,92679,2008,2020,3172
92680,92680,2008,2020,3181
92681,92681,2008,2016,1949
92682,92682,2008,2020,3175
92683,92683,2008,2009,386
92684,92684,2008,2020,3186
92685,92685,2008,2020,2553
92686,92686,2008,2020,2162
92687,92687,2008,2019,2712
92688,92688,2008,2020,3098
92689,92689,2008,2010,524
92690,92690,1993,2020,6827
92692,92692,2008,2019,2437
92694,92694,2008,2020,3162
92696,92696,2008,2019,2847
92697,92697,2008,2014,1385
92709,92709,2008,2018,2437
92710,92710,2008,2010,557
92711,92711,2008,2010,548
92715,92715,2008,2008,93
92716,92716,2008,2020,3125
92717,92717,2008,2011,661
92718,92718,2008,2015,1743
92719,92719,1993,1994,291
92720,92720,2008,2020,3153
92721,92721,2008,2014,1401
92722,92722,2008,2010,491
92723,92723,2008,2020,3152
92724,92724,2008,2010,514
92725,92725,2008,2020,3092
92726,92726,2008,2020,3149
92728,92728,2008,2020,3087
92729,92729,2008,2020,3127
92734,92734,2008,2010,420
92747,92747,2008,2020,3133
92748,92748,2008,2020,3064
92749,92749,2008,2011,728
92750,92750,2008,2011,726
92752,92752,2008,2012,1051
92753,92753,2008,2020,3148
92754,92754,2008,2020,2932
92755,92755,2008,2014,1383
92756,92756,2008,2013,1166
92757,92757,2008,2010,537
92758,92758,2008,2014,1569
92759,92759,2008,2010,508
92760,92760,2008,2012,971
92761,92761,2008,2012,908
92763,92763,2008,2013,1246
92764,92764,2008,2012,1024
92765,92765,2008,2016,2075
92766,92766,2008,2020,3115
92767,92767,2008,2011,546
92768,92768,2008,2011,770
92769,92769,2008,2020,3126
92770,92770,1993,1995,540
92771,92771,2008,2017,2357
92772,92772,2008,2018,2526
92773,92773,2008,2020,3115
92774,92774,2008,2010,359
92775,92775,2008,2020,3113
92776,92776,2008,2020,3116
92777,92777,2008,2019,2715
92778,92778,2008,2020,3094
92779,92779,2008,2012,946
92780,92780,2008,2020,3073
92782,92782,2008,2020,3101
92783,92783,2008,2019,2526
92784,92784,2008,2010,434
92785,92785,2008,2013,1099
92787,92787,2008,2019,2621
92788,92788,2008,2012,954
92789,92789,2008,2013,914
92790,92790,2008,2010,479
92791,92791,2008,2011,791
92793,92793,2008,2020,3094
92797,92797,2008,2020,2885
92799,92799,2008,2008,48
92800,92800,2008,2010,331
92801,92801,2008,2010,384
92802,92802,2008,2020,2960
92805,92805,2008,2016,1899
92806,92806,2008,2011,665
92807,92807,1993,2020,6970
92808,92808,2008,2020,3073
92809,92809,2008,2020,2469
92810,92810,2008,2020,3066
92815,92815,1993,1993,125
92821,92821,2008,2011,594
92823,92823,1993,1994,347
92851,92851,2008,2015,1618
92852,92852,2008,2020,3049
92854,92854,2008,2020,3031
92861,92861,2008,2012,657
92866,92866,1993,2000,1781
92869,92869,2008,2010,335
92870,92870,2008,2016,1577
92871,92871,2009,2020,3021
92872,92872,2008,2017,2209
92873,92873,2009,2019,2164
92874,92874,1993,2015,5009
92875,92875,2009,2012,840
92876,92876,2009,2020,2997
92877,92877,2009,2020,2933
92878,92878,2009,2020,2485
92890,92890,2009,2017,2100
92891,92891,2009,2020,2985
92893,92893,2009,2020,2569
92894,92894,2009,2016,1868
92895,92895,2009,2012,836
92897,92897,2009,2020,2977
92899,92899,2009,2011,513
92901,92901,2009,2020,2963
92902,92902,2009,2020,2951
92903,92903,1993,1997,1200
92908,92908,2009,2020,2889
92909,92909,2009,2020,2889
92910,92910,2009,2020,2849
92912,92912,2009,2020,2655
92913,92913,2009,2020,2896
92917,92917,2009,2020,2954
92918,92918,2009,2020,2780
92919,92919,2009,2020,2935
92920,92920,2009,2012,719
92921,92921,2009,2015,1369
92923,92923,2009,2012,792
92924,92924,2009,2017,2114
92927,92927,2009,2020,2922
92930,92930,1993,2007,3742
92931,92931,2009,2016,1690
92932,92932,2009,2011,473
92934,92934,2009,2014,1302
92935,92935,2009,2020,2931
92936,92936,2009,2018,2255
92937,92937,2009,2011,459
92938,92938,2009,2011,579
92939,92939,2009,2020,2877
92940,92940,2009,2019,2604
92941,92941,2009,2013,903
92942,92942,2009,2015,1616
92943,92943,2009,2011,544
92944,92944,2009,2012,596
92945,92945,2009,2018,2300
92947,92947,2009,2011,459
92948,92948,2009,2020,2917
92949,92949,2009,2020,2915
92951,92951,2009,2020,2900
92965,92965,2009,2012,654
92966,92966,2009,2020,2906
92967,92967,2009,2020,2900
92970,92970,2009,2011,618
92976,92976,2009,2020,2877
92980,92980,2009,2020,2878
92981,92981,2009,2020,2870
92982,92982,2009,2012,775
92983,92983,2009,2015,1613
92984,92984,2009,2020,2811
92985,92985,2009,2020,2888
92986,92986,2009,2020,2865
92987,92987,2009,2020,2890
92988,92988,2009,2015,1393
92990,92990,2009,2013,1073
92991,92991,2009,2012,670
92992,92992,2009,2011,562
92997,92997,1993,1994,239
92998,92998,2009,2012,778
92999,92999,2009,2020,2868
93001,93001,2009,2019,2361
93002,93002,2009,2020,2872
93003,93003,2009,2011,544
93004,93004,2009,2020,2860
93005,93005,2009,2011,431
93006,93006,2009,2011,378
93007,93007,2009,2012,839
93009,93009,1993,1999,1684
93012,93012,2009,2020,2815
93013,93013,2009,2020,2844
93014,93014,2009,2020,2838
93015,93015,2009,2013,920
93016,93016,2009,2020,2828
93018,93018,2009,2017,1837
93019,93019,2009,2013,927
93025,93025,1993,1999,1296
93026,93026,2009,2020,2837
93030,93030,2009,2011,391
93031,93031,2009,2019,2371
93035,93035,2009,2020,2837
93037,93037,2009,2012,786
93038,93038,2009,2011,372
93039,93039,2009,2011,430
93040,93040,2009,2014,1289
93042,93042,2009,2015,1549
93043,93043,2009,2015,1448
93044,93044,2009,2014,1170
93046,93046,2009,2013,1073
93047,93047,2009,2014,1099
93048,93048,2009,2014,1153
93049,93049,2009,2012,613
93052,93052,2009,2017,1895
93053,93053,2009,2016,1808
93054,93054,2009,2020,2829
93056,93056,2009,2013,1014
93060,93060,1993,1996,726
93065,93065,2009,2020,2828
93067,93067,2009,2020,2827
93068,93068,2009,2012,749
93069,93069,2009,2020,2801
93070,93070,2009,2020,2813
93071,93071,2009,2019,2551
93072,93072,2009,2012,794
93073,93073,2009,2020,2812
93074,93074,2009,2010,273
93075,93075,2009,2011,501
93077,93077,2009,2012,633
93078,93078,2009,2017,1955
93079,93079,2009,2020,2832
93080,93080,2009,2014,1288
93081,93081,2009,2010,278
93082,93082,2009,2019,2361
93083,93083,2009,2020,2827
93085,93085,2009,2020,2828
93086,93086,2009,2011,522
93087,93087,2009,2016,1543
93088,93088,2009,2011,419
93089,93089,2009,2020,2829
93090,93090,2009,2011,411
93091,93091,2009,2015,1391
93092,93092,1993,1993,86
93093,93093,2009,2020,2795
93094,93094,2009,2020,2785
93095,93095,2009,2019,2350
93096,93096,2009,2020,2802
93097,93097,2009,2011,353
93098,93098,2009,2020,2808
93101,93101,2009,2020,2797
93104,93104,2009,2020,2794
93105,93105,1993,2010,3792
93106,93106,2009,2018,2131
93111,93111,2009,2015,1481
93113,93113,1993,1996,728
93117,93117,2009,2020,2794
93118,93118,2009,2013,910
93122,93122,2009,2020,2795
93123,93123,2009,2020,2796
93124,93124,2009,2012,792
93125,93125,2009,2012,627
93126,93126,2009,2020,2682
93127,93127,2009,2015,1520
93128,93128,2009,2020,2811
93129,93129,2009,2012,670
93130,93130,2009,2020,2786
93131,93131,2009,2020,1867
93132,93132,2009,2020,2799
93133,93133,2009,2012,609
93134,93134,2009,2020,2643
93135,93135,2009,2011,344
93136,93136,2009,2011,531
93137,93137,2009,2020,2797
93138,93138,2009,2011,464
93139,93139,2009,2011,143
93141,93141,2009,2013,983
93142,93142,2009,2020,2796
93143,93143,2009,2020,2792
93144,93144,2009,2020,2796
93145,93145,2009,2020,2793
93146,93146,2009,2020,2780
93147,93147,2009,2020,2796
93148,93148,2009,2020,2795
93149,93149,2009,2020,2805
93150,93150,2009,2020,2784
93152,93152,2009,2017,2013
93153,93153,2009,2020,2700
93159,93159,2012,2020,2072
93174,93174,2009,2020,2783
93175,93175,2009,2020,2779
93177,93177,2009,2020,2762
93178,93178,2009,2020,2785
93179,93179,2009,2020,2772
93184,93184,2009,2013,890
93185,93185,2009,2017,1796
93187,93187,2009,2020,2777
93188,93188,2009,2018,2248
93189,93189,2009,2020,2784
93190,93190,2009,2016,1489
93191,93191,2009,2018,2247
93192,93192,2009,2011,426
93193,93193,2009,2013,767
93194,93194,2010,2013,835
93195,93195,2009,2013,736
93197,93197,2010,2012,491
93198,93198,2010,2010,235
93200,93200,2010,2019,2430
93202,93202,2010,2014,1120
93205,93205,2010,2015,1444
93209,93209,2010,2015,1234
93210,93210,2010,2020,2753
93222,93222,2010,2016,1516
93223,93223,2010,2016,1511
93224,93224,2010,2015,863
93225,93225,2010,2015,1380
93226,93226,2010,2014,500
93227,93227,2010,2011,295
93228,93228,2010,2014,839
93229,93229,2010,2014,1036
93230,93230,2010,2015,1462
93231,93231,2010,2020,2708
93232,93232,2010,2014,526
93233,93233,2010,2020,2743
93234,93234,2010,2014,1237
93235,93235,2010,2014,1017
93236,93236,1993,1998,1436
93237,93237,2010,2020,2760
93238,93238,2010,2011,300
93239,93239,2010,2016,1619
93240,93240,2010,2013,817
93246,93246,2010,2020,2742
93247,93247,2010,2011,398
93249,93249,2010,2019,2466
93251,93251,2010,2020,2743
93252,93252,1993,1993,8
93261,93261,2010,2020,2743
93262,93262,2010,2020,2734
93263,93263,2010,2020,910
93264,93264,2010,2020,2748
93265,93265,2010,2013,945
93266,93266,2010,2020,2742
93267,93267,2010,2020,2744
93268,93268,2010,2020,2742
93269,93269,2010,2020,2742
93270,93270,2010,2017,1807
93271,93271,2010,2015,1330
93272,93272,2010,2020,2714
93273,93273,2010,2014,1059
93274,93274,2010,2020,2715
93285,93285,2010,2020,2717
93289,93289,2010,2020,2714
93290,93290,2010,2013,862
93295,93295,2010,2018,2096
93296,93296,2010,2020,2723
93297,93297,2010,2015,1349
93298,93298,2010,2011,394
93299,93299,2010,2020,2709
93300,93300,2010,2018,2098
93301,93301,2010,2020,2722
93302,93302,2010,2020,2713
93303,93303,2010,2020,2620
93304,93304,2010,2020,2714
93305,93305,2010,2018,2101
93306,93306,2010,2020,2712
93307,93307,2010,2015,1326
93309,93309,2010,2020,2327
93310,93310,2010,2015,1387
93311,93311,2010,2011,270
93312,93312,2010,2020,2709
93313,93313,2010,2017,1834
93314,93314,2010,2020,2698
93315,93315,2010,2015,1328
93316,93316,1993,2000,1341
93317,93317,2010,2014,988
93323,93323,2010,2013,758
93325,93325,2010,2020,2690
93329,93329,2010,2013,925
93330,93330,2010,2020,2708
93337,93337,2010,2020,2694
93338,93338,2010,2020,2564
93339,93339,2010,2020,2694
93340,93340,2010,2020,2689
93341,93341,2010,2020,2662
93342,93342,2010,2020,2523
93343,93343,2010,2020,2603
93344,93344,2010,2018,2114
93345,93345,2010,2020,2694
93346,93346,2010,2012,676
93347,93347,2010,2020,2664
93348,93348,2010,2011,159
93349,93349,2010,2012,510
93350,93350,2010,2020,2581
93351,93351,2010,2013,750
93352,93352,2010,2020,2699
93353,93353,2010,2014,1129
93354,93354,2010,2018,2170
93355,93355,2010,2013,927
93356,93356,2010,2020,2694
93357,93357,2010,2020,2694
93358,93358,2010,2012,609
93359,93359,2010,2020,2330
93360,93360,2010,2020,2696
93361,93361,2010,2020,2673
93362,93362,2010,2020,2665
93363,93363,2010,2020,2695
93364,93364,2010,2020,2663
93365,93365,2010,2020,2669
93366,93366,2010,2020,2704
93367,93367,2010,2020,2674
93368,93368,2010,2020,2431
93369,93369,2010,2020,1919
93370,93370,2010,2020,2670
93371,93371,2010,2020,2637
93372,93372,2010,2020,2685
93373,93373,2010,2020,2679
93374,93374,2010,2020,2666
93380,93380,2010,2020,2678
93381,93381,2010,2016,1557
93382,93382,2010,2015,1395
93384,93384,2010,2020,2499
93387,93387,2010,2015,1213
93389,93389,2010,2012,574
93390,93390,2010,2014,1063
93391,93391,2010,2013,845
93392,93392,2010,2014,1019
93393,93393,2010,2020,2667
93395,93395,2010,2012,440
93396,93396,2010,2018,1909
93397,93397,2010,2020,2669
93398,93398,2010,2015,1318
93399,93399,2010,2019,2149
93400,93400,2010,2016,1567
93401,93401,2010,2020,2679
93402,93402,2010,2012,665
93404,93404,2010,2014,907
93405,93405,2010,2011,194
93406,93406,2010,2019,2269
93415,93415,2010,2020,2649
93416,93416,2010,2020,2649
93418,93418,2010,2016,1545
93419,93419,2010,2020,2650
93420,93420,2010,2020,2598
93422,93422,2010,2020,2645
93423,93423,2010,2020,2653
93426,93426,2010,2020,2642
93427,93427,2010,2020,2649
93428,93428,2010,2018,1922
93430,93430,2010,2012,438
93431,93431,2010,2014,942
93432,93432,2010,2011,248
93433,93433,2010,2016,1642
93434,93434,2010,2020,2650
93435,93435,2010,2012,489
93436,93436,2010,2020,2647
